ISO-10303-21;
HEADER;
FILE_DESCRIPTION (( 'STEP AP214' ),
    '1' );
FILE_NAME ('Cooling housing v3.2.STEP',
    '2026-09-06T14:56:22',
    ( '' ),
    ( '' ),
    'SwSTEP 2.0',
    'SolidWorks 2024',
    '' );
FILE_SCHEMA (( 'AUTOMOTIVE_DESIGN' ));
ENDSEC;

DATA;
#1 = CYLINDRICAL_SURFACE ( 'NONE', #285, 0.7500000000000006661 ) ;
#2 = PLANE ( 'NONE',  #92 ) ;
#3 = CARTESIAN_POINT ( 'NONE',  ( 1.499999999968117725, 5.301476886538514677, 8.112490369799871814 ) ) ;
#4 = ORIENTED_EDGE ( 'NONE', *, *, #683, .T. ) ;
#5 = DIRECTION ( 'NONE',  ( -0.7071067811865479058, 0.000000000000000000, -0.7071067811865471286 ) ) ;
#6 = VECTOR ( 'NONE', #317, 1000.000000000000000 ) ;
#7 = ORIENTED_EDGE ( 'NONE', *, *, #1758, .F. ) ;
#8 = ADVANCED_FACE ( 'NONE', ( #1475 ), #1308, .T. ) ;
#9 = CARTESIAN_POINT ( 'NONE',  ( -8.266500000000000625, 68.50000000000000000, 0.000000000000000000 ) ) ;
#10 = CARTESIAN_POINT ( 'NONE',  ( 0.000000000000000000, 62.50000000000000000, 0.000000000000000000 ) ) ;
#11 = CARTESIAN_POINT ( 'NONE',  ( -3.889087296500000068, 12.99999999624700209, -3.889087296500000068 ) ) ;
#12 = AXIS2_PLACEMENT_3D ( 'NONE', #1764, #2061, #455 ) ;
#13 = SURFACE_SIDE_STYLE ('',( #517 ) ) ;
#14 = CARTESIAN_POINT ( 'NONE',  ( -5.499999998944802293, 13.00000000000000178, -2.337868390500000171 ) ) ;
#15 = ORIENTED_EDGE ( 'NONE', *, *, #1449, .F. ) ;
#16 = CARTESIAN_POINT ( 'NONE',  ( 1.500000000000000000, 37.75000000000000000, -8.112490370000001505 ) ) ;
#17 = EDGE_LOOP ( 'NONE', ( #1694, #1815, #85, #2117 ) ) ;
#18 = AXIS2_PLACEMENT_3D ( 'NONE', #1685, #853, #1509 ) ;
#19 = ORIENTED_EDGE ( 'NONE', *, *, #392, .T. ) ;
#20 = PLANE ( 'NONE',  #999 ) ;
#21 = DIRECTION ( 'NONE',  ( -0.7071067813779355893, -0.000000000000000000, -0.7071067809951595562 ) ) ;
#22 = PRESENTATION_STYLE_ASSIGNMENT (( #679 ) ) ;
#23 = DIRECTION ( 'NONE',  ( -0.7071067811865474617, -0.000000000000000000, -0.7071067811865474617 ) ) ;
#24 = ADVANCED_FACE ( 'NONE', ( #522 ), #1965, .T. ) ;
#25 = DIRECTION ( 'NONE',  ( -0.000000000000000000, 1.000000000000000000, -0.000000000000000000 ) ) ;
#26 = EDGE_LOOP ( 'NONE', ( #1518, #1512, #1001, #795 ) ) ;
#27 = ORIENTED_EDGE ( 'NONE', *, *, #1469, .F. ) ;
#28 = ORIENTED_EDGE ( 'NONE', *, *, #1970, .F. ) ;
#29 = VECTOR ( 'NONE', #1996, 999.9999999999998863 ) ;
#30 = DIRECTION ( 'NONE',  ( 0.7071067813779355893, -0.000000000000000000, -0.7071067809951595562 ) ) ;
#31 = CARTESIAN_POINT ( 'NONE',  ( 0.000000000000000000, 80.00000000000000000, 10.00000000000000000 ) ) ;
#32 = CARTESIAN_POINT ( 'NONE',  ( 0.000000000000000000, 62.50000000000000000, -5.500000000000000000 ) ) ;
#33 = AXIS2_PLACEMENT_3D ( 'NONE', #765, #123, #1574 ) ;
#34 = EDGE_CURVE ( 'NONE', #135, #959, #1974, .T. ) ;
#35 = CARTESIAN_POINT ( 'NONE',  ( 4.949747468000000872, 62.49999999999997158, 2.828427124999999709 ) ) ;
#36 = DIRECTION ( 'NONE',  ( -1.000000000000000000, 0.000000000000000000, 0.000000000000000000 ) ) ;
#37 = DIRECTION ( 'NONE',  ( 0.7071067811865475727, 0.000000000000000000, -0.7071067811865475727 ) ) ;
#38 = CARTESIAN_POINT ( 'NONE',  ( 0.000000000000000000, 62.50000000000000000, 0.000000000000000000 ) ) ;
#39 = ORIENTED_EDGE ( 'NONE', *, *, #439, .T. ) ;
#40 = AXIS2_PLACEMENT_3D ( 'NONE', #1761, #776, #1557 ) ;
#41 = EDGE_LOOP ( 'NONE', ( #738, #1385, #331, #591 ) ) ;
#42 = PLANE ( 'NONE',  #574 ) ;
#43 = DIRECTION ( 'NONE',  ( -0.7071067811865475727, 0.000000000000000000, -0.7071067811865475727 ) ) ;
#44 = CARTESIAN_POINT ( 'NONE',  ( 1.500000000000000000, 3.649000000000000021, 5.500000000000000000 ) ) ;
#45 = CARTESIAN_POINT ( 'NONE',  ( -1.500000000000000000, 5.500000000000000000, -6.806245185000000752 ) ) ;
#46 = ORIENTED_EDGE ( 'NONE', *, *, #1281, .T. ) ;
#47 = ORIENTED_EDGE ( 'NONE', *, *, #1469, .T. ) ;
#48 = ORIENTED_EDGE ( 'NONE', *, *, #1316, .T. ) ;
#49 = CARTESIAN_POINT ( 'NONE',  ( -0.9913354289987805767, 4.370056043722121863, -8.190518696527714582 ) ) ;
#50 = EDGE_CURVE ( 'NONE', #1575, #649, #1797, .T. ) ;
#51 = CARTESIAN_POINT ( 'NONE',  ( 6.797057124265155181, 68.69852311434959802, -4.675736781457692892 ) ) ;
#52 = ORIENTED_EDGE ( 'NONE', *, *, #278, .T. ) ;
#53 = AXIS2_PLACEMENT_3D ( 'NONE', #735, #428, #1379 ) ;
#54 = LINE ( 'NONE', #2019, #1184 ) ;
#55 = MECHANICAL_DESIGN_GEOMETRIC_PRESENTATION_REPRESENTATION (  '', ( #1791 ), #1825 ) ;
#56 = DIRECTION ( 'NONE',  ( 1.000000000000000000, 0.000000000000000000, 0.000000000000000000 ) ) ;
#57 = VERTEX_POINT ( 'NONE', #993 ) ;
#58 = ORIENTED_EDGE ( 'NONE', *, *, #816, .T. ) ;
#59 = EDGE_CURVE ( 'NONE', #839, #500, #749, .T. ) ;
#60 = LINE ( 'NONE', #400, #1415 ) ;
#61 = DIRECTION ( 'NONE',  ( -0.7071067811865474617, -0.000000000000000000, 0.7071067811865474617 ) ) ;
#62 = CARTESIAN_POINT ( 'NONE',  ( 6.166203380228290065, 69.92315047578549070, -5.481670290520462174 ) ) ;
#63 = EDGE_LOOP ( 'NONE', ( #1705, #2010, #2023, #981 ) ) ;
#64 = VECTOR ( 'NONE', #1078, 1000.000000000000000 ) ;
#65 = FACE_OUTER_BOUND ( 'NONE', #1404, .T. ) ;
#66 = DIRECTION ( 'NONE',  ( -0.7071067809951595562, 0.000000000000000000, -0.7071067813779355893 ) ) ;
#67 = LINE ( 'NONE', #1682, #1977 ) ;
#68 = ORIENTED_EDGE ( 'NONE', *, *, #1936, .T. ) ;
#69 = VERTEX_POINT ( 'NONE', #838 ) ;
#70 = DIRECTION ( 'NONE',  ( 0.000000000000000000, 0.000000000000000000, -1.000000000000000000 ) ) ;
#71 = APPLICATION_PROTOCOL_DEFINITION ( 'draft international standard', 'automotive_design', 1998, #2069 ) ;
#72 = EDGE_CURVE ( 'NONE', #1452, #243, #533, .T. ) ;
#73 = UNCERTAINTY_MEASURE_WITH_UNIT (LENGTH_MEASURE( 1.000000000000000082E-05 ), #1149, 'distance_accuracy_value', 'NONE');
#74 = VECTOR ( 'NONE', #1962, 1000.000000000000000 ) ;
#75 = LINE ( 'NONE', #248, #843 ) ;
#76 = VERTEX_POINT ( 'NONE', #745 ) ;
#77 = DIRECTION ( 'NONE',  ( 0.000000000000000000, -5.046468293750711404E-15, 1.000000000000000000 ) ) ;
#78 = CARTESIAN_POINT ( 'NONE',  ( -4.703791202000000560, 62.50000000000000000, 8.137830787999998705 ) ) ;
#79 = CARTESIAN_POINT ( 'NONE',  ( 0.000000000000000000, 0.9171443819999958169, 0.000000000000000000 ) ) ;
#80 = VECTOR ( 'NONE', #1325, 1000.000000000000000 ) ;
#81 = ORIENTED_EDGE ( 'NONE', *, *, #570, .F. ) ;
#82 = CIRCLE ( 'NONE', #1004, 5.500000000000000000 ) ;
#83 = ORIENTED_EDGE ( 'NONE', *, *, #778, .F. ) ;
#84 = CARTESIAN_POINT ( 'NONE',  ( 6.341089943301317255, 69.80182769986063818, -5.278236027712909895 ) ) ;
#85 = ORIENTED_EDGE ( 'NONE', *, *, #911, .F. ) ;
#86 = DIRECTION ( 'NONE',  ( 1.000000000000000000, 0.000000000000000000, 0.000000000000000000 ) ) ;
#87 = EDGE_CURVE ( 'NONE', #1984, #1237, #1692, .T. ) ;
#88 = CARTESIAN_POINT ( 'NONE',  ( 4.675736782271243897, 32.50000000000000000, 6.797057123705505965 ) ) ;
#89 = LINE ( 'NONE', #1357, #1369 ) ;
#90 = CARTESIAN_POINT ( 'NONE',  ( -3.889087296500000068, 13.00000000000000178, 3.889087296500000068 ) ) ;
#91 = VERTEX_POINT ( 'NONE', #1370 ) ;
#92 = AXIS2_PLACEMENT_3D ( 'NONE', #732, #721, #1062 ) ;
#93 = ORIENTED_EDGE ( 'NONE', *, *, #343, .F. ) ;
#94 = FACE_OUTER_BOUND ( 'NONE', #1298, .T. ) ;
#95 = EDGE_LOOP ( 'NONE', ( #469, #244, #927, #1372, #1352, #1077 ) ) ;
#96 = CARTESIAN_POINT ( 'NONE',  ( -8.112490370000001505, 13.00000000000000178, 1.500000000000000000 ) ) ;
#97 = CARTESIAN_POINT ( 'NONE',  ( 8.112490369509757215, 68.59926364250611641, -1.499999999613885304 ) ) ;
#98 = PLANE ( 'NONE',  #1846 ) ;
#99 = EDGE_CURVE ( 'NONE', #699, #340, #2044, .T. ) ;
#100 = EDGE_CURVE ( 'NONE', #2013, #2013, #2053, .T. ) ;
#101 = AXIS2_PLACEMENT_3D ( 'NONE', #106, #1550, #282 ) ;
#102 = DIRECTION ( 'NONE',  ( 0.7071067813779355893, 0.000000000000000000, 0.7071067809951595562 ) ) ;
#103 = ORIENTED_EDGE ( 'NONE', *, *, #942, .F. ) ;
#104 = ORIENTED_EDGE ( 'NONE', *, *, #2066, .T. ) ;
#105 = LINE ( 'NONE', #1751, #1675 ) ;
#106 = CARTESIAN_POINT ( 'NONE',  ( 0.000000000000000000, 62.50000000000000000, 0.000000000000000000 ) ) ;
#107 = AXIS2_PLACEMENT_3D ( 'NONE', #578, #66, #1737 ) ;
#108 = CARTESIAN_POINT ( 'NONE',  ( 6.797057122746497093, 43.62500000000000000, -4.675736783665341179 ) ) ;
#109 = DIRECTION ( 'NONE',  ( 0.000000000000000000, 0.000000000000000000, -1.000000000000000000 ) ) ;
#110 = CARTESIAN_POINT ( 'NONE',  ( 0.000000000000000000, 62.50000000000000000, 0.000000000000000000 ) ) ;
#111 = ORIENTED_EDGE ( 'NONE', *, *, #195, .T. ) ;
#112 = DIRECTION ( 'NONE',  ( 0.000000000000000000, 0.000000000000000000, -1.000000000000000000 ) ) ;
#113 = ORIENTED_EDGE ( 'NONE', *, *, #1027, .T. ) ;
#114 = VECTOR ( 'NONE', #1460, 1000.000000000000114 ) ;
#115 = CARTESIAN_POINT ( 'NONE',  ( 0.000000000000000000, 62.50000000000000000, 0.000000000000000000 ) ) ;
#116 = EDGE_CURVE ( 'NONE', #608, #1234, #1046, .T. ) ;
#117 = CARTESIAN_POINT ( 'NONE',  ( -6.883250000000000313, 68.49999999938469841, 1.500000000000000000 ) ) ;
#118 = CARTESIAN_POINT ( 'NONE',  ( -5.693254457337197039, 4.000000000241296760, -5.974007432280546759 ) ) ;
#119 = AXIS2_PLACEMENT_3D ( 'NONE', #1224, #1049, #1040 ) ;
#120 = CARTESIAN_POINT ( 'NONE',  ( -4.675736780117105695, 62.50000000000000000, -6.797057125187350834 ) ) ;
#121 = DIRECTION ( 'NONE',  ( 1.000000000000000000, -0.000000000000000000, 0.000000000000000000 ) ) ;
#122 = ORIENTED_EDGE ( 'NONE', *, *, #1695, .F. ) ;
#123 = DIRECTION ( 'NONE',  ( 0.000000000000000000, 1.000000000000000000, 0.000000000000000000 ) ) ;
#124 = ORIENTED_EDGE ( 'NONE', *, *, #1036, .F. ) ;
#125 = EDGE_CURVE ( 'NONE', #1821, #1821, #954, .T. ) ;
#126 = EDGE_CURVE ( 'NONE', #1056, #1486, #599, .T. ) ;
#127 = DIRECTION ( 'NONE',  ( 0.000000000000000000, 0.000000000000000000, 1.000000000000000000 ) ) ;
#128 = DIRECTION ( 'NONE',  ( 0.000000000000000000, 0.000000000000000000, 1.000000000000000000 ) ) ;
#129 = LINE ( 'NONE', #108, #979 ) ;
#130 = CYLINDRICAL_SURFACE ( 'NONE', #344, 5.500000000000000000 ) ;
#131 = AXIS2_PLACEMENT_3D ( 'NONE', #1516, #737, #56 ) ;
#132 = DIRECTION ( 'NONE',  ( -0.000000000000000000, 1.000000000000000000, -0.000000000000000000 ) ) ;
#133 = CARTESIAN_POINT ( 'NONE',  ( -1.128068856834321378E-09, 4.000000000000000000, 5.500000000000000000 ) ) ;
#134 = ORIENTED_EDGE ( 'NONE', *, *, #944, .F. ) ;
#135 = VERTEX_POINT ( 'NONE', #1704 ) ;
#136 = VECTOR ( 'NONE', #1910, 1000.000000000000000 ) ;
#137 = DIRECTION ( 'NONE',  ( -0.000000000000000000, 1.000000000000000000, -0.000000000000000000 ) ) ;
#138 = LINE ( 'NONE', #1958, #1104 ) ;
#139 = CARTESIAN_POINT ( 'NONE',  ( -4.739921148848639021, 5.015969310672680592, -6.752562870990278299 ) ) ;
#140 = CIRCLE ( 'NONE', #1331, 4.000000000000000000 ) ;
#141 = AXIS2_PLACEMENT_3D ( 'NONE', #1908, #1592, #143 ) ;
#142 = LINE ( 'NONE', #1440, #629 ) ;
#143 = DIRECTION ( 'NONE',  ( 1.000000000000000000, 0.000000000000000000, 0.000000000000000000 ) ) ;
#144 = EDGE_CURVE ( 'NONE', #1396, #917, #67, .T. ) ;
#145 = EDGE_LOOP ( 'NONE', ( #1836, #592, #1556, #607 ) ) ;
#146 = ORIENTED_EDGE ( 'NONE', *, *, #1008, .T. ) ;
#147 = VECTOR ( 'NONE', #61, 1000.000000000000114 ) ;
#148 = EDGE_LOOP ( 'NONE', ( #951, #775, #1644, #1807, #1671, #1842 ) ) ;
#149 = CARTESIAN_POINT ( 'NONE',  ( -6.797057124707844622, 68.50000000000000000, 4.675736780814158777 ) ) ;
#150 = DIRECTION ( 'NONE',  ( -0.7071067811865479058, 0.000000000000000000, -0.7071067811865471286 ) ) ;
#151 = CARTESIAN_POINT ( 'NONE',  ( -8.112490369500140019, 12.99999999999999822, 1.500000001589162357 ) ) ;
#152 = CARTESIAN_POINT ( 'NONE',  ( 4.928775949918207111, 4.585634713775919913, 6.616093415114136178 ) ) ;
#153 = VERTEX_POINT ( 'NONE', #1401 ) ;
#154 = ORIENTED_EDGE ( 'NONE', *, *, #2066, .F. ) ;
#155 = ORIENTED_EDGE ( 'NONE', *, *, #1324, .F. ) ;
#156 = VECTOR ( 'NONE', #1205, 1000.000000000000000 ) ;
#157 = DIRECTION ( 'NONE',  ( 1.000000000000000000, -5.782411586589351722E-16, 0.000000000000000000 ) ) ;
#158 = CYLINDRICAL_SURFACE ( 'NONE', #930, 1.499999999604274104 ) ;
#159 = DIRECTION ( 'NONE',  ( 0.7071067813779355893, -0.000000000000000000, 0.7071067809951595562 ) ) ;
#160 =( NAMED_UNIT ( * ) SI_UNIT ( $, .STERADIAN. ) SOLID_ANGLE_UNIT ( ) );
#161 = ADVANCED_FACE ( 'NONE', ( #221 ), #726, .T. ) ;
#162 = ORIENTED_EDGE ( 'NONE', *, *, #1936, .F. ) ;
#163 = CARTESIAN_POINT ( 'NONE',  ( -1.419319207617387927E-15, 4.000000000000000000, 0.000000000000000000 ) ) ;
#164 = EDGE_CURVE ( 'NONE', #236, #236, #1057, .T. ) ;
#165 = ORIENTED_EDGE ( 'NONE', *, *, #1266, .F. ) ;
#166 = CIRCLE ( 'NONE', #1741, 1.500000000000001332 ) ;
#167 = CARTESIAN_POINT ( 'NONE',  ( 0.000000000000000000, 12.99999999624700209, -5.500000000000000000 ) ) ;
#168 = DIRECTION ( 'NONE',  ( -0.7071067809951595562, 0.000000000000000000, 0.7071067813779355893 ) ) ;
#169 = PLANE ( 'NONE',  #2036 ) ;
#170 = CARTESIAN_POINT ( 'NONE',  ( -1.499999998655290545, 62.50000000000000000, -6.000788832999999656 ) ) ;
#171 = EDGE_CURVE ( 'NONE', #1700, #1084, #1880, .T. ) ;
#172 = DIRECTION ( 'NONE',  ( -0.7071067786213877104, 0.000000000000000000, 0.7071067837517073240 ) ) ;
#173 = VERTEX_POINT ( 'NONE', #1208 ) ;
#174 = DIRECTION ( 'NONE',  ( 0.7071067813779355893, -0.000000000000000000, 0.7071067809951595562 ) ) ;
#175 = AXIS2_PLACEMENT_3D ( 'NONE', #692, #1182, #989 ) ;
#176 = ORIENTED_EDGE ( 'NONE', *, *, #1392, .T. ) ;
#177 = ORIENTED_EDGE ( 'NONE', *, *, #768, .T. ) ;
#178 = EDGE_CURVE ( 'NONE', #192, #1891, #1230, .T. ) ;
#179 = VECTOR ( 'NONE', #1146, 1000.000000000000000 ) ;
#180 = ORIENTED_EDGE ( 'NONE', *, *, #1156, .T. ) ;
#181 = DIRECTION ( 'NONE',  ( 0.000000000000000000, 1.000000000000000000, 0.000000000000000000 ) ) ;
#182 = CARTESIAN_POINT ( 'NONE',  ( 4.949747468000000872, 40.75000000000000000, -2.828427124999999709 ) ) ;
#183 = ADVANCED_FACE ( 'NONE', ( #1717 ), #255, .F. ) ;
#184 = CYLINDRICAL_SURFACE ( 'NONE', #566, 4.000000000000000000 ) ;
#185 = AXIS2_PLACEMENT_3D ( 'NONE', #1009, #1959, #1157 ) ;
#186 = CARTESIAN_POINT ( 'NONE',  ( 0.000000000000000000, 4.000000000000003553, 0.000000000000000000 ) ) ;
#187 = FACE_OUTER_BOUND ( 'NONE', #2119, .T. ) ;
#188 = CARTESIAN_POINT ( 'NONE',  ( 0.000000000000000000, 62.50000000000000000, 0.000000000000000000 ) ) ;
#189 = DIRECTION ( 'NONE',  ( 0.000000000000000000, -1.000000000000000000, 0.000000000000000000 ) ) ;
#190 = VERTEX_POINT ( 'NONE', #1852 ) ;
#191 = AXIS2_PLACEMENT_3D ( 'NONE', #1844, #214, #203 ) ;
#192 = VERTEX_POINT ( 'NONE', #1553 ) ;
#193 = DIRECTION ( 'NONE',  ( 0.000000000000000000, 0.000000000000000000, 1.000000000000000000 ) ) ;
#194 = ADVANCED_FACE ( 'NONE', ( #1241 ), #1082, .F. ) ;
#195 = EDGE_CURVE ( 'NONE', #1056, #1956, #1721, .T. ) ;
#196 = AXIS2_PLACEMENT_3D ( 'NONE', #205, #1051, #1386 ) ;
#197 = DIRECTION ( 'NONE',  ( 0.7071067837517076571, 0.000000000000000000, 0.7071067786213872663 ) ) ;
#198 = CARTESIAN_POINT ( 'NONE',  ( 1.310073860838816051, 4.743818193741702771, 8.145672898498398595 ) ) ;
#199 = LINE ( 'NONE', #694, #720 ) ;
#200 = EDGE_LOOP ( 'NONE', ( #1534, #104, #1559, #443, #601, #292, #1549 ) ) ;
#201 = VERTEX_POINT ( 'NONE', #1129 ) ;
#202 = ORIENTED_EDGE ( 'NONE', *, *, #665, .F. ) ;
#203 = DIRECTION ( 'NONE',  ( 0.000000000000000000, 0.000000000000000000, -1.000000000000000000 ) ) ;
#204 = VERTEX_POINT ( 'NONE', #1488 ) ;
#205 = CARTESIAN_POINT ( 'NONE',  ( 0.000000000000000000, 0.2038614070000000222, 0.000000000000000000 ) ) ;
#206 = CARTESIAN_POINT ( 'NONE',  ( 8.112490370000001505, 37.75000000000000000, 1.500000000000000000 ) ) ;
#207 = DIRECTION ( 'NONE',  ( -1.000000000000000000, -0.000000000000000000, -0.000000000000000000 ) ) ;
#208 = DIRECTION ( 'NONE',  ( 0.000000000000000000, 6.465787501368099529E-15, 1.000000000000000000 ) ) ;
#209 = ORIENTED_EDGE ( 'NONE', *, *, #874, .T. ) ;
#210 = EDGE_CURVE ( 'NONE', #420, #1462, #142, .T. ) ;
#211 = ORIENTED_EDGE ( 'NONE', *, *, #1708, .F. ) ;
#212 = AXIS2_PLACEMENT_3D ( 'NONE', #1425, #137, #609 ) ;
#213 = ORIENTED_EDGE ( 'NONE', *, *, #326, .F. ) ;
#214 = DIRECTION ( 'NONE',  ( 0.000000000000000000, -1.000000000000000000, 0.000000000000000000 ) ) ;
#215 = CARTESIAN_POINT ( 'NONE',  ( 0.000000000000000000, 79.00000000000000000, 4.000000000000000000 ) ) ;
#216 = DIRECTION ( 'NONE',  ( -0.7071067809951595562, -0.000000000000000000, 0.7071067813779355893 ) ) ;
#217 = ORIENTED_EDGE ( 'NONE', *, *, #421, .T. ) ;
#218 = CARTESIAN_POINT ( 'NONE',  ( 8.199378042418381085, 69.69834493946048326, -0.9230632210006497473 ) ) ;
#219 = CARTESIAN_POINT ( 'NONE',  ( 0.9913354279883126452, 4.370056042829777887, 8.190518696650920916 ) ) ;
#220 = EDGE_CURVE ( 'NONE', #356, #1719, #2063, .T. ) ;
#221 = FACE_OUTER_BOUND ( 'NONE', #1329, .T. ) ;
#222 = ORIENTED_EDGE ( 'NONE', *, *, #1266, .T. ) ;
#223 = EDGE_LOOP ( 'NONE', ( #2056, #851, #1606, #872 ) ) ;
#224 = CARTESIAN_POINT ( 'NONE',  ( -0.6655113284973035448, 4.152133268833039459, -8.223616477676875647 ) ) ;
#225 = VERTEX_POINT ( 'NONE', #1531 ) ;
#226 = CIRCLE ( 'NONE', #191, 8.250000000000000000 ) ;
#227 = FACE_OUTER_BOUND ( 'NONE', #541, .T. ) ;
#228 = ORIENTED_EDGE ( 'NONE', *, *, #474, .F. ) ;
#229 = CARTESIAN_POINT ( 'NONE',  ( 8.163455415806897264, 69.41436528579424703, -1.193113622473360280 ) ) ;
#230 = DIRECTION ( 'NONE',  ( 0.000000000000000000, 0.000000000000000000, 1.000000000000000000 ) ) ;
#231 = DIRECTION ( 'NONE',  ( -0.7071067811865474617, 0.000000000000000000, -0.7071067811865474617 ) ) ;
#232 = ADVANCED_FACE ( 'NONE', ( #1267 ), #623, .F. ) ;
#233 = ORIENTED_EDGE ( 'NONE', *, *, #733, .F. ) ;
#234 = VERTEX_POINT ( 'NONE', #1738 ) ;
#235 = CARTESIAN_POINT ( 'NONE',  ( -0.02805442100000000646, 62.50000000000000000, 8.137830787999998705 ) ) ;
#236 = VERTEX_POINT ( 'NONE', #31 ) ;
#237 = CARTESIAN_POINT ( 'NONE',  ( 9.672145767247075578E-32, 13.00000000000000178, 0.000000000000000000 ) ) ;
#238 = EDGE_LOOP ( 'NONE', ( #1661, #39, #1366, #366, #1185, #658, #673 ) ) ;
#239 = AXIS2_PLACEMENT_3D ( 'NONE', #545, #1317, #208 ) ;
#240 = FACE_OUTER_BOUND ( 'NONE', #1083, .T. ) ;
#241 = DIRECTION ( 'NONE',  ( -0.000000000000000000, -0.000000000000000000, -1.000000000000000000 ) ) ;
#242 = DIRECTION ( 'NONE',  ( 0.000000000000000000, 1.057097118173366823E-15, -1.000000000000000000 ) ) ;
#243 = VERTEX_POINT ( 'NONE', #276 ) ;
#244 = ORIENTED_EDGE ( 'NONE', *, *, #259, .F. ) ;
#245 = LINE ( 'NONE', #1665, #1587 ) ;
#246 = ADVANCED_FACE ( 'NONE', ( #925 ), #1572, .F. ) ;
#247 = CIRCLE ( 'NONE', #2094, 1.500000000000000000 ) ;
#248 = CARTESIAN_POINT ( 'NONE',  ( 1.499999998655291877, 13.00000000000000178, -6.000788832999999656 ) ) ;
#249 = VERTEX_POINT ( 'NONE', #307 ) ;
#250 = CARTESIAN_POINT ( 'NONE',  ( -5.918132729999999952, 70.00000000000000000, 8.299500000000000099 ) ) ;
#251 = ADVANCED_FACE ( 'NONE', ( #762 ), #2071, .F. ) ;
#252 = CIRCLE ( 'NONE', #427, 5.500000000000000000 ) ;
#253 = FACE_OUTER_BOUND ( 'NONE', #564, .T. ) ;
#254 = CARTESIAN_POINT ( 'NONE',  ( -8.137830787999998705, 13.00000000000000178, -4.703791202000000560 ) ) ;
#255 = CYLINDRICAL_SURFACE ( 'NONE', #431, 1.499999999604274104 ) ;
#256 = AXIS2_PLACEMENT_3D ( 'NONE', #2082, #614, #1920 ) ;
#257 = ORIENTED_EDGE ( 'NONE', *, *, #421, .F. ) ;
#258 = ORIENTED_EDGE ( 'NONE', *, *, #535, .T. ) ;
#259 = EDGE_CURVE ( 'NONE', #329, #384, #1617, .T. ) ;
#260 = DIRECTION ( 'NONE',  ( 0.000000000000000000, 0.000000000000000000, -1.000000000000000000 ) ) ;
#261 = EDGE_CURVE ( 'NONE', #1688, #941, #1746, .T. ) ;
#262 = ORIENTED_EDGE ( 'NONE', *, *, #942, .T. ) ;
#263 = DIRECTION ( 'NONE',  ( -1.000000000000000000, -0.000000000000000000, -0.000000000000000000 ) ) ;
#264 = CARTESIAN_POINT ( 'NONE',  ( 0.000000000000000000, 74.25000000000004263, 0.000000000000000000 ) ) ;
#265 = FACE_OUTER_BOUND ( 'NONE', #17, .T. ) ;
#266 = AXIS2_PLACEMENT_3D ( 'NONE', #1725, #2052, #1356 ) ;
#267 = DIRECTION ( 'NONE',  ( -1.000000000000000000, 0.000000000000000000, 0.000000000000000000 ) ) ;
#268 = VERTEX_POINT ( 'NONE', #120 ) ;
#269 = AXIS2_PLACEMENT_3D ( 'NONE', #1881, #1225, #585 ) ;
#270 = ORIENTED_EDGE ( 'NONE', *, *, #474, .T. ) ;
#271 = DIRECTION ( 'NONE',  ( 0.000000000000000000, 0.000000000000000000, 1.000000000000000000 ) ) ;
#272 = DIRECTION ( 'NONE',  ( -0.000000000000000000, -1.000000000000000000, -0.000000000000000000 ) ) ;
#273 = FACE_OUTER_BOUND ( 'NONE', #1414, .T. ) ;
#274 = ADVANCED_FACE ( 'NONE', ( #1765 ), #1420, .T. ) ;
#275 = VECTOR ( 'NONE', #859, 1000.000000000000000 ) ;
#276 = CARTESIAN_POINT ( 'NONE',  ( 2.828427125000000153, 5.499999999865307743, 4.949747468000000872 ) ) ;
#277 = EDGE_LOOP ( 'NONE', ( #301, #1058, #636, #1134 ) ) ;
#278 = EDGE_CURVE ( 'NONE', #69, #558, #458, .T. ) ;
#279 = ORIENTED_EDGE ( 'NONE', *, *, #1744, .F. ) ;
#280 = APPLICATION_CONTEXT ( 'automotive_design' ) ;
#281 = CARTESIAN_POINT ( 'NONE',  ( -3.889087296082861300, 12.99999999812350282, -3.889087296930145321 ) ) ;
#282 = DIRECTION ( 'NONE',  ( 1.776356839400250465E-15, 0.000000000000000000, 1.000000000000000000 ) ) ;
#283 = CIRCLE ( 'NONE', #728, 8.250000000000000000 ) ;
#284 = CARTESIAN_POINT ( 'NONE',  ( 0.000000000000000000, 5.500000000000000000, -5.500000000000000000 ) ) ;
#285 = AXIS2_PLACEMENT_3D ( 'NONE', #832, #334, #652 ) ;
#286 = CARTESIAN_POINT ( 'NONE',  ( -3.889087295678727241, 8.500000000000000000, -3.889087297373295726 ) ) ;
#287 = EDGE_CURVE ( 'NONE', #959, #57, #1003, .T. ) ;
#288 = CARTESIAN_POINT ( 'NONE',  ( 3.889087296500000068, 13.00000000000000178, -3.889087296500000068 ) ) ;
#289 = VERTEX_POINT ( 'NONE', #948 ) ;
#290 = DIRECTION ( 'NONE',  ( -0.000000000000000000, -0.000000000000000000, 1.000000000000000000 ) ) ;
#291 = EDGE_CURVE ( 'NONE', #709, #1508, #1117, .T. ) ;
#292 = ORIENTED_EDGE ( 'NONE', *, *, #1314, .F. ) ;
#293 = AXIS2_PLACEMENT_3D ( 'NONE', #1419, #296, #2080 ) ;
#294 = LINE ( 'NONE', #444, #1137 ) ;
#295 = CARTESIAN_POINT ( 'NONE',  ( -3.061467458999999725, 79.00000000000000000, -7.391036259999999025 ) ) ;
#296 = DIRECTION ( 'NONE',  ( 0.000000000000000000, -1.000000000000000000, 0.000000000000000000 ) ) ;
#297 = DIRECTION ( 'NONE',  ( -0.7071067811865481278, -0.000000000000000000, 0.7071067811865470176 ) ) ;
#298 = CYLINDRICAL_SURFACE ( 'NONE', #788, 1.499999999604271883 ) ;
#299 = EDGE_LOOP ( 'NONE', ( #414 ) ) ;
#300 = CARTESIAN_POINT ( 'NONE',  ( -3.889087296537814709, 62.50000000000000000, -3.889087296488195733 ) ) ;
#301 = ORIENTED_EDGE ( 'NONE', *, *, #1678, .T. ) ;
#302 = DIRECTION ( 'NONE',  ( 0.000000000000000000, 1.000000000000000000, 0.000000000000000000 ) ) ;
#303 = LINE ( 'NONE', #1789, #1750 ) ;
#304 = EDGE_CURVE ( 'NONE', #313, #1564, #1428, .T. ) ;
#305 = CARTESIAN_POINT ( 'NONE',  ( -3.889087296499999624, 62.49999999999998579, 3.889087296499999624 ) ) ;
#306 = AXIS2_PLACEMENT_3D ( 'NONE', #79, #879, #242 ) ;
#307 = CARTESIAN_POINT ( 'NONE',  ( -4.522799607360609204E-10, 4.000000000000001776, -8.250000000000000000 ) ) ;
#308 = ORIENTED_EDGE ( 'NONE', *, *, #446, .F. ) ;
#309 = LINE ( 'NONE', #626, #1527 ) ;
#310 = ORIENTED_EDGE ( 'NONE', *, *, #126, .F. ) ;
#311 = LINE ( 'NONE', #651, #422 ) ;
#312 = CARTESIAN_POINT ( 'NONE',  ( 3.889087296880527234, 62.49999999961300290, -3.889087296132478944 ) ) ;
#313 = VERTEX_POINT ( 'NONE', #988 ) ;
#314 = CYLINDRICAL_SURFACE ( 'NONE', #293, 8.250000000000000000 ) ;
#315 = VECTOR ( 'NONE', #984, 1000.000000000000000 ) ;
#316 = CARTESIAN_POINT ( 'NONE',  ( 4.802219243777747337, 4.834504679909440661, 6.708401311689238256 ) ) ;
#317 = DIRECTION ( 'NONE',  ( 0.000000000000000000, 1.000000000000000000, 0.000000000000000000 ) ) ;
#318 = ORIENTED_EDGE ( 'NONE', *, *, #1632, .F. ) ;
#319 = LINE ( 'NONE', #637, #1947 ) ;
#320 = EDGE_LOOP ( 'NONE', ( #1455, #1430, #1998, #211 ) ) ;
#321 = ORIENTED_EDGE ( 'NONE', *, *, #1245, .F. ) ;
#322 = FACE_OUTER_BOUND ( 'NONE', #223, .T. ) ;
#323 = CARTESIAN_POINT ( 'NONE',  ( -3.752081953000000247, 62.50000000000000000, -5.873402296500000119 ) ) ;
#324 = EDGE_CURVE ( 'NONE', #1925, #1711, #1823, .T. ) ;
#325 = CYLINDRICAL_SURFACE ( 'NONE', #1288, 8.250000000000000000 ) ;
#326 = EDGE_CURVE ( 'NONE', #1259, #1396, #1960, .T. ) ;
#327 =( NAMED_UNIT ( * ) PLANE_ANGLE_UNIT ( ) SI_UNIT ( $, .RADIAN. ) );
#328 = CARTESIAN_POINT ( 'NONE',  ( 3.863746878000000162, 13.00000000000000178, -4.703791202000000560 ) ) ;
#329 = VERTEX_POINT ( 'NONE', #978 ) ;
#330 = CARTESIAN_POINT ( 'NONE',  ( -5.500000000000000000, 62.49999999961300290, -1.057896942284538077E-09 ) ) ;
#331 = ORIENTED_EDGE ( 'NONE', *, *, #1532, .T. ) ;
#332 = CIRCLE ( 'NONE', #1284, 8.250000000000000000 ) ;
#333 = CARTESIAN_POINT ( 'NONE',  ( -6.774167629613050856, 68.89569949777241220, 4.709451498431780792 ) ) ;
#334 = DIRECTION ( 'NONE',  ( 0.000000000000000000, 1.000000000000000000, 0.000000000000000000 ) ) ;
#335 = EDGE_CURVE ( 'NONE', #384, #1452, #1668, .T. ) ;
#336 = CARTESIAN_POINT ( 'NONE',  ( 0.000000000000000000, 62.50000000000000000, 0.000000000000000000 ) ) ;
#337 = CARTESIAN_POINT ( 'NONE',  ( 3.889087295740148775, 62.50000000000000000, 3.889087297285861222 ) ) ;
#338 = DIRECTION ( 'NONE',  ( -1.000000000000000000, 0.000000000000000000, 0.000000000000000000 ) ) ;
#339 = EDGE_CURVE ( 'NONE', #722, #1984, #1310, .T. ) ;
#340 = VERTEX_POINT ( 'NONE', #691 ) ;
#341 = DIRECTION ( 'NONE',  ( 0.000000000000000000, 1.000000000000000000, 0.000000000000000000 ) ) ;
#342 = ORIENTED_EDGE ( 'NONE', *, *, #808, .T. ) ;
#343 = EDGE_CURVE ( 'NONE', #1191, #962, #1334, .T. ) ;
#344 = AXIS2_PLACEMENT_3D ( 'NONE', #1931, #466, #1453 ) ;
#345 = CARTESIAN_POINT ( 'NONE',  ( 0.000000000000000000, 78.99999999999995737, 0.000000000000000000 ) ) ;
#346 = DIRECTION ( 'NONE',  ( 0.000000000000000000, 0.000000000000000000, -1.000000000000000000 ) ) ;
#347 = CARTESIAN_POINT ( 'NONE',  ( -6.797057125000000255, 13.00000000000000178, -4.675736781000000342 ) ) ;
#348 = LINE ( 'NONE', #1471, #396 ) ;
#349 = CARTESIAN_POINT ( 'NONE',  ( 5.833630940839277024, 70.00000000000000000, -5.833630948777500436 ) ) ;
#350 = DIRECTION ( 'NONE',  ( -0.7071067811865472397, 0.000000000000000000, 0.7071067811865477948 ) ) ;
#351 = CONICAL_SURFACE ( 'NONE', #1988, 4.000000000000000000, 0.5410520682209200016 ) ;
#352 = EDGE_CURVE ( 'NONE', #76, #824, #497, .T. ) ;
#353 = CARTESIAN_POINT ( 'NONE',  ( 0.000000000000000000, 12.99999999999999822, 0.000000000000000000 ) ) ;
#354 = EDGE_CURVE ( 'NONE', #1883, #1767, #1992, .T. ) ;
#355 = ORIENTED_EDGE ( 'NONE', *, *, #1363, .F. ) ;
#356 = VERTEX_POINT ( 'NONE', #1181 ) ;
#357 = CARTESIAN_POINT ( 'NONE',  ( 0.000000000000000000, 74.25000000000000000, 0.000000000000000000 ) ) ;
#358 = VERTEX_POINT ( 'NONE', #368 ) ;
#359 = FACE_OUTER_BOUND ( 'NONE', #536, .T. ) ;
#360 = AXIS2_PLACEMENT_3D ( 'NONE', #284, #447, #1265 ) ;
#361 = CARTESIAN_POINT ( 'NONE',  ( -8.112490370000001505, 37.75000000000000000, -1.500000000000000000 ) ) ;
#362 = CARTESIAN_POINT ( 'NONE',  ( -3.889087296500000068, 41.67099999999999937, 3.889087296500000068 ) ) ;
#363 = DIRECTION ( 'NONE',  ( 0.000000000000000000, -1.000000000000000000, 0.000000000000000000 ) ) ;
#364 = ORIENTED_EDGE ( 'NONE', *, *, #1027, .F. ) ;
#365 = ORIENTED_EDGE ( 'NONE', *, *, #944, .T. ) ;
#366 = ORIENTED_EDGE ( 'NONE', *, *, #1382, .F. ) ;
#367 = CARTESIAN_POINT ( 'NONE',  ( -0.3887109666616080927, 4.047941760028130886, -8.241396738058195837 ) ) ;
#368 = CARTESIAN_POINT ( 'NONE',  ( 0.000000000000000000, 0.2038614070000000222, -4.428583649999999317 ) ) ;
#369 = FACE_OUTER_BOUND ( 'NONE', #861, .T. ) ;
#370 = EDGE_CURVE ( 'NONE', #234, #1196, #1158, .T. ) ;
#371 = DIRECTION ( 'NONE',  ( 0.000000000000000000, 1.000000000000000000, 0.000000000000000000 ) ) ;
#372 = DIRECTION ( 'NONE',  ( 0.000000000000000000, 1.000000000000000000, 0.000000000000000000 ) ) ;
#373 = CARTESIAN_POINT ( 'NONE',  ( -2.828427124999999709, 34.00000000000000000, -4.949747468000000872 ) ) ;
#374 = ORIENTED_EDGE ( 'NONE', *, *, #1045, .T. ) ;
#375 = ORIENTED_EDGE ( 'NONE', *, *, #125, .T. ) ;
#376 = ORIENTED_EDGE ( 'NONE', *, *, #1324, .T. ) ;
#377 = CARTESIAN_POINT ( 'NONE',  ( -4.522799607360609204E-10, 4.000000000000001776, -8.250000000000000000 ) ) ;
#378 = FACE_OUTER_BOUND ( 'NONE', #2045, .T. ) ;
#379 = EDGE_CURVE ( 'NONE', #734, #2096, #348, .T. ) ;
#380 = ORIENTED_EDGE ( 'NONE', *, *, #627, .T. ) ;
#381 = CARTESIAN_POINT ( 'NONE',  ( 8.250000000024430236, 70.00000000013434942, -0.1985223325235993264 ) ) ;
#382 = LINE ( 'NONE', #704, #1955 ) ;
#383 = FACE_OUTER_BOUND ( 'NONE', #741, .T. ) ;
#384 = VERTEX_POINT ( 'NONE', #337 ) ;
#385 = EDGE_LOOP ( 'NONE', ( #27 ) ) ;
#386 = VECTOR ( 'NONE', #980, 1000.000000000000114 ) ;
#387 = ORIENTED_EDGE ( 'NONE', *, *, #499, .T. ) ;
#388 = CYLINDRICAL_SURFACE ( 'NONE', #18, 1.500000000000000000 ) ;
#389 = VECTOR ( 'NONE', #1155, 999.9999999999998863 ) ;
#390 = CARTESIAN_POINT ( 'NONE',  ( 6.444547743432823772, 69.69309640758905289, -5.151407731474824558 ) ) ;
#391 = ORIENTED_EDGE ( 'NONE', *, *, #210, .T. ) ;
#392 = EDGE_CURVE ( 'NONE', #882, #841, #1019, .T. ) ;
#393 = CIRCLE ( 'NONE', #661, 5.500000000000000000 ) ;
#394 = DIRECTION ( 'NONE',  ( 0.000000000000000000, 0.000000000000000000, -1.000000000000000000 ) ) ;
#395 = DIRECTION ( 'NONE',  ( 0.000000000000000000, 1.000000000000000000, 0.000000000000000000 ) ) ;
#396 = VECTOR ( 'NONE', #507, 1000.000000000000000 ) ;
#397 = DIRECTION ( 'NONE',  ( 0.000000000000000000, -1.000000000000000000, -0.000000000000000000 ) ) ;
#398 = ORIENTED_EDGE ( 'NONE', *, *, #638, .F. ) ;
#399 = VERTEX_POINT ( 'NONE', #997 ) ;
#400 = CARTESIAN_POINT ( 'NONE',  ( 4.675736781000000342, 13.00000000000000178, -6.797057125000000255 ) ) ;
#401 = CIRCLE ( 'NONE', #119, 8.250000000000000000 ) ;
#402 = DIRECTION ( 'NONE',  ( 0.7071067811865475727, 0.000000000000000000, -0.7071067811865475727 ) ) ;
#403 = ORIENTED_EDGE ( 'NONE', *, *, #1603, .T. ) ;
#404 = CARTESIAN_POINT ( 'NONE',  ( -0.02805442100000000646, 13.00000000000000178, -8.137830787999998705 ) ) ;
#405 = DIRECTION ( 'NONE',  ( 1.577021341797097560E-16, 1.000000000000000000, -0.000000000000000000 ) ) ;
#406 = MANIFOLD_SOLID_BREP ( 'Imported1', #1873 ) ;
#407 = CARTESIAN_POINT ( 'NONE',  ( -8.250000000000000000, 70.00000000312500958, 0.000000000000000000 ) ) ;
#408 = EDGE_LOOP ( 'NONE', ( #1496, #1151, #1102, #1120 ) ) ;
#409 = EDGE_CURVE ( 'NONE', #559, #153, #1811, .T. ) ;
#410 = ORIENTED_EDGE ( 'NONE', *, *, #828, .F. ) ;
#411 = EDGE_CURVE ( 'NONE', #709, #1719, #822, .T. ) ;
#412 = AXIS2_PLACEMENT_3D ( 'NONE', #546, #1318, #1805 ) ;
#413 = CARTESIAN_POINT ( 'NONE',  ( 1.499999999551763663, 62.50000000000000000, -5.499999999648268023 ) ) ;
#414 = ORIENTED_EDGE ( 'NONE', *, *, #1917, .F. ) ;
#415 = CIRCLE ( 'NONE', #1877, 5.500000000000000000 ) ;
#416 = LINE ( 'NONE', #1863, #156 ) ;
#417 = FACE_BOUND ( 'NONE', #894, .T. ) ;
#418 = CARTESIAN_POINT ( 'NONE',  ( -8.139237850308761679, 69.16549531941032569, 1.347874267161576212 ) ) ;
#419 = EDGE_LOOP ( 'NONE', ( #1901 ) ) ;
#420 = VERTEX_POINT ( 'NONE', #845 ) ;
#421 = EDGE_CURVE ( 'NONE', #173, #559, #634, .T. ) ;
#422 = VECTOR ( 'NONE', #30, 1000.000000000000000 ) ;
#423 = AXIS2_PLACEMENT_3D ( 'NONE', #328, #1268, #606 ) ;
#424 = CARTESIAN_POINT ( 'NONE',  ( -1.367847971865934813E-31, 13.00000000000000178, 0.000000000000000000 ) ) ;
#425 = ORIENTED_EDGE ( 'NONE', *, *, #1257, .F. ) ;
#426 = FACE_OUTER_BOUND ( 'NONE', #860, .T. ) ;
#427 = AXIS2_PLACEMENT_3D ( 'NONE', #1283, #1939, #995 ) ;
#428 = DIRECTION ( 'NONE',  ( 0.000000000000000000, -1.000000000000000000, -0.000000000000000000 ) ) ;
#429 = LINE ( 'NONE', #1851, #655 ) ;
#430 = CARTESIAN_POINT ( 'NONE',  ( -8.163455415745941579, 69.41436528524670280, 1.193113622887033598 ) ) ;
#431 = AXIS2_PLACEMENT_3D ( 'NONE', #1394, #590, #903 ) ;
#432 = ORIENTED_EDGE ( 'NONE', *, *, #1530, .T. ) ;
#433 = VERTEX_POINT ( 'NONE', #1218 ) ;
#434 = LINE ( 'NONE', #1273, #1402 ) ;
#435 = CARTESIAN_POINT ( 'NONE',  ( -4.675736779483038674, 32.50000000000000000, -6.797057125623529039 ) ) ;
#436 = LINE ( 'NONE', #1590, #1348 ) ;
#437 = CARTESIAN_POINT ( 'NONE',  ( 1.499999999999999778, 5.499999999865308631, 5.500000000000000000 ) ) ;
#438 = CIRCLE ( 'NONE', #1252, 1.500000000000001332 ) ;
#439 = EDGE_CURVE ( 'NONE', #433, #1583, #416, .T. ) ;
#440 = DIRECTION ( 'NONE',  ( -0.7071067809951595562, -0.000000000000000000, 0.7071067813779355893 ) ) ;
#441 = COLOUR_RGB ( '',0.7921568627450980005, 0.8196078431372548767, 0.9333333333333333481 ) ;
#442 = ORIENTED_EDGE ( 'NONE', *, *, #2090, .T. ) ;
#443 = ORIENTED_EDGE ( 'NONE', *, *, #304, .F. ) ;
#444 = CARTESIAN_POINT ( 'NONE',  ( 5.500000000000000000, 66.25000000000000000, -1.128067635588994084E-09 ) ) ;
#445 = DIRECTION ( 'NONE',  ( 1.000000000000000000, 0.000000000000000000, 0.000000000000000000 ) ) ;
#446 = EDGE_CURVE ( 'NONE', #983, #356, #1390, .T. ) ;
#447 = DIRECTION ( 'NONE',  ( 0.000000000000000000, 0.000000000000000000, -1.000000000000000000 ) ) ;
#448 = VECTOR ( 'NONE', #705, 1000.000000000000000 ) ;
#449 = DIRECTION ( 'NONE',  ( 0.000000000000000000, -1.000000000000000000, -0.000000000000000000 ) ) ;
#450 = ORIENTED_EDGE ( 'NONE', *, *, #287, .T. ) ;
#451 = DIRECTION ( 'NONE',  ( 0.000000000000000000, -1.000000000000000000, 0.000000000000000000 ) ) ;
#452 = EDGE_LOOP ( 'NONE', ( #1250, #28, #897, #2011, #222, #1289 ) ) ;
#453 = DIRECTION ( 'NONE',  ( -1.000000000000000000, 0.000000000000000000, 0.000000000000000000 ) ) ;
#454 = AXIS2_PLACEMENT_3D ( 'NONE', #2038, #573, #2072 ) ;
#455 = DIRECTION ( 'NONE',  ( 0.000000000000000000, 0.000000000000000000, -1.000000000000000000 ) ) ;
#456 = ADVANCED_FACE ( 'NONE', ( #1193, #1551 ), #1900, .F. ) ;
#457 = VECTOR ( 'NONE', #631, 1000.000000000000000 ) ;
#458 = LINE ( 'NONE', #957, #2101 ) ;
#459 = EDGE_LOOP ( 'NONE', ( #2086, #1609, #973, #165, #1485, #618, #686 ) ) ;
#460 = FACE_BOUND ( 'NONE', #1541, .T. ) ;
#461 = ORIENTED_EDGE ( 'NONE', *, *, #1792, .F. ) ;
#462 = VECTOR ( 'NONE', #643, 1000.000000000000000 ) ;
#463 = DIRECTION ( 'NONE',  ( -1.000000000000000000, 0.000000000000000000, 0.000000000000000000 ) ) ;
#464 = CARTESIAN_POINT ( 'NONE',  ( 0.000000000000000000, 62.50000000000000000, 0.000000000000000000 ) ) ;
#465 = FACE_OUTER_BOUND ( 'NONE', #1013, .T. ) ;
#466 = DIRECTION ( 'NONE',  ( -0.000000000000000000, 1.000000000000000000, 0.000000000000000000 ) ) ;
#467 = ADVANCED_FACE ( 'NONE', ( #1701 ), #1523, .F. ) ;
#468 = CARTESIAN_POINT ( 'NONE',  ( -5.500000000000000000, 13.00000000000000178, -1.500000000000000000 ) ) ;
#469 = ORIENTED_EDGE ( 'NONE', *, *, #499, .F. ) ;
#470 = DIRECTION ( 'NONE',  ( 0.7071067813779355893, 0.000000000000000000, -0.7071067809951595562 ) ) ;
#471 = EDGE_LOOP ( 'NONE', ( #1271 ) ) ;
#472 = CIRCLE ( 'NONE', #1016, 8.250000000000000000 ) ;
#473 = LINE ( 'NONE', #1282, #1713 ) ;
#474 = EDGE_CURVE ( 'NONE', #1213, #1213, #711, .T. ) ;
#475 = DIRECTION ( 'NONE',  ( 0.7071067811865481278, 0.000000000000000000, -0.7071067811865470176 ) ) ;
#476 = ORIENTED_EDGE ( 'NONE', *, *, #552, .F. ) ;
#477 = DIRECTION ( 'NONE',  ( 0.000000000000000000, -1.000000000000000000, 0.000000000000000000 ) ) ;
#478 = CARTESIAN_POINT ( 'NONE',  ( 5.275762494032425032, 4.189936259050496936, 6.345193385183078405 ) ) ;
#479 = EDGE_LOOP ( 'NONE', ( #387, #746, #213, #576, #583, #717 ) ) ;
#480 = DIRECTION ( 'NONE',  ( 0.000000000000000000, -1.000000000000000000, 0.000000000000000000 ) ) ;
#481 = ORIENTED_EDGE ( 'NONE', *, *, #1113, .F. ) ;
#482 = ORIENTED_EDGE ( 'NONE', *, *, #665, .T. ) ;
#483 = ADVANCED_FACE ( 'NONE', ( #65 ), #1536, .F. ) ;
#484 = ADVANCED_FACE ( 'NONE', ( #253 ), #1850, .T. ) ;
#485 = LINE ( 'NONE', #1135, #770 ) ;
#486 = CARTESIAN_POINT ( 'NONE',  ( -2.828427124999999709, 13.00000000000000178, 4.949747468000000872 ) ) ;
#487 = CARTESIAN_POINT ( 'NONE',  ( -4.949747468000000872, 62.49999999999997158, -2.828427124999999709 ) ) ;
#488 = AXIS2_PLACEMENT_3D ( 'NONE', #44, #1839, #36 ) ;
#489 = CIRCLE ( 'NONE', #212, 8.250000000000000000 ) ;
#490 = DIRECTION ( 'NONE',  ( 0.000000000000000000, 0.000000000000000000, -1.000000000000000000 ) ) ;
#491 = ORIENTED_EDGE ( 'NONE', *, *, #653, .T. ) ;
#492 = PLANE ( 'NONE',  #553 ) ;
#493 = ORIENTED_EDGE ( 'NONE', *, *, #1439, .F. ) ;
#494 = CARTESIAN_POINT ( 'NONE',  ( -5.971543683106613543, 69.99024435199808636, 5.693187371800622287 ) ) ;
#495 = LINE ( 'NONE', #182, #179 ) ;
#496 = DIRECTION ( 'NONE',  ( 0.000000000000000000, 0.000000000000000000, 1.000000000000000000 ) ) ;
#497 = LINE ( 'NONE', #812, #939 ) ;
#498 = FACE_OUTER_BOUND ( 'NONE', #1830, .T. ) ;
#499 = EDGE_CURVE ( 'NONE', #384, #917, #538, .T. ) ;
#500 = VERTEX_POINT ( 'NONE', #724 ) ;
#501 = DIRECTION ( 'NONE',  ( 0.000000000000000000, 0.000000000000000000, -1.000000000000000000 ) ) ;
#502 = DIRECTION ( 'NONE',  ( 0.000000000000000000, 0.000000000000000000, -1.000000000000000000 ) ) ;
#503 = CARTESIAN_POINT ( 'NONE',  ( -2.828427124999999709, 62.49999999999997158, 4.949747468000000872 ) ) ;
#504 = LINE ( 'NONE', #1600, #457 ) ;
#505 = CARTESIAN_POINT ( 'NONE',  ( -5.833630946773573633, 4.000000000000001776, -5.833630942804462371 ) ) ;
#506 = EDGE_CURVE ( 'NONE', #289, #1975, #987, .T. ) ;
#507 = DIRECTION ( 'NONE',  ( -0.000000000000000000, -0.000000000000000000, -1.000000000000000000 ) ) ;
#508 = CARTESIAN_POINT ( 'NONE',  ( 3.889087296500000068, 62.49999999922601290, -3.889087296500000068 ) ) ;
#509 = CYLINDRICAL_SURFACE ( 'NONE', #1912, 5.500000000000000000 ) ;
#510 = ORIENTED_EDGE ( 'NONE', *, *, #1517, .F. ) ;
#511 = ORIENTED_EDGE ( 'NONE', *, *, #856, .F. ) ;
#512 = AXIS2_PLACEMENT_3D ( 'NONE', #2078, #128, #1398 ) ;
#513 = ORIENTED_EDGE ( 'NONE', *, *, #1783, .T. ) ;
#514 = CARTESIAN_POINT ( 'NONE',  ( -4.675736780805891613, 5.499999999814800589, -6.797057124591015409 ) ) ;
#515 = CARTESIAN_POINT ( 'NONE',  ( 0.000000000000000000, 8.500000000000000000, -5.500000000000000000 ) ) ;
#516 = FACE_OUTER_BOUND ( 'NONE', #1211, .T. ) ;
#517 = SURFACE_STYLE_FILL_AREA ( #834 ) ;
#518 = CARTESIAN_POINT ( 'NONE',  ( -1.692103285251482171E-09, 4.000000000000003553, 8.250000000000000000 ) ) ;
#519 = AXIS2_PLACEMENT_3D ( 'NONE', #630, #1577, #127 ) ;
#520 = DIRECTION ( 'NONE',  ( -0.000000000000000000, 1.000000000000000000, -0.000000000000000000 ) ) ;
#521 = AXIS2_PLACEMENT_3D ( 'NONE', #847, #1803, #1150 ) ;
#522 = FACE_OUTER_BOUND ( 'NONE', #1585, .T. ) ;
#523 = AXIS2_PLACEMENT_3D ( 'NONE', #1499, #1510, #701 ) ;
#524 = ORIENTED_EDGE ( 'NONE', *, *, #1735, .T. ) ;
#525 = FACE_OUTER_BOUND ( 'NONE', #320, .T. ) ;
#526 = ADVANCED_FACE ( 'NONE', ( #240 ), #555, .F. ) ;
#527 = LINE ( 'NONE', #515, #1576 ) ;
#528 = DIRECTION ( 'NONE',  ( 0.000000000000000000, -1.000000000000000000, 0.000000000000000000 ) ) ;
#529 = VECTOR ( 'NONE', #231, 1000.000000000000114 ) ;
#530 = DIRECTION ( 'NONE',  ( 0.000000000000000000, 0.000000000000000000, 1.000000000000000000 ) ) ;
#531 = FACE_OUTER_BOUND ( 'NONE', #1473, .T. ) ;
#532 = CARTESIAN_POINT ( 'NONE',  ( -8.112490369500140019, 68.49999999996759925, 1.500000000794581290 ) ) ;
#533 = LINE ( 'NONE', #1875, #779 ) ;
#534 = ORIENTED_EDGE ( 'NONE', *, *, #1762, .T. ) ;
#535 = EDGE_CURVE ( 'NONE', #201, #1891, #867, .T. ) ;
#536 = EDGE_LOOP ( 'NONE', ( #1297, #757, #1038, #46 ) ) ;
#537 = DIRECTION ( 'NONE',  ( 0.000000000000000000, 0.000000000000000000, 1.000000000000000000 ) ) ;
#538 = CIRCLE ( 'NONE', #53, 5.500000000000000000 ) ;
#539 = CARTESIAN_POINT ( 'NONE',  ( -1.499999999551763441, 12.99999999749800139, 5.499999999648268023 ) ) ;
#540 = DIRECTION ( 'NONE',  ( 0.000000000000000000, 0.000000000000000000, -1.000000000000000000 ) ) ;
#541 = EDGE_LOOP ( 'NONE', ( #510, #1412, #1232, #1729, #880, #1677, #355 ) ) ;
#542 = CIRCLE ( 'NONE', #1734, 5.500000000000000000 ) ;
#543 = CARTESIAN_POINT ( 'NONE',  ( 8.250000000000000000, 70.00000000312500958, 0.000000000000000000 ) ) ;
#544 = CARTESIAN_POINT ( 'NONE',  ( 4.949747468000000872, 12.99999999999999822, 2.828427124999999709 ) ) ;
#545 = CARTESIAN_POINT ( 'NONE',  ( 0.000000000000000000, 2.499999999999946709, 0.000000000000000000 ) ) ;
#546 = CARTESIAN_POINT ( 'NONE',  ( 0.000000000000000000, 4.000000000000000000, -8.334501785999998802 ) ) ;
#547 = ORIENTED_EDGE ( 'NONE', *, *, #1203, .F. ) ;
#548 = VERTEX_POINT ( 'NONE', #1513 ) ;
#549 = CARTESIAN_POINT ( 'NONE',  ( -5.500000000000000000, 40.75000000000000000, 1.500000000000000000 ) ) ;
#550 = EDGE_CURVE ( 'NONE', #824, #1841, #54, .T. ) ;
#551 = CARTESIAN_POINT ( 'NONE',  ( 0.000000000000000000, 80.00000000000007105, 5.000000000000069278 ) ) ;
#552 = EDGE_CURVE ( 'NONE', #1043, #722, #804, .T. ) ;
#553 = AXIS2_PLACEMENT_3D ( 'NONE', #1594, #470, #1431 ) ;
#554 = EDGE_LOOP ( 'NONE', ( #376, #391, #146, #1848 ) ) ;
#555 = PLANE ( 'NONE',  #2004 ) ;
#556 = DIRECTION ( 'NONE',  ( -1.577021341797097560E-16, -1.000000000000000000, 0.000000000000000000 ) ) ;
#557 = CARTESIAN_POINT ( 'NONE',  ( -8.242485558178580973, 69.95997514020545793, 0.3957029338612781388 ) ) ;
#558 = VERTEX_POINT ( 'NONE', #1256 ) ;
#559 = VERTEX_POINT ( 'NONE', #1247 ) ;
#560 = CYLINDRICAL_SURFACE ( 'NONE', #2041, 8.250000000000000000 ) ;
#561 = EDGE_CURVE ( 'NONE', #892, #962, #436, .T. ) ;
#562 = CARTESIAN_POINT ( 'NONE',  ( -3.061467458999999725, 80.00000000000000000, -6.641036259999999025 ) ) ;
#563 = CARTESIAN_POINT ( 'NONE',  ( 0.000000000000000000, 62.50000000000000000, 0.000000000000000000 ) ) ;
#564 = EDGE_LOOP ( 'NONE', ( #784, #1696, #48, #1610 ) ) ;
#565 = EDGE_CURVE ( 'NONE', #135, #2016, #129, .T. ) ;
#566 = AXIS2_PLACEMENT_3D ( 'NONE', #833, #528, #1626 ) ;
#567 = CARTESIAN_POINT ( 'NONE',  ( 8.242485558245926214, 69.95997514058095135, -0.3957029325438084499 ) ) ;
#568 = CARTESIAN_POINT ( 'NONE',  ( 0.000000000000000000, 5.500000000000000000, -5.500000000000000000 ) ) ;
#569 = CARTESIAN_POINT ( 'NONE',  ( -8.172546390635689662, 69.49131079130152955, 1.129965482220628870 ) ) ;
#570 = EDGE_CURVE ( 'NONE', #1956, #1573, #438, .T. ) ;
#571 = ORIENTED_EDGE ( 'NONE', *, *, #1495, .F. ) ;
#572 = ORIENTED_EDGE ( 'NONE', *, *, #409, .F. ) ;
#573 = DIRECTION ( 'NONE',  ( -0.000000000000000000, 1.000000000000000000, 0.000000000000000000 ) ) ;
#574 = AXIS2_PLACEMENT_3D ( 'NONE', #235, #884, #70 ) ;
#575 = LINE ( 'NONE', #1870, #807 ) ;
#576 = ORIENTED_EDGE ( 'NONE', *, *, #638, .T. ) ;
#577 = CARTESIAN_POINT ( 'NONE',  ( 8.146823933892918035, 69.25153160934789298, -1.301838788847531347 ) ) ;
#578 = CARTESIAN_POINT ( 'NONE',  ( -4.949747468000000872, 13.00000000000000178, 2.828427124999999709 ) ) ;
#579 = EDGE_CURVE ( 'NONE', #1084, #1464, #332, .T. ) ;
#580 = ADVANCED_FACE ( 'NONE', ( #273 ), #947, .F. ) ;
#581 = DIRECTION ( 'NONE',  ( 0.000000000000000000, 0.000000000000000000, 1.000000000000000000 ) ) ;
#582 = EDGE_LOOP ( 'NONE', ( #209, #1350, #1388, #83 ) ) ;
#583 = ORIENTED_EDGE ( 'NONE', *, *, #911, .T. ) ;
#584 = VECTOR ( 'NONE', #440, 1000.000000000000000 ) ;
#585 = DIRECTION ( 'NONE',  ( 1.000000000000000000, 0.000000000000000000, 0.000000000000000000 ) ) ;
#586 = ORIENTED_EDGE ( 'NONE', *, *, #379, .T. ) ;
#587 = CARTESIAN_POINT ( 'NONE',  ( -4.949747468000000872, 33.07450000000000045, -2.828427124999999709 ) ) ;
#588 = DIRECTION ( 'NONE',  ( 0.000000000000000000, -1.000000000000000000, 0.000000000000000000 ) ) ;
#589 = CARTESIAN_POINT ( 'NONE',  ( -3.889087296500000956, 68.50000000000000000, 3.889087296500000956 ) ) ;
#590 = DIRECTION ( 'NONE',  ( -0.7071067811865481278, 0.000000000000000000, 0.7071067811865470176 ) ) ;
#591 = ORIENTED_EDGE ( 'NONE', *, *, #411, .T. ) ;
#592 = ORIENTED_EDGE ( 'NONE', *, *, #1002, .T. ) ;
#593 = VECTOR ( 'NONE', #1311, 1000.000000000000000 ) ;
#594 = FACE_OUTER_BOUND ( 'NONE', #1731, .T. ) ;
#595 = ADVANCED_FACE ( 'NONE', ( #955, #632 ), #314, .T. ) ;
#596 = LINE ( 'NONE', #777, #1706 ) ;
#597 = CARTESIAN_POINT ( 'NONE',  ( 4.949747468000000872, 62.49999999999998579, 2.828427124999999709 ) ) ;
#598 = FACE_OUTER_BOUND ( 'NONE', #95, .T. ) ;
#599 = LINE ( 'NONE', #755, #849 ) ;
#600 = VERTEX_POINT ( 'NONE', #151 ) ;
#601 = ORIENTED_EDGE ( 'NONE', *, *, #1769, .F. ) ;
#602 = CARTESIAN_POINT ( 'NONE',  ( -1.499999999551763441, 62.50000000000000000, 5.499999999648268023 ) ) ;
#603 = DIRECTION ( 'NONE',  ( -0.7071067811865475727, 0.000000000000000000, 0.7071067811865475727 ) ) ;
#604 = CARTESIAN_POINT ( 'NONE',  ( -5.548513205637533474, 4.040024859634089971, -6.108121658546718180 ) ) ;
#605 = CARTESIAN_POINT ( 'NONE',  ( 3.863746878000000162, 62.50000000000000000, 4.703791202000000560 ) ) ;
#606 = DIRECTION ( 'NONE',  ( 0.000000000000000000, 0.000000000000000000, 1.000000000000000000 ) ) ;
#607 = ORIENTED_EDGE ( 'NONE', *, *, #370, .F. ) ;
#608 = VERTEX_POINT ( 'NONE', #1097 ) ;
#609 = DIRECTION ( 'NONE',  ( 0.000000000000000000, 0.000000000000000000, -1.000000000000000000 ) ) ;
#610 = ADVANCED_FACE ( 'NONE', ( #1399 ), #1916, .F. ) ;
#611 = CARTESIAN_POINT ( 'NONE',  ( 2.828427124999999709, 13.00000000000000178, -4.949747468000000872 ) ) ;
#612 = CARTESIAN_POINT ( 'NONE',  ( -5.275762493268852715, 4.189936259639721605, -6.345193385812541997 ) ) ;
#613 = VECTOR ( 'NONE', #1748, 1000.000000000000000 ) ;
#614 = DIRECTION ( 'NONE',  ( 0.000000000000000000, 1.000000000000000000, 0.000000000000000000 ) ) ;
#615 = CARTESIAN_POINT ( 'NONE',  ( -1.500000000000000000, 37.75000000000000000, 8.112490370000001505 ) ) ;
#616 = ORIENTED_EDGE ( 'NONE', *, *, #1045, .F. ) ;
#617 = PLANE ( 'NONE',  #1060 ) ;
#618 = ORIENTED_EDGE ( 'NONE', *, *, #1073, .F. ) ;
#619 = CARTESIAN_POINT ( 'NONE',  ( 4.949747468000000872, 68.50000000000000000, -2.828427124999999709 ) ) ;
#620 = DIRECTION ( 'NONE',  ( 0.000000000000000000, -1.000000000000000000, 0.000000000000000000 ) ) ;
#621 = AXIS2_PLACEMENT_3D ( 'NONE', #254, #395, #878 ) ;
#622 = DIRECTION ( 'NONE',  ( 0.000000000000000000, 0.000000000000000000, -1.000000000000000000 ) ) ;
#623 = PLANE ( 'NONE',  #703 ) ;
#624 = PLANE ( 'NONE',  #928 ) ;
#625 = ORIENTED_EDGE ( 'NONE', *, *, #1378, .F. ) ;
#626 = CARTESIAN_POINT ( 'NONE',  ( -5.500000000000000000, 62.49999999922601290, 0.000000000000000000 ) ) ;
#627 = EDGE_CURVE ( 'NONE', #941, #1883, #82, .T. ) ;
#628 = ORIENTED_EDGE ( 'NONE', *, *, #731, .T. ) ;
#629 = VECTOR ( 'NONE', #1773, 1000.000000000000000 ) ;
#630 = CARTESIAN_POINT ( 'NONE',  ( 0.000000000000000000, 80.00000000000007105, 0.000000000000000000 ) ) ;
#631 = DIRECTION ( 'NONE',  ( 1.000000000000000000, 0.000000000000000000, 0.000000000000000000 ) ) ;
#632 = FACE_OUTER_BOUND ( 'NONE', #805, .T. ) ;
#633 = DIRECTION ( 'NONE',  ( 0.7071067813779355893, 0.000000000000000000, -0.7071067809951595562 ) ) ;
#634 = CIRCLE ( 'NONE', #1085, 8.250000000000000000 ) ;
#635 = CARTESIAN_POINT ( 'NONE',  ( -5.845298206499999871, 5.500000000000000000, -5.845298206499999871 ) ) ;
#636 = ORIENTED_EDGE ( 'NONE', *, *, #171, .T. ) ;
#637 = CARTESIAN_POINT ( 'NONE',  ( 5.770349476019731583E-10, 4.000000000000000000, -6.883250000000000313 ) ) ;
#638 = EDGE_CURVE ( 'NONE', #1259, #983, #1929, .T. ) ;
#639 = VERTEX_POINT ( 'NONE', #305 ) ;
#640 = VECTOR ( 'NONE', #1847, 1000.000000000000000 ) ;
#641 = DIRECTION ( 'NONE',  ( 0.000000000000000000, 1.040834085586084257E-14, 1.000000000000000000 ) ) ;
#642 = DIRECTION ( 'NONE',  ( 0.000000000000000000, -1.000000000000000000, -0.000000000000000000 ) ) ;
#643 = DIRECTION ( 'NONE',  ( 0.000000000000000000, 1.000000000000000000, 0.000000000000000000 ) ) ;
#644 = DIRECTION ( 'NONE',  ( 0.7071067809951595562, -0.000000000000000000, 0.7071067813779355893 ) ) ;
#645 = EDGE_CURVE ( 'NONE', #2035, #57, #1736, .T. ) ;
#646 = VERTEX_POINT ( 'NONE', #967 ) ;
#647 = FACE_OUTER_BOUND ( 'NONE', #1242, .T. ) ;
#648 = AXIS2_PLACEMENT_3D ( 'NONE', #1307, #1152, #37 ) ;
#649 = VERTEX_POINT ( 'NONE', #597 ) ;
#650 = ORIENTED_EDGE ( 'NONE', *, *, #870, .T. ) ;
#651 = CARTESIAN_POINT ( 'NONE',  ( -5.873402296500000119, 68.50000000000000000, 3.752081953000000247 ) ) ;
#652 = DIRECTION ( 'NONE',  ( 0.000000000000000000, 0.000000000000000000, 1.000000000000000000 ) ) ;
#653 = EDGE_CURVE ( 'NONE', #1854, #839, #761, .T. ) ;
#654 = CARTESIAN_POINT ( 'NONE',  ( -6.797057124875586887, 62.50000000000000000, -4.675736780875586085 ) ) ;
#655 = VECTOR ( 'NONE', #1081, 1000.000000000000000 ) ;
#656 = CARTESIAN_POINT ( 'NONE',  ( -5.499999998944802293, 13.00000000000000178, 2.337868390500000171 ) ) ;
#657 = DIRECTION ( 'NONE',  ( -0.000000000000000000, -1.000000000000000000, -0.000000000000000000 ) ) ;
#658 = ORIENTED_EDGE ( 'NONE', *, *, #354, .T. ) ;
#659 = EDGE_LOOP ( 'NONE', ( #124, #1775, #258, #321 ) ) ;
#660 = ORIENTED_EDGE ( 'NONE', *, *, #409, .T. ) ;
#661 = AXIS2_PLACEMENT_3D ( 'NONE', #336, #996, #496 ) ;
#662 = DIRECTION ( 'NONE',  ( -0.000000000000000000, 1.000000000000000000, 0.000000000000000000 ) ) ;
#663 = ADVANCED_FACE ( 'NONE', ( #922, #465 ), #1772, .F. ) ;
#664 = CARTESIAN_POINT ( 'NONE',  ( -6.797057125000000255, 13.00000000000000178, -4.675736781000000342 ) ) ;
#665 = EDGE_CURVE ( 'NONE', #548, #1566, #393, .T. ) ;
#666 = VECTOR ( 'NONE', #371, 1000.000000000000000 ) ;
#667 = CARTESIAN_POINT ( 'NONE',  ( -4.675736781000000342, 13.00000000000000178, 6.797057125000000255 ) ) ;
#668 = CARTESIAN_POINT ( 'NONE',  ( 0.9143880731096152292, 4.306903593167223043, 8.199578750461570920 ) ) ;
#669 = ORIENTED_EDGE ( 'NONE', *, *, #2029, .T. ) ;
#670 = CARTESIAN_POINT ( 'NONE',  ( -1.500000001514424808, 32.50000000000000000, -8.112490369513960076 ) ) ;
#671 = VECTOR ( 'NONE', #819, 1000.000000000000000 ) ;
#672 = ORIENTED_EDGE ( 'NONE', *, *, #1643, .F. ) ;
#673 = ORIENTED_EDGE ( 'NONE', *, *, #1175, .T. ) ;
#674 = CARTESIAN_POINT ( 'NONE',  ( -6.619971979607370827, 69.42303486256217582, 4.925224948474055786 ) ) ;
#675 = DIRECTION ( 'NONE',  ( -0.000000000000000000, -1.000000000000000000, -0.000000000000000000 ) ) ;
#676 = CARTESIAN_POINT ( 'NONE',  ( -1.499999999327645384, 12.99999999999999822, 8.112490370021307129 ) ) ;
#677 = ADVANCED_BREP_SHAPE_REPRESENTATION ( 'Cooling housing v3.2', ( #406, #523 ), #2099 ) ;
#678 = ADVANCED_FACE ( 'NONE', ( #516, #1648 ), #184, .F. ) ;
#679 = SURFACE_STYLE_USAGE ( .BOTH. , #13 ) ;
#680 = FACE_OUTER_BOUND ( 'NONE', #1306, .T. ) ;
#681 = CARTESIAN_POINT ( 'NONE',  ( -8.112490369206303953, 43.62500000000000000, 1.500000003178324715 ) ) ;
#682 = ORIENTED_EDGE ( 'NONE', *, *, #2017, .F. ) ;
#683 = EDGE_CURVE ( 'NONE', #190, #941, #690, .T. ) ;
#684 = ORIENTED_EDGE ( 'NONE', *, *, #2029, .F. ) ;
#685 = CIRCLE ( 'NONE', #1198, 8.250000000000000000 ) ;
#686 = ORIENTED_EDGE ( 'NONE', *, *, #2110, .T. ) ;
#687 = CARTESIAN_POINT ( 'NONE',  ( -6.000788832999999656, 62.50000000000000000, -1.499999998655291877 ) ) ;
#688 = VERTEX_POINT ( 'NONE', #215 ) ;
#689 = EDGE_CURVE ( 'NONE', #548, #962, #1666, .T. ) ;
#690 = LINE ( 'NONE', #11, #1753 ) ;
#691 = CARTESIAN_POINT ( 'NONE',  ( -4.949747468000000872, 62.50000000000000000, -2.828427124999999709 ) ) ;
#692 = CARTESIAN_POINT ( 'NONE',  ( 0.000000000000000000, 62.50000000000000000, 0.000000000000000000 ) ) ;
#693 = CIRCLE ( 'NONE', #519, 5.000000000000069278 ) ;
#694 = CARTESIAN_POINT ( 'NONE',  ( -6.797057124664514838, 43.62500000000000000, 4.675736780877143950 ) ) ;
#695 = CIRCLE ( 'NONE', #1611, 8.250000000000000000 ) ;
#696 = CARTESIAN_POINT ( 'NONE',  ( 5.873402296500000119, 68.50000000000000000, -3.752081953000000247 ) ) ;
#697 = ORIENTED_EDGE ( 'NONE', *, *, #1454, .F. ) ;
#698 = AXIS2_PLACEMENT_3D ( 'NONE', #1613, #150, #1928 ) ;
#699 = VERTEX_POINT ( 'NONE', #654 ) ;
#700 = CARTESIAN_POINT ( 'NONE',  ( -1.310073861322920141, 4.743818194617627881, -8.145672898419050512 ) ) ;
#701 = DIRECTION ( 'NONE',  ( 1.000000000000000000, 0.000000000000000000, 0.000000000000000000 ) ) ;
#702 = CARTESIAN_POINT ( 'NONE',  ( -1.499999999327645384, 62.50000000000000000, 8.112490370021307129 ) ) ;
#703 = AXIS2_PLACEMENT_3D ( 'NONE', #1448, #644, #633 ) ;
#704 = CARTESIAN_POINT ( 'NONE',  ( 4.949747468000000872, 62.49999999999997158, 2.828427124999999709 ) ) ;
#705 = DIRECTION ( 'NONE',  ( 0.000000000000000000, 0.000000000000000000, 1.000000000000000000 ) ) ;
#706 = ADVANCED_FACE ( 'NONE', ( #369 ), #1147, .F. ) ;
#707 = VERTEX_POINT ( 'NONE', #1635 ) ;
#708 = ADVANCED_FACE ( 'NONE', ( #2114 ), #169, .F. ) ;
#709 = VERTEX_POINT ( 'NONE', #1969 ) ;
#710 = EDGE_LOOP ( 'NONE', ( #1022 ) ) ;
#711 = CIRCLE ( 'NONE', #906, 8.250000000000000000 ) ;
#712 = LINE ( 'NONE', #864, #147 ) ;
#713 = ORIENTED_EDGE ( 'NONE', *, *, #808, .F. ) ;
#714 = DIRECTION ( 'NONE',  ( 0.000000000000000000, 1.000000000000000000, 0.000000000000000000 ) ) ;
#715 = DIRECTION ( 'NONE',  ( -1.000000000000000000, 0.000000000000000000, 0.000000000000000000 ) ) ;
#716 = CARTESIAN_POINT ( 'NONE',  ( 0.000000000000000000, 80.00000000000000000, 0.000000000000000000 ) ) ;
#717 = ORIENTED_EDGE ( 'NONE', *, *, #335, .F. ) ;
#718 = ORIENTED_EDGE ( 'NONE', *, *, #354, .F. ) ;
#719 = ADVANCED_FACE ( 'NONE', ( #1332 ), #1991, .T. ) ;
#720 = VECTOR ( 'NONE', #363, 1000.000000000000000 ) ;
#721 = DIRECTION ( 'NONE',  ( 0.000000000000000000, 1.000000000000000000, 0.000000000000000000 ) ) ;
#722 = VERTEX_POINT ( 'NONE', #505 ) ;
#723 = ADVANCED_FACE ( 'NONE', ( #1140 ), #1180, .F. ) ;
#724 = CARTESIAN_POINT ( 'NONE',  ( 1.499999999327645828, 12.99999999999999822, -8.112490370021307129 ) ) ;
#725 = PLANE ( 'NONE',  #107 ) ;
#726 = CYLINDRICAL_SURFACE ( 'NONE', #131, 5.500000000000000000 ) ;
#727 = ORIENTED_EDGE ( 'NONE', *, *, #1165, .T. ) ;
#728 = AXIS2_PLACEMENT_3D ( 'NONE', #1691, #2054, #1864 ) ;
#729 = ORIENTED_EDGE ( 'NONE', *, *, #1281, .F. ) ;
#730 = DIRECTION ( 'NONE',  ( 0.000000000000000000, 0.000000000000000000, -1.000000000000000000 ) ) ;
#731 = EDGE_CURVE ( 'NONE', #190, #173, #1810, .T. ) ;
#732 = CARTESIAN_POINT ( 'NONE',  ( 3.863746878000000162, 13.00000000000000178, -0.02805442100000000646 ) ) ;
#733 = EDGE_CURVE ( 'NONE', #1711, #1573, #811, .T. ) ;
#734 = VERTEX_POINT ( 'NONE', #676 ) ;
#735 = CARTESIAN_POINT ( 'NONE',  ( 0.000000000000000000, 62.50000000000000000, 0.000000000000000000 ) ) ;
#736 = CARTESIAN_POINT ( 'NONE',  ( 3.061467458999999725, 79.00000000000000000, 7.391036259999999025 ) ) ;
#737 = DIRECTION ( 'NONE',  ( -1.577021341797097560E-16, -1.000000000000000000, 0.000000000000000000 ) ) ;
#738 = ORIENTED_EDGE ( 'NONE', *, *, #883, .T. ) ;
#739 = ORIENTED_EDGE ( 'NONE', *, *, #1073, .T. ) ;
#740 = CARTESIAN_POINT ( 'NONE',  ( -4.675736780875586085, 13.00000000000000000, 6.797057124875586887 ) ) ;
#741 = EDGE_LOOP ( 'NONE', ( #310, #111, #432, #773 ) ) ;
#742 = CARTESIAN_POINT ( 'NONE',  ( 3.061467458999999725, 80.00000000000000000, 7.391036259999999025 ) ) ;
#743 = DIRECTION ( 'NONE',  ( 0.000000000000000000, 0.000000000000000000, 1.000000000000000000 ) ) ;
#744 = VECTOR ( 'NONE', #1781, 1000.000000000000114 ) ;
#745 = CARTESIAN_POINT ( 'NONE',  ( 1.499999999551763663, 12.99999999749800139, -5.499999999648268023 ) ) ;
#746 = ORIENTED_EDGE ( 'NONE', *, *, #144, .F. ) ;
#747 = ADVANCED_FACE ( 'NONE', ( #359 ), #325, .T. ) ;
#748 = ORIENTED_EDGE ( 'NONE', *, *, #1632, .T. ) ;
#749 = CIRCLE ( 'NONE', #1702, 8.250000000000000000 ) ;
#750 = CYLINDRICAL_SURFACE ( 'NONE', #1885, 8.250000000000000000 ) ;
#751 = CIRCLE ( 'NONE', #1024, 0.7499999999999997780 ) ;
#752 = CARTESIAN_POINT ( 'NONE',  ( 8.112490369942486623, 12.99999999999999822, -1.499999999196815148 ) ) ;
#753 = CARTESIAN_POINT ( 'NONE',  ( 8.114311339165054093, 68.69682725458970651, -1.490244270977423735 ) ) ;
#754 = CARTESIAN_POINT ( 'NONE',  ( 2.828427124999999709, 5.500000000000000000, 4.949747468000000872 ) ) ;
#755 = CARTESIAN_POINT ( 'NONE',  ( -4.867192751717545285, 69.99999999960428454, 4.867192751282459540 ) ) ;
#756 = ORIENTED_EDGE ( 'NONE', *, *, #324, .F. ) ;
#757 = ORIENTED_EDGE ( 'NONE', *, *, #1257, .T. ) ;
#758 = DIRECTION ( 'NONE',  ( -1.000000000000000000, 0.000000000000000000, 0.000000000000000000 ) ) ;
#759 = CIRCLE ( 'NONE', #826, 0.7500000000000006661 ) ;
#760 = PLANE ( 'NONE',  #1649 ) ;
#761 = LINE ( 'NONE', #1128, #1545 ) ;
#762 = FACE_OUTER_BOUND ( 'NONE', #2048, .T. ) ;
#763 = DIRECTION ( 'NONE',  ( 0.000000000000000000, -1.000000000000000000, 0.000000000000000000 ) ) ;
#764 = ORIENTED_EDGE ( 'NONE', *, *, #326, .T. ) ;
#765 = CARTESIAN_POINT ( 'NONE',  ( -10.11999999999999922, 80.00000000000000000, -10.11999999999999922 ) ) ;
#766 = AXIS2_PLACEMENT_3D ( 'NONE', #186, #1793, #490 ) ;
#767 = EDGE_LOOP ( 'NONE', ( #961, #93, #1795, #1371, #1879, #202 ) ) ;
#768 = EDGE_CURVE ( 'NONE', #1566, #707, #1458, .T. ) ;
#769 = CARTESIAN_POINT ( 'NONE',  ( -1.500000000000000000, 13.00000000000000178, 5.500000000000000000 ) ) ;
#770 = VECTOR ( 'NONE', #1487, 1000.000000000000000 ) ;
#771 = DIRECTION ( 'NONE',  ( 0.000000000000000000, -1.000000000000000000, 0.000000000000000000 ) ) ;
#772 = CARTESIAN_POINT ( 'NONE',  ( 0.000000000000000000, 70.00000000000000000, 0.000000000000000000 ) ) ;
#773 = ORIENTED_EDGE ( 'NONE', *, *, #1878, .T. ) ;
#774 = CARTESIAN_POINT ( 'NONE',  ( 8.112490370090993608, 43.62500000000000000, -1.499999998393630740 ) ) ;
#775 = ORIENTED_EDGE ( 'NONE', *, *, #379, .F. ) ;
#776 = DIRECTION ( 'NONE',  ( 0.000000000000000000, 1.000000000000000000, 0.000000000000000000 ) ) ;
#777 = CARTESIAN_POINT ( 'NONE',  ( -3.806532579999999832, 5.499999999730619038, -5.927852923000000551 ) ) ;
#778 = EDGE_CURVE ( 'NONE', #1688, #722, #1322, .T. ) ;
#779 = VECTOR ( 'NONE', #869, 1000.000000000000000 ) ;
#780 = CARTESIAN_POINT ( 'NONE',  ( 5.500000000000000888, 68.50000000000000000, 0.000000000000000000 ) ) ;
#781 = ADVANCED_FACE ( 'NONE', ( #976 ), #2, .F. ) ;
#782 = VECTOR ( 'NONE', #1493, 1000.000000000000000 ) ;
#783 = DIRECTION ( 'NONE',  ( -0.7071067811865470176, 0.000000000000000000, -0.7071067811865479058 ) ) ;
#784 = ORIENTED_EDGE ( 'NONE', *, *, #1300, .T. ) ;
#785 = ORIENTED_EDGE ( 'NONE', *, *, #1727, .F. ) ;
#786 = CIRCLE ( 'NONE', #1069, 1.500000000000000000 ) ;
#787 = FACE_OUTER_BOUND ( 'NONE', #2075, .T. ) ;
#788 = AXIS2_PLACEMENT_3D ( 'NONE', #635, #1766, #1287 ) ;
#789 = EDGE_CURVE ( 'NONE', #1464, #135, #1109, .T. ) ;
#790 = DIRECTION ( 'NONE',  ( 5.782411586589351722E-16, -1.000000000000000000, 0.000000000000000000 ) ) ;
#791 = EDGE_CURVE ( 'NONE', #153, #699, #472, .T. ) ;
#792 = DIRECTION ( 'NONE',  ( 0.000000000000000000, 0.000000000000000000, 1.000000000000000000 ) ) ;
#793 = ORIENTED_EDGE ( 'NONE', *, *, #570, .T. ) ;
#794 = CARTESIAN_POINT ( 'NONE',  ( -5.499999999648268023, 62.49999999961300290, -1.499999999551763663 ) ) ;
#795 = ORIENTED_EDGE ( 'NONE', *, *, #1693, .F. ) ;
#796 = AXIS2_PLACEMENT_3D ( 'NONE', #772, #1604, #1277 ) ;
#797 = VERTEX_POINT ( 'NONE', #740 ) ;
#798 = DIRECTION ( 'NONE',  ( -0.7071067811865474617, 0.000000000000000000, -0.7071067811865474617 ) ) ;
#799 = DIRECTION ( 'NONE',  ( -0.7071067811865470176, 0.000000000000000000, -0.7071067811865479058 ) ) ;
#800 = CARTESIAN_POINT ( 'NONE',  ( 5.500000000000000000, 40.75000000000000000, -1.500000000000000000 ) ) ;
#801 = CARTESIAN_POINT ( 'NONE',  ( 4.683922743259098631, 5.303172745582490855, 6.791446402001895422 ) ) ;
#802 = AXIS2_PLACEMENT_3D ( 'NONE', #912, #1080, #743 ) ;
#803 = EDGE_LOOP ( 'NONE', ( #1330 ) ) ;
#804 = B_SPLINE_CURVE_WITH_KNOTS ( 'NONE', 3,
 ( #1714, #900, #1116, #1942, #139, #1090, #1570, #2103, #1615, #1602, #612, #604, #118, #1906 ),
 .UNSPECIFIED., .F., .F.,
 ( 4, 2, 2, 2, 2, 2, 4 ),
 ( 4.922436048218551206E-14, 0.0002935153998052380674, 0.0005870307995612518382, 0.0008805461993172656633, 0.001174061599073279163, 0.001761092398585303561, 0.002348123198097328175 ),
 .UNSPECIFIED. ) ;
#805 = EDGE_LOOP ( 'NONE', ( #866, #1226, #1144, #785, #926, #1784, #1403, #1945, #1740, #827, #888, #1554 ) ) ;
#806 = ORIENTED_EDGE ( 'NONE', *, *, #855, .T. ) ;
#807 = VECTOR ( 'NONE', #1710, 1000.000000000000000 ) ;
#808 = EDGE_CURVE ( 'NONE', #1564, #558, #2113, .T. ) ;
#809 = LINE ( 'NONE', #1788, #315 ) ;
#810 = CARTESIAN_POINT ( 'NONE',  ( 3.889087296499999180, 68.50000000000000000, -3.889087296499999180 ) ) ;
#811 = LINE ( 'NONE', #800, #462 ) ;
#812 = CARTESIAN_POINT ( 'NONE',  ( 1.500000000000000000, 33.07450000000000045, -5.500000000000000000 ) ) ;
#813 = ORIENTED_EDGE ( 'NONE', *, *, #34, .F. ) ;
#814 = DIRECTION ( 'NONE',  ( 1.000000000000000000, -1.577021341797097314E-16, 0.000000000000000000 ) ) ;
#815 = CIRCLE ( 'NONE', #1567, 8.250000000000000000 ) ;
#816 = EDGE_CURVE ( 'NONE', #192, #1883, #1941, .T. ) ;
#817 = ORIENTED_EDGE ( 'NONE', *, *, #1853, .F. ) ;
#818 = ADVANCED_FACE ( 'NONE', ( #875, #378 ), #1558, .T. ) ;
#819 = DIRECTION ( 'NONE',  ( 1.000000000000000000, 0.000000000000000000, 0.000000000000000000 ) ) ;
#820 = CARTESIAN_POINT ( 'NONE',  ( 8.266500000000000625, 68.50000000000000000, 0.000000000000000000 ) ) ;
#821 = VECTOR ( 'NONE', #23, 1000.000000000000114 ) ;
#822 = LINE ( 'NONE', #1659, #1732 ) ;
#823 = CARTESIAN_POINT ( 'NONE',  ( 1.499999998364864862, 5.499999999865308631, 8.112490370096313796 ) ) ;
#824 = VERTEX_POINT ( 'NONE', #413 ) ;
#825 = LINE ( 'NONE', #1336, #1837 ) ;
#826 = AXIS2_PLACEMENT_3D ( 'NONE', #742, #272, #1389 ) ;
#827 = ORIENTED_EDGE ( 'NONE', *, *, #1586, .F. ) ;
#828 = EDGE_CURVE ( 'NONE', #420, #1259, #2028, .T. ) ;
#829 = VECTOR ( 'NONE', #1930, 1000.000000000000000 ) ;
#830 = ORIENTED_EDGE ( 'NONE', *, *, #2077, .T. ) ;
#831 = DIRECTION ( 'NONE',  ( -0.7071067813779355893, 0.000000000000000000, -0.7071067809951595562 ) ) ;
#832 = CARTESIAN_POINT ( 'NONE',  ( 3.061467458999999725, 79.00000000000000000, 7.391036259999999025 ) ) ;
#833 = CARTESIAN_POINT ( 'NONE',  ( 0.000000000000000000, 79.00000000000000000, 0.000000000000000000 ) ) ;
#834 = FILL_AREA_STYLE ('',( #1650 ) ) ;
#835 = DIRECTION ( 'NONE',  ( -0.7071067811865474617, 0.000000000000000000, 0.7071067811865474617 ) ) ;
#836 = LINE ( 'NONE', #681, #886 ) ;
#837 = CIRCLE ( 'NONE', #1862, 10.00000000000000000 ) ;
#838 = CARTESIAN_POINT ( 'NONE',  ( 5.499999999648268023, 13.00000000000000355, 1.499999999551763663 ) ) ;
#839 = VERTEX_POINT ( 'NONE', #854 ) ;
#840 = ADVANCED_FACE ( 'NONE', ( #227 ), #1687, .F. ) ;
#841 = VERTEX_POINT ( 'NONE', #702 ) ;
#842 = CARTESIAN_POINT ( 'NONE',  ( -6.797057124707844622, 68.50000000000000000, 4.675736780814158777 ) ) ;
#843 = VECTOR ( 'NONE', #1903, 1000.000000000000000 ) ;
#844 = DIRECTION ( 'NONE',  ( -1.000000000000000000, -0.000000000000000000, -0.000000000000000000 ) ) ;
#845 = CARTESIAN_POINT ( 'NONE',  ( 1.499999998364864862, 5.499999999865308631, 8.112490370096313796 ) ) ;
#846 = PRODUCT_DEFINITION_SHAPE ( 'NONE', 'NONE',  #1641 ) ;
#847 = CARTESIAN_POINT ( 'NONE',  ( 0.000000000000000000, 13.00000000000000178, 0.000000000000000000 ) ) ;
#848 = EDGE_CURVE ( 'NONE', #358, #358, #915, .T. ) ;
#849 = VECTOR ( 'NONE', #1525, 999.9999999999998863 ) ;
#850 = EDGE_LOOP ( 'NONE', ( #270 ) ) ;
#851 = ORIENTED_EDGE ( 'NONE', *, *, #1708, .T. ) ;
#852 = EDGE_LOOP ( 'NONE', ( #1829, #1747, #764, #1141 ) ) ;
#853 = DIRECTION ( 'NONE',  ( 0.000000000000000000, -0.000000000000000000, 1.000000000000000000 ) ) ;
#854 = CARTESIAN_POINT ( 'NONE',  ( 4.675736780875586085, 13.00000000000000000, -6.797057124875586887 ) ) ;
#855 = EDGE_CURVE ( 'NONE', #1937, #797, #1343, .T. ) ;
#856 = EDGE_CURVE ( 'NONE', #1508, #558, #542, .T. ) ;
#857 = DIRECTION ( 'NONE',  ( -0.000000000000000000, -0.000000000000000000, 1.000000000000000000 ) ) ;
#858 = LINE ( 'NONE', #508, #821 ) ;
#859 = DIRECTION ( 'NONE',  ( -0.000000000000000000, -1.000000000000000000, -0.000000000000000000 ) ) ;
#860 = EDGE_LOOP ( 'NONE', ( #1355, #1976, #682, #1444 ) ) ;
#861 = EDGE_LOOP ( 'NONE', ( #727, #1030, #1953, #918 ) ) ;
#862 = VERTEX_POINT ( 'NONE', #1676 ) ;
#863 = FACE_OUTER_BOUND ( 'NONE', #419, .T. ) ;
#864 = CARTESIAN_POINT ( 'NONE',  ( -3.889087296500000068, 62.50000000000000000, -3.889087296500000068 ) ) ;
#865 = DIRECTION ( 'NONE',  ( 0.7071067811865474617, 0.000000000000000000, -0.7071067811865476838 ) ) ;
#866 = ORIENTED_EDGE ( 'NONE', *, *, #789, .F. ) ;
#867 = LINE ( 'NONE', #889, #1625 ) ;
#868 = CARTESIAN_POINT ( 'NONE',  ( 9.672145761542505575E-32, 13.00000000000000178, 0.000000000000000000 ) ) ;
#869 = DIRECTION ( 'NONE',  ( -0.000000000000000000, -1.000000000000000000, -0.000000000000000000 ) ) ;
#870 = EDGE_CURVE ( 'NONE', #2096, #882, #575, .T. ) ;
#871 = ORIENTED_EDGE ( 'NONE', *, *, #1515, .T. ) ;
#872 = ORIENTED_EDGE ( 'NONE', *, *, #1535, .T. ) ;
#873 = CARTESIAN_POINT ( 'NONE',  ( 2.828427124999999709, 62.49999999961300290, -4.949747468000000872 ) ) ;
#874 = EDGE_CURVE ( 'NONE', #1688, #1621, #2009, .T. ) ;
#875 = FACE_BOUND ( 'NONE', #1309, .T. ) ;
#876 = EDGE_LOOP ( 'NONE', ( #134 ) ) ;
#877 = DIRECTION ( 'NONE',  ( -0.000000000000000000, 1.000000000000000000, -0.000000000000000000 ) ) ;
#878 = DIRECTION ( 'NONE',  ( 0.000000000000000000, 0.000000000000000000, 1.000000000000000000 ) ) ;
#879 = DIRECTION ( 'NONE',  ( 0.000000000000000000, -1.000000000000000000, 0.000000000000000000 ) ) ;
#880 = ORIENTED_EDGE ( 'NONE', *, *, #1603, .F. ) ;
#881 = EDGE_CURVE ( 'NONE', #500, #76, #75, .T. ) ;
#882 = VERTEX_POINT ( 'NONE', #602 ) ;
#883 = EDGE_CURVE ( 'NONE', #1719, #249, #1119, .T. ) ;
#884 = DIRECTION ( 'NONE',  ( 0.000000000000000000, -1.000000000000000000, 0.000000000000000000 ) ) ;
#885 = CARTESIAN_POINT ( 'NONE',  ( 0.000000000000000000, 74.25000000000000000, 8.250000000000000000 ) ) ;
#886 = VECTOR ( 'NONE', #25, 1000.000000000000000 ) ;
#887 = DIRECTION ( 'NONE',  ( 1.577021341797097560E-16, 1.000000000000000000, -0.000000000000000000 ) ) ;
#888 = ORIENTED_EDGE ( 'NONE', *, *, #1156, .F. ) ;
#889 = CARTESIAN_POINT ( 'NONE',  ( -4.949747468000000872, 13.00000000000000178, 2.828427124999999709 ) ) ;
#890 = DIRECTION ( 'NONE',  ( 0.000000000000000000, 0.000000000000000000, -1.000000000000000000 ) ) ;
#891 = DIRECTION ( 'NONE',  ( -0.000000000000000000, -0.000000000000000000, -1.000000000000000000 ) ) ;
#892 = VERTEX_POINT ( 'NONE', #1406 ) ;
#893 = CIRCLE ( 'NONE', #1170, 5.500000000000000000 ) ;
#894 = EDGE_LOOP ( 'NONE', ( #1672 ) ) ;
#895 = LINE ( 'NONE', #549, #1222 ) ;
#896 = AXIS2_PLACEMENT_3D ( 'NONE', #10, #965, #346 ) ;
#897 = ORIENTED_EDGE ( 'NONE', *, *, #1392, .F. ) ;
#898 = LINE ( 'NONE', #117, #1718 ) ;
#899 = AXIS2_PLACEMENT_3D ( 'NONE', #1728, #267, #792 ) ;
#900 = CARTESIAN_POINT ( 'NONE',  ( -4.675736781294911104, 5.400736357873460847, -6.797057124932209149 ) ) ;
#901 = DIRECTION ( 'NONE',  ( -1.355252715606880543E-17, -1.000000000000000000, 0.000000000000000000 ) ) ;
#902 = ADVANCED_FACE ( 'NONE', ( #1894 ), #1087, .F. ) ;
#903 = DIRECTION ( 'NONE',  ( 0.7071067811865470176, 0.000000000000000000, 0.7071067811865479058 ) ) ;
#904 = ORIENTED_EDGE ( 'NONE', *, *, #1834, .F. ) ;
#905 = ORIENTED_EDGE ( 'NONE', *, *, #627, .F. ) ;
#906 = AXIS2_PLACEMENT_3D ( 'NONE', #264, #1239, #77 ) ;
#907 = FACE_BOUND ( 'NONE', #1946, .T. ) ;
#908 = EDGE_LOOP ( 'NONE', ( #365 ) ) ;
#909 = DIRECTION ( 'NONE',  ( 1.577021341797097560E-16, 1.000000000000000000, -0.000000000000000000 ) ) ;
#910 = VECTOR ( 'NONE', #1010, 1000.000000000000000 ) ;
#911 = EDGE_CURVE ( 'NONE', #983, #1452, #434, .T. ) ;
#912 = CARTESIAN_POINT ( 'NONE',  ( 0.000000000000000000, 79.00000000000000000, 0.000000000000000000 ) ) ;
#913 = EDGE_CURVE ( 'NONE', #1956, #329, #294, .T. ) ;
#914 = DIRECTION ( 'NONE',  ( 1.000000000000000000, -2.710505431213761085E-17, 0.000000000000000000 ) ) ;
#915 = CIRCLE ( 'NONE', #1189, 4.428583649999999317 ) ;
#916 = CARTESIAN_POINT ( 'NONE',  ( -6.797057125000000255, 62.50000000000000000, -4.675736781000000342 ) ) ;
#917 = VERTEX_POINT ( 'NONE', #1926 ) ;
#918 = ORIENTED_EDGE ( 'NONE', *, *, #1769, .T. ) ;
#919 = FACE_OUTER_BOUND ( 'NONE', #1816, .T. ) ;
#920 = VECTOR ( 'NONE', #520, 1000.000000000000000 ) ;
#921 = LINE ( 'NONE', #587, #1849 ) ;
#922 = FACE_OUTER_BOUND ( 'NONE', #803, .T. ) ;
#923 = ADVANCED_FACE ( 'NONE', ( #594 ), #1733, .F. ) ;
#924 = EDGE_CURVE ( 'NONE', #797, #734, #489, .T. ) ;
#925 = FACE_OUTER_BOUND ( 'NONE', #1619, .T. ) ;
#926 = ORIENTED_EDGE ( 'NONE', *, *, #1255, .F. ) ;
#927 = ORIENTED_EDGE ( 'NONE', *, *, #913, .F. ) ;
#928 = AXIS2_PLACEMENT_3D ( 'NONE', #1118, #121, #949 ) ;
#929 = DIRECTION ( 'NONE',  ( 0.000000000000000000, 0.000000000000000000, 1.000000000000000000 ) ) ;
#930 = AXIS2_PLACEMENT_3D ( 'NONE', #810, #475, #799 ) ;
#931 = DIRECTION ( 'NONE',  ( 0.000000000000000000, 0.000000000000000000, -1.000000000000000000 ) ) ;
#932 = DIRECTION ( 'NONE',  ( -1.000000000000000000, -5.782411586589351722E-16, -0.000000000000000000 ) ) ;
#933 = ADVANCED_FACE ( 'NONE', ( #1742 ), #1914, .F. ) ;
#934 = AXIS2_PLACEMENT_3D ( 'NONE', #1800, #986, #1018 ) ;
#935 = DIRECTION ( 'NONE',  ( -0.000000000000000000, 1.000000000000000000, -0.000000000000000000 ) ) ;
#936 = LINE ( 'NONE', #288, #386 ) ;
#937 = ORIENTED_EDGE ( 'NONE', *, *, #1744, .T. ) ;
#938 = PLANE ( 'NONE',  #33 ) ;
#939 = VECTOR ( 'NONE', #1802, 1000.000000000000000 ) ;
#940 = ADVANCED_FACE ( 'NONE', ( #919 ), #1568, .F. ) ;
#941 = VERTEX_POINT ( 'NONE', #281 ) ;
#942 = EDGE_CURVE ( 'NONE', #1216, #559, #105, .T. ) ;
#943 = DIRECTION ( 'NONE',  ( -0.000000000000000000, -1.000000000000000000, -0.000000000000000000 ) ) ;
#944 = EDGE_CURVE ( 'NONE', #1859, #1859, #693, .T. ) ;
#945 = PLANE ( 'NONE',  #512 ) ;
#946 = AXIS2_PLACEMENT_3D ( 'NONE', #1353, #1857, #537 ) ;
#947 = CYLINDRICAL_SURFACE ( 'NONE', #360, 1.500000000000000000 ) ;
#948 = CARTESIAN_POINT ( 'NONE',  ( 8.112490369942486623, 68.49999999996759925, -1.499999999598407685 ) ) ;
#949 = DIRECTION ( 'NONE',  ( 0.000000000000000000, 0.000000000000000000, -1.000000000000000000 ) ) ;
#950 = EDGE_LOOP ( 'NONE', ( #1593, #1683, #2067, #1174 ) ) ;
#951 = ORIENTED_EDGE ( 'NONE', *, *, #1378, .T. ) ;
#952 = EDGE_CURVE ( 'NONE', #1937, #192, #473, .T. ) ;
#953 = DIRECTION ( 'NONE',  ( -0.7071067813779355893, -0.000000000000000000, 0.7071067809951595562 ) ) ;
#954 = CIRCLE ( 'NONE', #1490, 0.7499999999999997780 ) ;
#955 = FACE_OUTER_BOUND ( 'NONE', #850, .T. ) ;
#956 = VECTOR ( 'NONE', #1172, 1000.000000000000000 ) ;
#957 = CARTESIAN_POINT ( 'NONE',  ( 5.499999998944802293, 13.00000000000000178, 2.337868390500000171 ) ) ;
#958 = CARTESIAN_POINT ( 'NONE',  ( -5.500000000000000000, 68.49999999969234921, 1.500000000000000000 ) ) ;
#959 = VERTEX_POINT ( 'NONE', #619 ) ;
#960 = DIRECTION ( 'NONE',  ( 0.000000000000000000, 0.000000000000000000, -1.000000000000000000 ) ) ;
#961 = ORIENTED_EDGE ( 'NONE', *, *, #689, .T. ) ;
#962 = VERTEX_POINT ( 'NONE', #1722 ) ;
#963 = CARTESIAN_POINT ( 'NONE',  ( -6.686222654463533033, 69.25618180614968367, 4.833498433341767431 ) ) ;
#964 = AXIS2_PLACEMENT_3D ( 'NONE', #357, #662, #193 ) ;
#965 = DIRECTION ( 'NONE',  ( 0.000000000000000000, -1.000000000000000000, 0.000000000000000000 ) ) ;
#966 = ORIENTED_EDGE ( 'NONE', *, *, #565, .T. ) ;
#967 = CARTESIAN_POINT ( 'NONE',  ( 4.949747468000000872, 13.00000000000000178, -2.828427124999999709 ) ) ;
#968 = CARTESIAN_POINT ( 'NONE',  ( 5.693254458709326116, 3.999999999972561060, 5.974007430977517075 ) ) ;
#969 = PLANE ( 'NONE',  #423 ) ;
#970 = ADVANCED_FACE ( 'NONE', ( #94, #1253 ), #750, .T. ) ;
#971 = EDGE_LOOP ( 'NONE', ( #813, #966, #1432, #154 ) ) ;
#972 = VERTEX_POINT ( 'NONE', #1397 ) ;
#973 = ORIENTED_EDGE ( 'NONE', *, *, #689, .F. ) ;
#974 = CARTESIAN_POINT ( 'NONE',  ( -5.833630944544959007, 70.00000000292713764, 5.833630945033075221 ) ) ;
#975 = DIRECTION ( 'NONE',  ( 0.7071067809951595562, -0.000000000000000000, 0.7071067813779355893 ) ) ;
#976 = FACE_OUTER_BOUND ( 'NONE', #1596, .T. ) ;
#977 = ADVANCED_FACE ( 'NONE', ( #907, #2076 ), #2060, .T. ) ;
#978 = CARTESIAN_POINT ( 'NONE',  ( 5.500000000000000000, 62.49999999961300290, -5.640338177944970419E-10 ) ) ;
#979 = VECTOR ( 'NONE', #477, 1000.000000000000000 ) ;
#980 = DIRECTION ( 'NONE',  ( 0.7071067811865474617, 0.000000000000000000, 0.7071067811865474617 ) ) ;
#981 = ORIENTED_EDGE ( 'NONE', *, *, #561, .F. ) ;
#982 = PRESENTATION_LAYER_ASSIGNMENT (  '', '', ( #1791 ) ) ;
#983 = VERTEX_POINT ( 'NONE', #1445 ) ;
#984 = DIRECTION ( 'NONE',  ( 1.000000000000000000, 0.000000000000000000, 0.000000000000000000 ) ) ;
#985 = CYLINDRICAL_SURFACE ( 'NONE', #1540, 1.500000000000001332 ) ;
#986 = DIRECTION ( 'NONE',  ( -0.7071067813779355893, 0.000000000000000000, -0.7071067809951595562 ) ) ;
#987 = B_SPLINE_CURVE_WITH_KNOTS ( 'NONE', 3,
 ( #1044, #97, #753, #1690, #1053, #2042, #577, #229, #1680, #218, #2032, #567, #381, #543 ),
 .UNSPECIFIED., .F., .F.,
 ( 4, 2, 2, 2, 2, 2, 4 ),
 ( 0.000000000000000000, 0.0002935153996165898167, 0.0005870307992331796334, 0.0008805461988497695043, 0.001174061598466359267, 0.001761092397699568282, 0.002348123196932777081 ),
 .UNSPECIFIED. ) ;
#988 = CARTESIAN_POINT ( 'NONE',  ( 2.828427124999999709, 13.00000000000000178, -4.949747468000000872 ) ) ;
#989 = DIRECTION ( 'NONE',  ( 0.000000000000000000, 0.000000000000000000, -1.000000000000000000 ) ) ;
#990 = ORIENTED_EDGE ( 'NONE', *, *, #1002, .F. ) ;
#991 = CYLINDRICAL_SURFACE ( 'NONE', #1980, 1.499999999604271883 ) ;
#992 = EDGE_CURVE ( 'NONE', #69, #234, #809, .T. ) ;
#993 = CARTESIAN_POINT ( 'NONE',  ( 3.889087298062048337, 69.99999999990107824, -3.889087294976969034 ) ) ;
#994 = CARTESIAN_POINT ( 'NONE',  ( -6.444547744410707324, 69.69309640638303449, 5.151407730248423356 ) ) ;
#995 = DIRECTION ( 'NONE',  ( 0.000000000000000000, 0.000000000000000000, 1.000000000000000000 ) ) ;
#996 = DIRECTION ( 'NONE',  ( -0.000000000000000000, 1.000000000000000000, 0.000000000000000000 ) ) ;
#997 = CARTESIAN_POINT ( 'NONE',  ( -4.949747468000000872, 68.50000000000000000, 2.828427124999999709 ) ) ;
#998 = DIRECTION ( 'NONE',  ( -1.000000000000000000, -0.000000000000000000, -0.000000000000000000 ) ) ;
#999 = AXIS2_PLACEMENT_3D ( 'NONE', #664, #168, #1949 ) ;
#1000 = DIRECTION ( 'NONE',  ( -0.000000000000000000, 1.000000000000000000, -0.000000000000000000 ) ) ;
#1001 = ORIENTED_EDGE ( 'NONE', *, *, #550, .T. ) ;
#1002 = EDGE_CURVE ( 'NONE', #69, #91, #1302, .T. ) ;
#1003 = CIRCLE ( 'NONE', #1079, 1.499999999604274104 ) ;
#1004 = AXIS2_PLACEMENT_3D ( 'NONE', #1285, #1743, #1106 ) ;
#1005 = ORIENTED_EDGE ( 'NONE', *, *, #1495, .T. ) ;
#1006 = CARTESIAN_POINT ( 'NONE',  ( -3.889087296621778655, 69.99999999980214227, 3.889087296404234007 ) ) ;
#1007 = CARTESIAN_POINT ( 'NONE',  ( 0.000000000000000000, 76.00000000000000000, 10.00000000000000000 ) ) ;
#1008 = EDGE_CURVE ( 'NONE', #1462, #1237, #786, .T. ) ;
#1009 = CARTESIAN_POINT ( 'NONE',  ( -5.500000000000000000, 13.00000000000000178, 1.500000000000000000 ) ) ;
#1010 = DIRECTION ( 'NONE',  ( 0.000000000000000000, 1.000000000000000000, 0.000000000000000000 ) ) ;
#1011 = CARTESIAN_POINT ( 'NONE',  ( 0.000000000000000000, 62.50000000000000000, -5.500000000000000000 ) ) ;
#1012 = LINE ( 'NONE', #1994, #275 ) ;
#1013 = EDGE_LOOP ( 'NONE', ( #1911 ) ) ;
#1014 = ORIENTED_EDGE ( 'NONE', *, *, #1893, .F. ) ;
#1015 = CARTESIAN_POINT ( 'NONE',  ( 3.806532579999999832, 5.499999999730619038, 5.927852923000000551 ) ) ;
#1016 = AXIS2_PLACEMENT_3D ( 'NONE', #563, #1190, #540 ) ;
#1017 = ADVANCED_FACE ( 'NONE', ( #322 ), #1798, .F. ) ;
#1018 = DIRECTION ( 'NONE',  ( -0.7071067809951595562, 0.000000000000000000, 0.7071067813779355893 ) ) ;
#1019 = LINE ( 'NONE', #1502, #1580 ) ;
#1020 = CYLINDRICAL_SURFACE ( 'NONE', #521, 5.500000000000000000 ) ;
#1021 = CARTESIAN_POINT ( 'NONE',  ( -1.128068856834321378E-09, 12.99999999812350282, 5.500000000000000000 ) ) ;
#1022 = ORIENTED_EDGE ( 'NONE', *, *, #1127, .T. ) ;
#1023 = VERTEX_POINT ( 'NONE', #842 ) ;
#1024 = AXIS2_PLACEMENT_3D ( 'NONE', #295, #1274, #1089 ) ;
#1025 = ORIENTED_EDGE ( 'NONE', *, *, #1693, .T. ) ;
#1026 = CARTESIAN_POINT ( 'NONE',  ( -0.4840379935124237143, 4.076849525109373040, -8.236290458763178890 ) ) ;
#1027 = EDGE_CURVE ( 'NONE', #688, #688, #140, .T. ) ;
#1028 = CARTESIAN_POINT ( 'NONE',  ( 3.061467458999999725, 80.00000000000000000, 8.141036259999999913 ) ) ;
#1029 = DIRECTION ( 'NONE',  ( 0.000000000000000000, -1.000000000000000000, 0.000000000000000000 ) ) ;
#1030 = ORIENTED_EDGE ( 'NONE', *, *, #653, .F. ) ;
#1031 = DIRECTION ( 'NONE',  ( -0.7071067811865475727, 0.000000000000000000, 0.7071067811865475727 ) ) ;
#1032 = LINE ( 'NONE', #349, #1466 ) ;
#1033 = VECTOR ( 'NONE', #657, 1000.000000000000000 ) ;
#1034 = LINE ( 'NONE', #435, #64 ) ;
#1035 = ORIENTED_EDGE ( 'NONE', *, *, #1148, .T. ) ;
#1036 = EDGE_CURVE ( 'NONE', #1023, #399, #311, .T. ) ;
#1037 = VECTOR ( 'NONE', #975, 1000.000000000000000 ) ;
#1038 = ORIENTED_EDGE ( 'NONE', *, *, #1113, .T. ) ;
#1039 = ORIENTED_EDGE ( 'NONE', *, *, #1853, .T. ) ;
#1040 = DIRECTION ( 'NONE',  ( 0.000000000000000000, 0.000000000000000000, -1.000000000000000000 ) ) ;
#1041 = PRODUCT_CONTEXT ( 'NONE', #2069, 'mechanical' ) ;
#1042 = CARTESIAN_POINT ( 'NONE',  ( 5.971543681023351091, 69.99024435240578157, -5.693187373988559230 ) ) ;
#1043 = VERTEX_POINT ( 'NONE', #514 ) ;
#1044 = CARTESIAN_POINT ( 'NONE',  ( 8.112490369942486623, 68.49999999996759925, -1.499999999598407685 ) ) ;
#1045 = EDGE_CURVE ( 'NONE', #1631, #153, #1633, .T. ) ;
#1046 = LINE ( 'NONE', #1898, #584 ) ;
#1047 = ORIENTED_EDGE ( 'NONE', *, *, #1792, .T. ) ;
#1048 = EDGE_LOOP ( 'NONE', ( #937 ) ) ;
#1049 = DIRECTION ( 'NONE',  ( 0.000000000000000000, -1.000000000000000000, 0.000000000000000000 ) ) ;
#1050 =( LENGTH_UNIT ( ) NAMED_UNIT ( * ) SI_UNIT ( .MILLI., .METRE. ) );
#1051 = DIRECTION ( 'NONE',  ( 3.060239622225224723E-18, 1.000000000000000000, 0.000000000000000000 ) ) ;
#1052 = ORIENTED_EDGE ( 'NONE', *, *, #791, .F. ) ;
#1053 = CARTESIAN_POINT ( 'NONE',  ( 8.126413383049118977, 68.98403068959221685, -1.423152610150815400 ) ) ;
#1054 = CARTESIAN_POINT ( 'NONE',  ( 5.833630941315068874, 70.00000000292713764, -5.833630948262965354 ) ) ;
#1055 = DIRECTION ( 'NONE',  ( 0.000000000000000000, 0.000000000000000000, 1.000000000000000000 ) ) ;
#1056 = VERTEX_POINT ( 'NONE', #1006 ) ;
#1057 = CIRCLE ( 'NONE', #1323, 10.00000000000000000 ) ;
#1058 = ORIENTED_EDGE ( 'NONE', *, *, #1913, .T. ) ;
#1059 = CARTESIAN_POINT ( 'NONE',  ( -0.09926309331132152081, 4.000000000026318503, -8.249999999995218047 ) ) ;
#1060 = AXIS2_PLACEMENT_3D ( 'NONE', #1260, #451, #1935 ) ;
#1061 = PRODUCT_DEFINITION_CONTEXT ( 'detailed design', #280, 'design' ) ;
#1062 = DIRECTION ( 'NONE',  ( 0.000000000000000000, 0.000000000000000000, 1.000000000000000000 ) ) ;
#1063 = EDGE_CURVE ( 'NONE', #1486, #1023, #1932, .T. ) ;
#1064 = ORIENTED_EDGE ( 'NONE', *, *, #535, .F. ) ;
#1065 = DIRECTION ( 'NONE',  ( 0.000000000000000000, 0.000000000000000000, -1.000000000000000000 ) ) ;
#1066 = DIRECTION ( 'NONE',  ( 1.000000000000000000, 0.000000000000000000, 0.000000000000000000 ) ) ;
#1067 = EDGE_CURVE ( 'NONE', #608, #639, #1809, .T. ) ;
#1068 = CARTESIAN_POINT ( 'NONE',  ( -8.217256705826057939, 69.81006373992980230, 0.7562018376105135165 ) ) ;
#1069 = AXIS2_PLACEMENT_3D ( 'NONE', #1154, #1957, #1477 ) ;
#1070 = ORIENTED_EDGE ( 'NONE', *, *, #1917, .T. ) ;
#1071 = AXIS2_PLACEMENT_3D ( 'NONE', #589, #1524, #1229 ) ;
#1072 = ORIENTED_EDGE ( 'NONE', *, *, #992, .T. ) ;
#1073 = EDGE_CURVE ( 'NONE', #1526, #76, #1291, .T. ) ;
#1074 = VECTOR ( 'NONE', #1763, 1000.000000000000114 ) ;
#1075 = EDGE_CURVE ( 'NONE', #558, #1711, #1948, .T. ) ;
#1076 = DIRECTION ( 'NONE',  ( 1.000000000000000000, 0.000000000000000000, 0.000000000000000000 ) ) ;
#1077 = ORIENTED_EDGE ( 'NONE', *, *, #2090, .F. ) ;
#1078 = DIRECTION ( 'NONE',  ( 0.000000000000000000, -1.000000000000000000, 0.000000000000000000 ) ) ;
#1079 = AXIS2_PLACEMENT_3D ( 'NONE', #1755, #297, #783 ) ;
#1080 = DIRECTION ( 'NONE',  ( -0.000000000000000000, 1.000000000000000000, 0.000000000000000000 ) ) ;
#1081 = DIRECTION ( 'NONE',  ( -0.000000000000000000, -1.000000000000000000, -0.000000000000000000 ) ) ;
#1082 = PLANE ( 'NONE',  #899 ) ;
#1083 = EDGE_LOOP ( 'NONE', ( #1987, #1909, #68, #2037, #1261, #1940, #1771 ) ) ;
#1084 = VERTEX_POINT ( 'NONE', #1656 ) ;
#1085 = AXIS2_PLACEMENT_3D ( 'NONE', #1491, #877, #2005 ) ;
#1086 = EDGE_CURVE ( 'NONE', #91, #1196, #485, .T. ) ;
#1087 = PLANE ( 'NONE',  #1500 ) ;
#1088 = ADVANCED_FACE ( 'NONE', ( #1623 ), #1646, .F. ) ;
#1089 = DIRECTION ( 'NONE',  ( 0.000000000000000000, 0.000000000000000000, 1.000000000000000000 ) ) ;
#1090 = CARTESIAN_POINT ( 'NONE',  ( -4.802219243589596509, 4.834504680380962149, -6.708401311823618762 ) ) ;
#1091 = LINE ( 'NONE', #1562, #1571 ) ;
#1092 = CARTESIAN_POINT ( 'NONE',  ( 5.145131553261538926, 4.301655060040713074, 6.450540077555589669 ) ) ;
#1093 = EDGE_LOOP ( 'NONE', ( #1519, #233, #756, #1422 ) ) ;
#1094 = ORIENTED_EDGE ( 'NONE', *, *, #2110, .F. ) ;
#1095 = AXIS2_PLACEMENT_3D ( 'NONE', #1142, #960, #1785 ) ;
#1096 = CARTESIAN_POINT ( 'NONE',  ( -9.672145765510088403E-32, 13.00000000000000178, 0.000000000000000000 ) ) ;
#1097 = CARTESIAN_POINT ( 'NONE',  ( -2.828427124999999709, 62.49999999999998579, 4.949747468000000872 ) ) ;
#1098 = DIRECTION ( 'NONE',  ( -2.664535259100375697E-15, 0.000000000000000000, 1.000000000000000000 ) ) ;
#1099 = ORIENTED_EDGE ( 'NONE', *, *, #2017, .T. ) ;
#1100 = FACE_OUTER_BOUND ( 'NONE', #1528, .T. ) ;
#1101 = EDGE_CURVE ( 'NONE', #249, #972, #1364, .T. ) ;
#1102 = ORIENTED_EDGE ( 'NONE', *, *, #1517, .T. ) ;
#1103 = VECTOR ( 'NONE', #1681, 1000.000000000000000 ) ;
#1104 = VECTOR ( 'NONE', #953, 999.9999999999998863 ) ;
#1105 = DIRECTION ( 'NONE',  ( 0.000000000000000000, 0.000000000000000000, 1.000000000000000000 ) ) ;
#1106 = DIRECTION ( 'NONE',  ( 1.000000000000000000, 0.000000000000000000, 1.776356839400250465E-15 ) ) ;
#1107 = AXIS2_PLACEMENT_3D ( 'NONE', #1304, #1169, #1480 ) ;
#1108 = DIRECTION ( 'NONE',  ( -0.000000000000000000, -0.000000000000000000, -1.000000000000000000 ) ) ;
#1109 = B_SPLINE_CURVE_WITH_KNOTS ( 'NONE', 3,
 ( #1521, #1511, #1042, #1354, #62, #1236, #84, #390, #1376, #2049, #2015, #1202, #51, #1365 ),
 .UNSPECIFIED., .F., .F.,
 ( 4, 2, 2, 2, 2, 2, 4 ),
 ( 0.000000000000000000, 0.0002935162076055889834, 0.0005870324152111779667, 0.0008805486228167668959, 0.001174064830422355933, 0.001761097245633503000, 0.002348129660844650284 ),
 .UNSPECIFIED. ) ;
#1110 = CARTESIAN_POINT ( 'NONE',  ( -4.675736780875586085, 62.50000000000000000, 6.797057124875585998 ) ) ;
#1111 = EDGE_LOOP ( 'NONE', ( #442, #1338, #2073, #481, #1131, #748 ) ) ;
#1112 = CARTESIAN_POINT ( 'NONE',  ( -2.828427125000000153, 5.499999999865307743, -4.949747468000000872 ) ) ;
#1113 = EDGE_CURVE ( 'NONE', #841, #1234, #401, .T. ) ;
#1114 = ORIENTED_EDGE ( 'NONE', *, *, #1382, .T. ) ;
#1115 = FACE_OUTER_BOUND ( 'NONE', #299, .T. ) ;
#1116 = CARTESIAN_POINT ( 'NONE',  ( -4.683922743238152719, 5.303172745797534837, -6.791446402016257267 ) ) ;
#1117 = LINE ( 'NONE', #1591, #1176 ) ;
#1118 = CARTESIAN_POINT ( 'NONE',  ( 1.500000000000000000, 13.00000000000000178, -5.500000000000000000 ) ) ;
#1119 = CIRCLE ( 'NONE', #1555, 8.250000000000000000 ) ;
#1120 = ORIENTED_EDGE ( 'NONE', *, *, #126, .T. ) ;
#1121 = CARTESIAN_POINT ( 'NONE',  ( 6.797057125127695443, 62.50000000000000000, 4.675736780203827436 ) ) ;
#1122 = ORIENTED_EDGE ( 'NONE', *, *, #874, .F. ) ;
#1123 = CARTESIAN_POINT ( 'NONE',  ( -6.285562549738081373, 69.84786673136534318, 5.344387404895980964 ) ) ;
#1124 = LINE ( 'NONE', #323, #1037 ) ;
#1125 = AXIS2_PLACEMENT_3D ( 'NONE', #38, #189, #502 ) ;
#1126 = ORIENTED_EDGE ( 'NONE', *, *, #1165, .F. ) ;
#1127 = EDGE_CURVE ( 'NONE', #1168, #1168, #837, .T. ) ;
#1128 = CARTESIAN_POINT ( 'NONE',  ( 4.675736781000000342, 37.75000000000000000, -6.797057125000000255 ) ) ;
#1129 = CARTESIAN_POINT ( 'NONE',  ( -6.797057124707843734, 12.99999999999999822, 4.675736780814157889 ) ) ;
#1130 = DIRECTION ( 'NONE',  ( 0.000000000000000000, 0.000000000000000000, -1.000000000000000000 ) ) ;
#1131 = ORIENTED_EDGE ( 'NONE', *, *, #392, .F. ) ;
#1132 = DIRECTION ( 'NONE',  ( 0.000000000000000000, 0.000000000000000000, -1.000000000000000000 ) ) ;
#1133 = EDGE_LOOP ( 'NONE', ( #739, #1787, #1199, #1126, #2030, #1210 ) ) ;
#1134 = ORIENTED_EDGE ( 'NONE', *, *, #1316, .F. ) ;
#1135 = CARTESIAN_POINT ( 'NONE',  ( 6.000788832999999656, 62.50000000000000000, 1.499999998655290545 ) ) ;
#1136 = EDGE_CURVE ( 'NONE', #243, #356, #2000, .T. ) ;
#1137 = VECTOR ( 'NONE', #943, 1000.000000000000000 ) ;
#1138 = LINE ( 'NONE', #1647, #389 ) ;
#1139 = ADVANCED_FACE ( 'NONE', ( #525 ), #560, .T. ) ;
#1140 = FACE_OUTER_BOUND ( 'NONE', #238, .T. ) ;
#1141 = ORIENTED_EDGE ( 'NONE', *, *, #1762, .F. ) ;
#1142 = CARTESIAN_POINT ( 'NONE',  ( 8.112490370000001505, 13.00000000000000178, -1.500000000000000000 ) ) ;
#1143 = ORIENTED_EDGE ( 'NONE', *, *, #645, .F. ) ;
#1144 = ORIENTED_EDGE ( 'NONE', *, *, #171, .F. ) ;
#1145 = CARTESIAN_POINT ( 'NONE',  ( -6.492551315310661764, 69.62994395676101078, 5.090591308386716030 ) ) ;
#1146 = DIRECTION ( 'NONE',  ( -0.000000000000000000, -1.000000000000000000, -0.000000000000000000 ) ) ;
#1147 = PLANE ( 'NONE',  #934 ) ;
#1148 = EDGE_CURVE ( 'NONE', #1573, #289, #245, .T. ) ;
#1149 =( LENGTH_UNIT ( ) NAMED_UNIT ( * ) SI_UNIT ( .MILLI., .METRE. ) );
#1150 = DIRECTION ( 'NONE',  ( 1.000000000000000000, 0.000000000000000000, 0.000000000000000000 ) ) ;
#1151 = ORIENTED_EDGE ( 'NONE', *, *, #1036, .T. ) ;
#1152 = DIRECTION ( 'NONE',  ( 0.7071067811865475727, -0.000000000000000000, 0.7071067811865475727 ) ) ;
#1153 = DIRECTION ( 'NONE',  ( -0.7071067813779355893, -0.000000000000000000, 0.7071067809951595562 ) ) ;
#1154 = CARTESIAN_POINT ( 'NONE',  ( 0.000000000000000000, 5.500000000000000000, 5.500000000000000000 ) ) ;
#1155 = DIRECTION ( 'NONE',  ( -0.7071067809951595562, 0.000000000000000000, 0.7071067813779355893 ) ) ;
#1156 = EDGE_CURVE ( 'NONE', #2016, #1925, #226, .T. ) ;
#1157 = DIRECTION ( 'NONE',  ( 0.000000000000000000, 0.000000000000000000, -1.000000000000000000 ) ) ;
#1158 = LINE ( 'NONE', #206, #666 ) ;
#1159 = LINE ( 'NONE', #1483, #1674 ) ;
#1160 = ADVANCED_FACE ( 'NONE', ( #1200 ), #388, .F. ) ;
#1161 = CARTESIAN_POINT ( 'NONE',  ( 0.000000000000000000, 62.50000000000000000, 0.000000000000000000 ) ) ;
#1162 = CIRCLE ( 'NONE', #1360, 8.250000000000000000 ) ;
#1163 = ADVANCED_FACE ( 'NONE', ( #863, #1212 ), #1820, .T. ) ;
#1164 = EDGE_LOOP ( 'NONE', ( #113 ) ) ;
#1165 = EDGE_CURVE ( 'NONE', #313, #839, #60, .T. ) ;
#1166 = ORIENTED_EDGE ( 'NONE', *, *, #1227, .T. ) ;
#1167 = CARTESIAN_POINT ( 'NONE',  ( 6.797057125000000255, 13.00000000000000178, 4.675736781000000342 ) ) ;
#1168 = VERTEX_POINT ( 'NONE', #1007 ) ;
#1169 = DIRECTION ( 'NONE',  ( 0.000000000000000000, 1.000000000000000000, 0.000000000000000000 ) ) ;
#1170 = AXIS2_PLACEMENT_3D ( 'NONE', #1887, #556, #1514 ) ;
#1171 = CARTESIAN_POINT ( 'NONE',  ( 0.7515512129714626566, 4.198172300754235309, 8.216104186750992966 ) ) ;
#1172 = DIRECTION ( 'NONE',  ( -0.000000000000000000, -1.000000000000000000, -0.000000000000000000 ) ) ;
#1173 = PRODUCT_RELATED_PRODUCT_CATEGORY ( 'part', '', ( #2014 ) ) ;
#1174 = ORIENTED_EDGE ( 'NONE', *, *, #411, .F. ) ;
#1175 = EDGE_CURVE ( 'NONE', #1767, #1223, #895, .T. ) ;
#1176 = VECTOR ( 'NONE', #132, 1000.000000000000000 ) ;
#1177 = ORIENTED_EDGE ( 'NONE', *, *, #1892, .F. ) ;
#1178 = CARTESIAN_POINT ( 'NONE',  ( -1.459974778240671123, 5.104300503141598888, -8.120144957884761538 ) ) ;
#1179 = DIRECTION ( 'NONE',  ( 0.000000000000000000, -1.000000000000000000, 0.000000000000000000 ) ) ;
#1180 = PLANE ( 'NONE',  #185 ) ;
#1181 = CARTESIAN_POINT ( 'NONE',  ( 4.675736781611716353, 5.499999999814800589, 6.797057124220280855 ) ) ;
#1182 = DIRECTION ( 'NONE',  ( 0.000000000000000000, -1.000000000000000000, 0.000000000000000000 ) ) ;
#1183 = CARTESIAN_POINT ( 'NONE',  ( 6.797057125504215591, 37.75000000000000000, 4.675736779656482156 ) ) ;
#1184 = VECTOR ( 'NONE', #1065, 1000.000000000000000 ) ;
#1185 = ORIENTED_EDGE ( 'NONE', *, *, #1393, .T. ) ;
#1186 = ORIENTED_EDGE ( 'NONE', *, *, #1300, .F. ) ;
#1187 = VERTEX_POINT ( 'NONE', #873 ) ;
#1188 = CARTESIAN_POINT ( 'NONE',  ( -1.500000000757212515, 5.499999999999999112, -8.112490369653967193 ) ) ;
#1189 = AXIS2_PLACEMENT_3D ( 'NONE', #1835, #1029, #2039 ) ;
#1190 = DIRECTION ( 'NONE',  ( 0.000000000000000000, -1.000000000000000000, 0.000000000000000000 ) ) ;
#1191 = VERTEX_POINT ( 'NONE', #1520 ) ;
#1192 = ADVANCED_FACE ( 'NONE', ( #1498 ), #42, .F. ) ;
#1193 = FACE_BOUND ( 'NONE', #1164, .T. ) ;
#1194 = LINE ( 'NONE', #1492, #1103 ) ;
#1195 = CARTESIAN_POINT ( 'NONE',  ( -5.499999999648268023, 13.00000000000000355, 1.499999999551763663 ) ) ;
#1196 = VERTEX_POINT ( 'NONE', #1373 ) ;
#1197 = EDGE_LOOP ( 'NONE', ( #806, #729, #1999, #403 ) ) ;
#1198 = AXIS2_PLACEMENT_3D ( 'NONE', #1569, #620, #931 ) ;
#1199 = ORIENTED_EDGE ( 'NONE', *, *, #59, .F. ) ;
#1200 = FACE_OUTER_BOUND ( 'NONE', #554, .T. ) ;
#1201 = VERTEX_POINT ( 'NONE', #1833 ) ;
#1202 = CARTESIAN_POINT ( 'NONE',  ( 6.774167629531206103, 68.89569949843226482, -4.709451498552986948 ) ) ;
#1203 = EDGE_CURVE ( 'NONE', #57, #433, #1760, .T. ) ;
#1204 = ORIENTED_EDGE ( 'NONE', *, *, #100, .T. ) ;
#1205 = DIRECTION ( 'NONE',  ( -0.000000000000000000, -1.000000000000000000, -0.000000000000000000 ) ) ;
#1206 = PLANE ( 'NONE',  #621 ) ;
#1207 = CIRCLE ( 'NONE', #175, 8.250000000000000000 ) ;
#1208 = CARTESIAN_POINT ( 'NONE',  ( -6.797057124875586887, 13.00000000000000000, -4.675736780875586085 ) ) ;
#1209 = PRODUCT_DEFINITION_FORMATION_WITH_SPECIFIED_SOURCE ( 'ANY', '', #2014, .NOT_KNOWN. ) ;
#1210 = ORIENTED_EDGE ( 'NONE', *, *, #1449, .T. ) ;
#1211 = EDGE_LOOP ( 'NONE', ( #1204 ) ) ;
#1212 = FACE_OUTER_BOUND ( 'NONE', #471, .T. ) ;
#1213 = VERTEX_POINT ( 'NONE', #885 ) ;
#1214 = AXIS2_PLACEMENT_3D ( 'NONE', #1409, #2070, #1790 ) ;
#1215 = CARTESIAN_POINT ( 'NONE',  ( 1.499999996729729501, 32.50000000000000000, 8.112490370398649731 ) ) ;
#1216 = VERTEX_POINT ( 'NONE', #2105 ) ;
#1217 = ADVANCED_FACE ( 'NONE', ( #1582 ), #969, .F. ) ;
#1218 = CARTESIAN_POINT ( 'NONE',  ( -5.500000000000000000, 70.00000000000000000, -1.057896942284538077E-09 ) ) ;
#1219 = LINE ( 'NONE', #1240, #1808 ) ;
#1220 = CARTESIAN_POINT ( 'NONE',  ( -8.199378042331908034, 69.69834493886698112, 0.9230632217436512965 ) ) ;
#1221 = ORIENTED_EDGE ( 'NONE', *, *, #1918, .F. ) ;
#1222 = VECTOR ( 'NONE', #1697, 1000.000000000000000 ) ;
#1223 = VERTEX_POINT ( 'NONE', #958 ) ;
#1224 = CARTESIAN_POINT ( 'NONE',  ( 0.000000000000000000, 62.50000000000000000, 0.000000000000000000 ) ) ;
#1225 = DIRECTION ( 'NONE',  ( -1.577021341797097560E-16, -1.000000000000000000, 0.000000000000000000 ) ) ;
#1226 = ORIENTED_EDGE ( 'NONE', *, *, #579, .F. ) ;
#1227 = EDGE_CURVE ( 'NONE', #1564, #646, #936, .T. ) ;
#1228 = CARTESIAN_POINT ( 'NONE',  ( 4.949747468000000872, 3.649000000000000021, 2.828427124999999709 ) ) ;
#1229 = DIRECTION ( 'NONE',  ( 0.7071067811865470176, 0.000000000000000000, 0.7071067811865479058 ) ) ;
#1230 = LINE ( 'NONE', #90, #529 ) ;
#1231 = ADVANCED_FACE ( 'NONE', ( #1450 ), #624, .F. ) ;
#1232 = ORIENTED_EDGE ( 'NONE', *, *, #178, .F. ) ;
#1233 = VECTOR ( 'NONE', #891, 1000.000000000000000 ) ;
#1234 = VERTEX_POINT ( 'NONE', #1110 ) ;
#1235 = ADVANCED_FACE ( 'NONE', ( #1421 ), #1921, .F. ) ;
#1236 = CARTESIAN_POINT ( 'NONE',  ( 6.285562548354354462, 69.84786673242706456, -5.344387406526455386 ) ) ;
#1237 = VERTEX_POINT ( 'NONE', #133 ) ;
#1238 = DIRECTION ( 'NONE',  ( 0.000000000000000000, -1.000000000000000000, 0.000000000000000000 ) ) ;
#1239 = DIRECTION ( 'NONE',  ( -0.000000000000000000, -1.000000000000000000, -0.000000000000000000 ) ) ;
#1240 = CARTESIAN_POINT ( 'NONE',  ( 1.208184527999999425, 70.00000000000000000, 0.000000000000000000 ) ) ;
#1241 = FACE_OUTER_BOUND ( 'NONE', #1383, .T. ) ;
#1242 = EDGE_LOOP ( 'NONE', ( #904, #1251, #1622, #1039 ) ) ;
#1243 = ADVANCED_FACE ( 'NONE', ( #1756 ), #298, .F. ) ;
#1244 = EDGE_LOOP ( 'NONE', ( #1143, #2003, #482, #684, #1497, #547 ) ) ;
#1245 = EDGE_CURVE ( 'NONE', #399, #1891, #2083, .T. ) ;
#1246 = FACE_OUTER_BOUND ( 'NONE', #200, .T. ) ;
#1247 = CARTESIAN_POINT ( 'NONE',  ( -8.112490369896988796, 13.00000000000000000, -1.500000000000000000 ) ) ;
#1248 = CARTESIAN_POINT ( 'NONE',  ( 2.828427124999999709, 62.49999999999998579, 4.949747468000000872 ) ) ;
#1249 = DIRECTION ( 'NONE',  ( -1.000000000000000000, -0.000000000000000000, -0.000000000000000000 ) ) ;
#1250 = ORIENTED_EDGE ( 'NONE', *, *, #1314, .T. ) ;
#1251 = ORIENTED_EDGE ( 'NONE', *, *, #1735, .F. ) ;
#1252 = AXIS2_PLACEMENT_3D ( 'NONE', #780, #932, #790 ) ;
#1253 = FACE_OUTER_BOUND ( 'NONE', #1048, .T. ) ;
#1254 = PLANE ( 'NONE',  #1294 ) ;
#1255 = EDGE_CURVE ( 'NONE', #201, #600, #695, .T. ) ;
#1256 = CARTESIAN_POINT ( 'NONE',  ( 5.499999999472400702, 13.00000000000000178, 5.640340625112649775E-10 ) ) ;
#1257 = EDGE_CURVE ( 'NONE', #734, #841, #1774, .T. ) ;
#1258 = DIRECTION ( 'NONE',  ( 0.000000000000000000, -1.000000000000000000, 0.000000000000000000 ) ) ;
#1259 = VERTEX_POINT ( 'NONE', #2116 ) ;
#1260 = CARTESIAN_POINT ( 'NONE',  ( -4.703791202000000560, 62.50000000000000000, -3.863746878000000162 ) ) ;
#1261 = ORIENTED_EDGE ( 'NONE', *, *, #1351, .T. ) ;
#1262 = CARTESIAN_POINT ( 'NONE',  ( 0.000000000000000000, 4.000000000000003553, 0.000000000000000000 ) ) ;
#1263 = AXIS2_PLACEMENT_3D ( 'NONE', #611, #603, #1724 ) ;
#1264 = CARTESIAN_POINT ( 'NONE',  ( -0.02805442100000000646, 62.50000000000000000, -3.863746878000000162 ) ) ;
#1265 = DIRECTION ( 'NONE',  ( -1.000000000000000000, 0.000000000000000000, 0.000000000000000000 ) ) ;
#1266 = EDGE_CURVE ( 'NONE', #824, #548, #1296, .T. ) ;
#1267 = FACE_OUTER_BOUND ( 'NONE', #971, .T. ) ;
#1268 = DIRECTION ( 'NONE',  ( 0.000000000000000000, 1.000000000000000000, 0.000000000000000000 ) ) ;
#1269 = EDGE_LOOP ( 'NONE', ( #793, #1035, #1922, #1476 ) ) ;
#1270 = FACE_OUTER_BOUND ( 'NONE', #1093, .T. ) ;
#1271 = ORIENTED_EDGE ( 'NONE', *, *, #164, .F. ) ;
#1272 = AXIS2_PLACEMENT_3D ( 'NONE', #1824, #372, #1503 ) ;
#1273 = CARTESIAN_POINT ( 'NONE',  ( 3.752081953000000247, 62.50000000000000000, 5.873402296500000119 ) ) ;
#1274 = DIRECTION ( 'NONE',  ( 0.000000000000000000, -1.000000000000000000, -0.000000000000000000 ) ) ;
#1275 = CARTESIAN_POINT ( 'NONE',  ( 3.889087297274059107, 66.25000000000000000, -3.889087295777962971 ) ) ;
#1276 = AXIS2_PLACEMENT_3D ( 'NONE', #1754, #2091, #622 ) ;
#1277 = DIRECTION ( 'NONE',  ( 0.000000000000000000, 0.000000000000000000, 1.000000000000000000 ) ) ;
#1278 = ORIENTED_EDGE ( 'NONE', *, *, #1075, .F. ) ;
#1279 = DIRECTION ( 'NONE',  ( -0.000000000000000000, -1.000000000000000000, -0.000000000000000000 ) ) ;
#1280 = ORIENTED_EDGE ( 'NONE', *, *, #1629, .T. ) ;
#1281 = EDGE_CURVE ( 'NONE', #1234, #797, #1982, .T. ) ;
#1282 = CARTESIAN_POINT ( 'NONE',  ( -3.889087296500000068, 13.00000000000000178, 3.889087296500000068 ) ) ;
#1283 = CARTESIAN_POINT ( 'NONE',  ( 0.000000000000000000, 62.50000000000000000, 0.000000000000000000 ) ) ;
#1284 = AXIS2_PLACEMENT_3D ( 'NONE', #1427, #771, #1437 ) ;
#1285 = CARTESIAN_POINT ( 'NONE',  ( -9.672145763279490560E-32, 13.00000000000000178, 0.000000000000000000 ) ) ;
#1286 = DIRECTION ( 'NONE',  ( -1.000000000000000000, 0.000000000000000000, 0.000000000000000000 ) ) ;
#1287 = DIRECTION ( 'NONE',  ( 0.7071067811865472397, 0.000000000000000000, -0.7071067811865477948 ) ) ;
#1288 = AXIS2_PLACEMENT_3D ( 'NONE', #1293, #1951, #1657 ) ;
#1289 = ORIENTED_EDGE ( 'NONE', *, *, #1902, .T. ) ;
#1290 = ORIENTED_EDGE ( 'NONE', *, *, #1101, .F. ) ;
#1291 = LINE ( 'NONE', #167, #671 ) ;
#1292 = DIRECTION ( 'NONE',  ( 0.000000000000000000, 0.000000000000000000, 1.000000000000000000 ) ) ;
#1293 = CARTESIAN_POINT ( 'NONE',  ( 0.000000000000000000, 62.50000000000000000, 0.000000000000000000 ) ) ;
#1294 = AXIS2_PLACEMENT_3D ( 'NONE', #250, #1238, #1905 ) ;
#1295 = CARTESIAN_POINT ( 'NONE',  ( 4.675736781611716353, 5.499999999814800589, 6.797057124220280855 ) ) ;
#1296 = LINE ( 'NONE', #1011, #1333 ) ;
#1297 = ORIENTED_EDGE ( 'NONE', *, *, #924, .T. ) ;
#1298 = EDGE_LOOP ( 'NONE', ( #1290, #1443, #1655, #308, #398, #410, #155, #1441, #476, #817, #122, #2108 ) ) ;
#1299 = ADVANCED_FACE ( 'NONE', ( #680 ), #1669, .F. ) ;
#1300 = EDGE_CURVE ( 'NONE', #1464, #57, #1032, .T. ) ;
#1301 = AXIS2_PLACEMENT_3D ( 'NONE', #868, #405, #1066 ) ;
#1302 = LINE ( 'NONE', #1978, #593 ) ;
#1303 = CARTESIAN_POINT ( 'NONE',  ( 4.949747468000000872, 12.99999999999999822, 2.828427124999999709 ) ) ;
#1304 = CARTESIAN_POINT ( 'NONE',  ( 2.302467458999999383, 79.00000000000000000, 6.632036259999998684 ) ) ;
#1305 = CARTESIAN_POINT ( 'NONE',  ( 0.4840379918295626971, 4.076849524532416780, 8.236290458863217978 ) ) ;
#1306 = EDGE_LOOP ( 'NONE', ( #2084, #534, #1359, #318, #2065, #625, #1339 ) ) ;
#1307 = CARTESIAN_POINT ( 'NONE',  ( -4.949747468000000872, 3.649000000000000021, -2.828427124999999709 ) ) ;
#1308 = PLANE ( 'NONE',  #412 ) ;
#1309 = EDGE_LOOP ( 'NONE', ( #1664 ) ) ;
#1310 = CIRCLE ( 'NONE', #766, 8.250000000000000000 ) ;
#1311 = DIRECTION ( 'NONE',  ( 0.000000000000000000, 1.000000000000000000, 0.000000000000000000 ) ) ;
#1312 = FACE_OUTER_BOUND ( 'NONE', #1856, .T. ) ;
#1313 = VECTOR ( 'NONE', #1779, 1000.000000000000000 ) ;
#1314 = EDGE_CURVE ( 'NONE', #2035, #1187, #858, .T. ) ;
#1315 = CARTESIAN_POINT ( 'NONE',  ( 0.09926309073070165023, 3.999999999850700316, 8.250000000027148062 ) ) ;
#1316 = EDGE_CURVE ( 'NONE', #433, #1084, #1159, .T. ) ;
#1317 = DIRECTION ( 'NONE',  ( 0.000000000000000000, 1.000000000000000000, 0.000000000000000000 ) ) ;
#1318 = DIRECTION ( 'NONE',  ( 0.000000000000000000, 1.000000000000000000, 0.000000000000000000 ) ) ;
#1319 = ORIENTED_EDGE ( 'NONE', *, *, #778, .T. ) ;
#1320 = CARTESIAN_POINT ( 'NONE',  ( -6.341089944548526702, 69.80182769872816095, 5.278236026211589049 ) ) ;
#1321 = SHAPE_DEFINITION_REPRESENTATION ( #846, #677 ) ;
#1322 = LINE ( 'NONE', #1979, #1387 ) ;
#1323 = AXIS2_PLACEMENT_3D ( 'NONE', #716, #2034, #581 ) ;
#1324 = EDGE_CURVE ( 'NONE', #1984, #420, #2093, .T. ) ;
#1325 = DIRECTION ( 'NONE',  ( -1.000000000000000000, 0.000000000000000000, 0.000000000000000000 ) ) ;
#1326 = CARTESIAN_POINT ( 'NONE',  ( -4.675736781000000342, 37.75000000000000000, 6.797057125000000255 ) ) ;
#1327 = CARTESIAN_POINT ( 'NONE',  ( 6.797057125000000255, 13.00000000000000178, 4.675736781000000342 ) ) ;
#1328 = AXIS2_PLACEMENT_3D ( 'NONE', #1264, #1915, #1712 ) ;
#1329 = EDGE_LOOP ( 'NONE', ( #493, #1177, #58, #905, #1639, #461 ) ) ;
#1330 = ORIENTED_EDGE ( 'NONE', *, *, #125, .F. ) ;
#1331 = AXIS2_PLACEMENT_3D ( 'NONE', #345, #2111, #641 ) ;
#1332 = FACE_OUTER_BOUND ( 'NONE', #385, .T. ) ;
#1333 = VECTOR ( 'NONE', #207, 1000.000000000000000 ) ;
#1334 = LINE ( 'NONE', #170, #1961 ) ;
#1335 = CARTESIAN_POINT ( 'NONE',  ( 1.499999999103528214, 62.50000000000000000, 5.499999999296535158 ) ) ;
#1336 = CARTESIAN_POINT ( 'NONE',  ( 1.500000000000000000, 34.00000000000000000, 5.500000000000000000 ) ) ;
#1337 = CARTESIAN_POINT ( 'NONE',  ( 6.797057125000000255, 62.50000000000000000, 4.675736781000000342 ) ) ;
#1338 = ORIENTED_EDGE ( 'NONE', *, *, #1067, .F. ) ;
#1339 = ORIENTED_EDGE ( 'NONE', *, *, #1439, .T. ) ;
#1340 = CARTESIAN_POINT ( 'NONE',  ( -1.500000000008089307, 5.301476886986935533, -8.112490369792482170 ) ) ;
#1341 = ADVANCED_FACE ( 'NONE', ( #187 ), #1020, .T. ) ;
#1342 = APPLICATION_PROTOCOL_DEFINITION ( 'draft international standard', 'automotive_design', 1998, #280 ) ;
#1343 = LINE ( 'NONE', #1699, #1451 ) ;
#1344 = VERTEX_POINT ( 'NONE', #544 ) ;
#1345 = CARTESIAN_POINT ( 'NONE',  ( 6.806245185000000752, 13.00000000000000178, -1.500000000000000000 ) ) ;
#1346 = CARTESIAN_POINT ( 'NONE',  ( 0.1968276346868551296, 4.009755647515701682, 8.248210429658147547 ) ) ;
#1347 = DIRECTION ( 'NONE',  ( -1.577021341797097560E-16, -1.000000000000000000, 0.000000000000000000 ) ) ;
#1348 = VECTOR ( 'NONE', #1579, 1000.000000000000000 ) ;
#1349 = ORIENTED_EDGE ( 'NONE', *, *, #99, .T. ) ;
#1350 = ORIENTED_EDGE ( 'NONE', *, *, #1834, .T. ) ;
#1351 = EDGE_CURVE ( 'NONE', #649, #384, #382, .T. ) ;
#1352 = ORIENTED_EDGE ( 'NONE', *, *, #1363, .T. ) ;
#1353 = CARTESIAN_POINT ( 'NONE',  ( 0.000000000000000000, 76.00000000000000000, 0.000000000000000000 ) ) ;
#1354 = CARTESIAN_POINT ( 'NONE',  ( 6.102407677657412322, 69.95205824065281774, -5.552687362474181043 ) ) ;
#1355 = ORIENTED_EDGE ( 'NONE', *, *, #1913, .F. ) ;
#1356 = DIRECTION ( 'NONE',  ( 0.000000000000000000, 0.000000000000000000, -1.000000000000000000 ) ) ;
#1357 = CARTESIAN_POINT ( 'NONE',  ( -2.256137713668642757E-09, 8.500000000000000000, 5.500000000000000000 ) ) ;
#1358 = CARTESIAN_POINT ( 'NONE',  ( -8.112490369500140019, 68.49999999996759925, 1.500000000794581290 ) ) ;
#1359 = ORIENTED_EDGE ( 'NONE', *, *, #144, .T. ) ;
#1360 = AXIS2_PLACEMENT_3D ( 'NONE', #188, #1796, #501 ) ;
#1361 = EDGE_LOOP ( 'NONE', ( #1047, #1319, #1627, #1806 ) ) ;
#1362 = CARTESIAN_POINT ( 'NONE',  ( -0.1968276366808605904, 4.009755647783950216, -8.248210429609436289 ) ) ;
#1363 = EDGE_CURVE ( 'NONE', #1056, #639, #1472, .T. ) ;
#1364 = B_SPLINE_CURVE_WITH_KNOTS ( 'NONE', 3,
 ( #377, #1059, #1362, #367, #1026, #224, #1831, #1411, #49, #2024, #700, #1178, #1340, #1188 ),
 .UNSPECIFIED., .F., .F.,
 ( 4, 2, 2, 2, 2, 2, 4 ),
 ( 5.380423921665996189E-14, 0.0002935162072941869833, 0.0005870324145345697832, 0.0008805486217749528000, 0.001174064829015335383, 0.001761097243496100766, 0.002348129657976865715 ),
 .UNSPECIFIED. ) ;
#1365 = CARTESIAN_POINT ( 'NONE',  ( 6.797057123748835750, 68.50000000000000000, -4.675736782208257836 ) ) ;
#1366 = ORIENTED_EDGE ( 'NONE', *, *, #1595, .F. ) ;
#1367 = DIRECTION ( 'NONE',  ( 0.000000000000000000, 0.000000000000000000, 1.000000000000000000 ) ) ;
#1368 = PLANE ( 'NONE',  #1716 ) ;
#1369 = VECTOR ( 'NONE', #1703, 1000.000000000000000 ) ;
#1370 = CARTESIAN_POINT ( 'NONE',  ( 5.499999999648268023, 62.49999999961300290, 1.499999999551763441 ) ) ;
#1371 = ORIENTED_EDGE ( 'NONE', *, *, #1985, .T. ) ;
#1372 = ORIENTED_EDGE ( 'NONE', *, *, #195, .F. ) ;
#1373 = CARTESIAN_POINT ( 'NONE',  ( 8.112490370021307129, 62.50000000000000000, 1.499999999327645384 ) ) ;
#1374 = VECTOR ( 'NONE', #21, 999.9999999999998863 ) ;
#1375 = UNCERTAINTY_MEASURE_WITH_UNIT (LENGTH_MEASURE( 1.000000000000000082E-05 ), #1050, 'distance_accuracy_value', 'NONE');
#1376 = CARTESIAN_POINT ( 'NONE',  ( 6.492551314454175326, 69.62994395798239111, -5.090591309481378168 ) ) ;
#1377 = ORIENTED_EDGE ( 'NONE', *, *, #1255, .T. ) ;
#1378 = EDGE_CURVE ( 'NONE', #1720, #2096, #1812, .T. ) ;
#1379 = DIRECTION ( 'NONE',  ( 0.000000000000000000, 0.000000000000000000, 1.000000000000000000 ) ) ;
#1380 = FACE_OUTER_BOUND ( 'NONE', #1111, .T. ) ;
#1381 = CARTESIAN_POINT ( 'NONE',  ( -8.249999999969450215, 69.99999999983198506, 0.1985223346700536462 ) ) ;
#1382 = EDGE_CURVE ( 'NONE', #1216, #1631, #1194, .T. ) ;
#1383 = EDGE_LOOP ( 'NONE', ( #81, #1663, #571, #990, #52, #2022, #1723 ) ) ;
#1384 = VECTOR ( 'NONE', #1543, 1000.000000000000000 ) ;
#1385 = ORIENTED_EDGE ( 'NONE', *, *, #1629, .F. ) ;
#1386 = DIRECTION ( 'NONE',  ( -1.000000000000000000, 6.120479244450448677E-18, 0.000000000000000000 ) ) ;
#1387 = VECTOR ( 'NONE', #1489, 1000.000000000000000 ) ;
#1388 = ORIENTED_EDGE ( 'NONE', *, *, #552, .T. ) ;
#1389 = DIRECTION ( 'NONE',  ( 0.000000000000000000, 0.000000000000000000, 1.000000000000000000 ) ) ;
#1390 = LINE ( 'NONE', #88, #2109 ) ;
#1391 = DIRECTION ( 'NONE',  ( -0.000000000000000000, -0.000000000000000000, 1.000000000000000000 ) ) ;
#1392 = EDGE_CURVE ( 'NONE', #1841, #1854, #1207, .T. ) ;
#1393 = EDGE_CURVE ( 'NONE', #1216, #1883, #1461, .T. ) ;
#1394 = CARTESIAN_POINT ( 'NONE',  ( -3.889087296499999180, 68.50000000000000000, 3.889087296499999180 ) ) ;
#1395 = ORIENTED_EDGE ( 'NONE', *, *, #59, .T. ) ;
#1396 = VERTEX_POINT ( 'NONE', #1335 ) ;
#1397 = CARTESIAN_POINT ( 'NONE',  ( -1.500000000757212515, 5.499999999999999112, -8.112490369653967193 ) ) ;
#1398 = DIRECTION ( 'NONE',  ( 1.000000000000000000, 0.000000000000000000, 0.000000000000000000 ) ) ;
#1399 = FACE_OUTER_BOUND ( 'NONE', #852, .T. ) ;
#1400 = DIRECTION ( 'NONE',  ( -0.7071067813779355893, 0.000000000000000000, 0.7071067809951595562 ) ) ;
#1401 = CARTESIAN_POINT ( 'NONE',  ( -8.112490370021307129, 62.50000000000000000, -1.499999999327645828 ) ) ;
#1402 = VECTOR ( 'NONE', #1938, 1000.000000000000000 ) ;
#1403 = ORIENTED_EDGE ( 'NONE', *, *, #1063, .F. ) ;
#1404 = EDGE_LOOP ( 'NONE', ( #2050, #1768, #1052, #616, #1494, #669 ) ) ;
#1405 = AXIS2_PLACEMENT_3D ( 'NONE', #464, #642, #1292 ) ;
#1406 = CARTESIAN_POINT ( 'NONE',  ( -1.499999999999999778, 5.500000000000000000, -5.500000000000000000 ) ) ;
#1407 = ADVANCED_FACE ( 'NONE', ( #531 ), #1993, .T. ) ;
#1408 = DIRECTION ( 'NONE',  ( 0.000000000000000000, 0.000000000000000000, 1.000000000000000000 ) ) ;
#1409 = CARTESIAN_POINT ( 'NONE',  ( -3.061467458999999725, 79.00000000000000000, -7.391036259999999025 ) ) ;
#1410 = CARTESIAN_POINT ( 'NONE',  ( 4.675736781380241069, 5.400736357844615476, 6.797057124001423034 ) ) ;
#1411 = CARTESIAN_POINT ( 'NONE',  ( -0.9143880742297201270, 4.306903594032217342, -8.199578750335469124 ) ) ;
#1412 = ORIENTED_EDGE ( 'NONE', *, *, #1245, .T. ) ;
#1413 = LINE ( 'NONE', #2074, #613 ) ;
#1414 = EDGE_LOOP ( 'NONE', ( #1934, #513, #871, #1280 ) ) ;
#1415 = VECTOR ( 'NONE', #2012, 999.9999999999998863 ) ;
#1416 = ADVANCED_FACE ( 'NONE', ( #498, #417 ), #351, .F. ) ;
#1417 = DIRECTION ( 'NONE',  ( 0.000000000000000000, -1.000000000000000000, 0.000000000000000000 ) ) ;
#1418 = CARTESIAN_POINT ( 'NONE',  ( 1.499999999327645828, 62.50000000000000000, -8.112490370021307129 ) ) ;
#1419 = CARTESIAN_POINT ( 'NONE',  ( 0.000000000000000000, 74.25000000000000000, 0.000000000000000000 ) ) ;
#1420 = PLANE ( 'NONE',  #256 ) ;
#1421 = FACE_OUTER_BOUND ( 'NONE', #459, .T. ) ;
#1422 = ORIENTED_EDGE ( 'NONE', *, *, #1586, .T. ) ;
#1423 = CARTESIAN_POINT ( 'NONE',  ( 5.500000000000000000, 68.49999999969234921, -1.500000000000000000 ) ) ;
#1424 = ORIENTED_EDGE ( 'NONE', *, *, #1532, .F. ) ;
#1425 = CARTESIAN_POINT ( 'NONE',  ( 0.000000000000000000, 12.99999999999999822, 0.000000000000000000 ) ) ;
#1426 = CARTESIAN_POINT ( 'NONE',  ( -5.499999999472400702, 13.00000000000000178, 6.332437938114746639E-10 ) ) ;
#1427 = CARTESIAN_POINT ( 'NONE',  ( 0.000000000000000000, 70.00000000624999075, 0.000000000000000000 ) ) ;
#1428 = LINE ( 'NONE', #1971, #1927 ) ;
#1429 = CARTESIAN_POINT ( 'NONE',  ( 0.000000000000000000, 12.99999999999999822, 0.000000000000000000 ) ) ;
#1430 = ORIENTED_EDGE ( 'NONE', *, *, #370, .T. ) ;
#1431 = DIRECTION ( 'NONE',  ( -0.7071067809951595562, 0.000000000000000000, -0.7071067813779355893 ) ) ;
#1432 = ORIENTED_EDGE ( 'NONE', *, *, #1950, .T. ) ;
#1433 = CIRCLE ( 'NONE', #1071, 1.499999999604274104 ) ;
#1434 = CARTESIAN_POINT ( 'NONE',  ( -1.500000000000000000, 5.500000000000000000, -8.112490370000001505 ) ) ;
#1435 = CIRCLE ( 'NONE', #698, 1.499999999604272105 ) ;
#1436 = CARTESIAN_POINT ( 'NONE',  ( 8.250000000000000000, 70.00000000312500958, 0.000000000000000000 ) ) ;
#1437 = DIRECTION ( 'NONE',  ( 0.000000000000000000, 0.000000000000000000, -1.000000000000000000 ) ) ;
#1438 = ADVANCED_FACE ( 'NONE', ( #1552 ), #725, .F. ) ;
#1439 = EDGE_CURVE ( 'NONE', #1720, #1237, #89, .T. ) ;
#1440 = CARTESIAN_POINT ( 'NONE',  ( 1.500000000000000000, 5.499999999730619038, 6.883250000000000313 ) ) ;
#1441 = ORIENTED_EDGE ( 'NONE', *, *, #339, .F. ) ;
#1442 = CARTESIAN_POINT ( 'NONE',  ( 0.000000000000000000, 62.50000000000000000, 0.000000000000000000 ) ) ;
#1443 = ORIENTED_EDGE ( 'NONE', *, *, #883, .F. ) ;
#1444 = ORIENTED_EDGE ( 'NONE', *, *, #1727, .T. ) ;
#1445 = CARTESIAN_POINT ( 'NONE',  ( 4.675736781511208306, 62.50000000000000000, 6.797057124228339298 ) ) ;
#1446 = FACE_OUTER_BOUND ( 'NONE', #1269, .T. ) ;
#1447 = AXIS2_PLACEMENT_3D ( 'NONE', #404, #714, #1367 ) ;
#1448 = CARTESIAN_POINT ( 'NONE',  ( 4.949747468000000872, 13.00000000000000178, -2.828427124999999709 ) ) ;
#1449 = EDGE_CURVE ( 'NONE', #1564, #1526, #1645, .T. ) ;
#1450 = FACE_OUTER_BOUND ( 'NONE', #26, .T. ) ;
#1451 = VECTOR ( 'NONE', #216, 999.9999999999998863 ) ;
#1452 = VERTEX_POINT ( 'NONE', #1248 ) ;
#1453 = DIRECTION ( 'NONE',  ( 0.000000000000000000, 0.000000000000000000, 1.000000000000000000 ) ) ;
#1454 = EDGE_CURVE ( 'NONE', #2008, #234, #283, .T. ) ;
#1455 = ORIENTED_EDGE ( 'NONE', *, *, #1454, .T. ) ;
#1456 = CARTESIAN_POINT ( 'NONE',  ( -6.797057124275395878, 68.69852311394755873, 4.675736781442799916 ) ) ;
#1457 = FACE_OUTER_BOUND ( 'NONE', #1890, .T. ) ;
#1458 = LINE ( 'NONE', #487, #744 ) ;
#1459 = CIRCLE ( 'NONE', #101, 5.500000000000000000 ) ;
#1460 = DIRECTION ( 'NONE',  ( -0.7071067811865474617, 0.000000000000000000, 0.7071067811865474617 ) ) ;
#1461 = LINE ( 'NONE', #14, #74 ) ;
#1462 = VERTEX_POINT ( 'NONE', #437 ) ;
#1463 = FACE_OUTER_BOUND ( 'NONE', #950, .T. ) ;
#1464 = VERTEX_POINT ( 'NONE', #1054 ) ;
#1465 = ORIENTED_EDGE ( 'NONE', *, *, #259, .T. ) ;
#1466 = VECTOR ( 'NONE', #172, 1000.000000000000000 ) ;
#1467 = CARTESIAN_POINT ( 'NONE',  ( 5.499999998944802293, 13.00000000000000178, -2.337868390500000171 ) ) ;
#1468 = LINE ( 'NONE', #1303, #1074 ) ;
#1469 = EDGE_CURVE ( 'NONE', #225, #225, #1919, .T. ) ;
#1470 = DIRECTION ( 'NONE',  ( 0.7071067809951595562, 0.000000000000000000, -0.7071067813779355893 ) ) ;
#1471 = CARTESIAN_POINT ( 'NONE',  ( -1.499999998655290545, 13.00000000000000178, 6.000788832999999656 ) ) ;
#1472 = LINE ( 'NONE', #362, #1033 ) ;
#1473 = EDGE_LOOP ( 'NONE', ( #1014 ) ) ;
#1474 = CARTESIAN_POINT ( 'NONE',  ( 5.845298206499999871, 5.500000000000000000, 5.845298206499999871 ) ) ;
#1475 = FACE_OUTER_BOUND ( 'NONE', #41, .T. ) ;
#1476 = ORIENTED_EDGE ( 'NONE', *, *, #1530, .F. ) ;
#1477 = DIRECTION ( 'NONE',  ( 1.000000000000000000, 0.000000000000000000, 0.000000000000000000 ) ) ;
#1478 = CYLINDRICAL_SURFACE ( 'NONE', #896, 8.250000000000000000 ) ;
#1479 = ADVANCED_FACE ( 'NONE', ( #1715 ), #1206, .F. ) ;
#1480 = DIRECTION ( 'NONE',  ( 0.000000000000000000, 0.000000000000000000, 1.000000000000000000 ) ) ;
#1481 = AXIS2_PLACEMENT_3D ( 'NONE', #9, #157, #181 ) ;
#1482 = CARTESIAN_POINT ( 'NONE',  ( 1.499999998655291877, 62.50000000000000000, 6.000788832999999656 ) ) ;
#1483 = CARTESIAN_POINT ( 'NONE',  ( -1.208184527999999425, 70.00000000000000000, 0.000000000000000000 ) ) ;
#1484 = DIRECTION ( 'NONE',  ( 1.000000000000000000, -5.782411586589351722E-16, 0.000000000000000000 ) ) ;
#1485 = ORIENTED_EDGE ( 'NONE', *, *, #352, .F. ) ;
#1486 = VERTEX_POINT ( 'NONE', #1726 ) ;
#1487 = DIRECTION ( 'NONE',  ( 1.000000000000000000, 0.000000000000000000, 0.000000000000000000 ) ) ;
#1488 = CARTESIAN_POINT ( 'NONE',  ( 0.000000000000000000, 2.500000000000000000, 8.250000000000000000 ) ) ;
#1489 = DIRECTION ( 'NONE',  ( -0.7071067837517076571, 0.000000000000000000, -0.7071067786213874884 ) ) ;
#1490 = AXIS2_PLACEMENT_3D ( 'NONE', #1539, #397, #1055 ) ;
#1491 = CARTESIAN_POINT ( 'NONE',  ( 0.000000000000000000, 12.99999999999999822, 0.000000000000000000 ) ) ;
#1492 = CARTESIAN_POINT ( 'NONE',  ( -5.500000000000000000, 41.67099999999999937, -1.500000000000000000 ) ) ;
#1493 = DIRECTION ( 'NONE',  ( -0.000000000000000000, 1.000000000000000000, -0.000000000000000000 ) ) ;
#1494 = ORIENTED_EDGE ( 'NONE', *, *, #1595, .T. ) ;
#1495 = EDGE_CURVE ( 'NONE', #91, #329, #1091, .T. ) ;
#1496 = ORIENTED_EDGE ( 'NONE', *, *, #1063, .T. ) ;
#1497 = ORIENTED_EDGE ( 'NONE', *, *, #439, .F. ) ;
#1498 = FACE_OUTER_BOUND ( 'NONE', #479, .T. ) ;
#1499 = CARTESIAN_POINT ( 'NONE',  ( 0.000000000000000000, 0.000000000000000000, 0.000000000000000000 ) ) ;
#1500 = AXIS2_PLACEMENT_3D ( 'NONE', #2058, #302, #929 ) ;
#1501 = CARTESIAN_POINT ( 'NONE',  ( -2.828427124999999709, 13.00000000000000178, 4.949747468000000872 ) ) ;
#1502 = CARTESIAN_POINT ( 'NONE',  ( -1.499999998655290545, 62.50000000000000000, 6.000788832999999656 ) ) ;
#1503 = DIRECTION ( 'NONE',  ( 0.000000000000000000, 0.000000000000000000, 1.000000000000000000 ) ) ;
#1504 = ADVANCED_FACE ( 'NONE', ( #1380 ), #1368, .F. ) ;
#1505 = LINE ( 'NONE', #45, #448 ) ;
#1506 = ORIENTED_EDGE ( 'NONE', *, *, #34, .T. ) ;
#1507 = EDGE_LOOP ( 'NONE', ( #1871, #1278, #713, #1166, #1642, #180 ) ) ;
#1508 = VERTEX_POINT ( 'NONE', #2043 ) ;
#1509 = DIRECTION ( 'NONE',  ( 1.000000000000000000, 0.000000000000000000, 0.000000000000000000 ) ) ;
#1510 = DIRECTION ( 'NONE',  ( 0.000000000000000000, 0.000000000000000000, 1.000000000000000000 ) ) ;
#1511 = CARTESIAN_POINT ( 'NONE',  ( 5.903820548054078188, 69.99999999988307309, -5.763441341595640033 ) ) ;
#1512 = ORIENTED_EDGE ( 'NONE', *, *, #352, .T. ) ;
#1513 = CARTESIAN_POINT ( 'NONE',  ( -1.128067635588994084E-09, 62.50000000000000000, -5.500000000000000000 ) ) ;
#1514 = DIRECTION ( 'NONE',  ( 1.000000000000000000, -1.577021341797097314E-16, 0.000000000000000000 ) ) ;
#1515 = EDGE_CURVE ( 'NONE', #892, #862, #247, .T. ) ;
#1516 = CARTESIAN_POINT ( 'NONE',  ( 0.000000000000000000, 13.00000000000000178, 0.000000000000000000 ) ) ;
#1517 = EDGE_CURVE ( 'NONE', #399, #1056, #1433, .T. ) ;
#1518 = ORIENTED_EDGE ( 'NONE', *, *, #881, .T. ) ;
#1519 = ORIENTED_EDGE ( 'NONE', *, *, #1148, .F. ) ;
#1520 = CARTESIAN_POINT ( 'NONE',  ( -1.500000000084857676, 62.50000000000000000, -8.112490369778285526 ) ) ;
#1521 = CARTESIAN_POINT ( 'NONE',  ( 5.833630941315068874, 70.00000000292713764, -5.833630948262965354 ) ) ;
#1522 = ORIENTED_EDGE ( 'NONE', *, *, #731, .F. ) ;
#1523 = PLANE ( 'NONE',  #1447 ) ;
#1524 = DIRECTION ( 'NONE',  ( 0.7071067811865481278, -0.000000000000000000, -0.7071067811865470176 ) ) ;
#1525 = DIRECTION ( 'NONE',  ( -0.7071067811865462405, 0.000000000000000000, 0.7071067811865489050 ) ) ;
#1526 = VERTEX_POINT ( 'NONE', #2020 ) ;
#1527 = VECTOR ( 'NONE', #290, 1000.000000000000000 ) ;
#1528 = EDGE_LOOP ( 'NONE', ( #1778 ) ) ;
#1529 = CARTESIAN_POINT ( 'NONE',  ( 0.000000000000000000, 76.00000000000000000, 0.000000000000000000 ) ) ;
#1530 = EDGE_CURVE ( 'NONE', #1956, #1975, #1219, .T. ) ;
#1531 = CARTESIAN_POINT ( 'NONE',  ( 3.061467458999999725, 79.00000000000000000, 8.141036259999999913 ) ) ;
#1532 = EDGE_CURVE ( 'NONE', #862, #709, #893, .T. ) ;
#1533 = CARTESIAN_POINT ( 'NONE',  ( -3.889087296499998736, 5.500000000000000000, -3.889087296500000956 ) ) ;
#1534 = ORIENTED_EDGE ( 'NONE', *, *, #287, .F. ) ;
#1535 = EDGE_CURVE ( 'NONE', #649, #1344, #429, .T. ) ;
#1536 = PLANE ( 'NONE',  #266 ) ;
#1537 = DIRECTION ( 'NONE',  ( -0.000000000000000000, -1.000000000000000000, -0.000000000000000000 ) ) ;
#1538 = AXIS2_PLACEMENT_3D ( 'NONE', #736, #1537, #230 ) ;
#1539 = CARTESIAN_POINT ( 'NONE',  ( -3.061467458999999725, 80.00000000000000000, -7.391036259999999025 ) ) ;
#1540 = AXIS2_PLACEMENT_3D ( 'NONE', #820, #2112, #1968 ) ;
#1541 = EDGE_LOOP ( 'NONE', ( #375 ) ) ;
#1542 = ORIENTED_EDGE ( 'NONE', *, *, #1918, .T. ) ;
#1543 = DIRECTION ( 'NONE',  ( 0.7071067811865479058, -0.000000000000000000, 0.7071067811865472397 ) ) ;
#1544 = AXIS2_PLACEMENT_3D ( 'NONE', #605, #1258, #2104 ) ;
#1545 = VECTOR ( 'NONE', #1896, 1000.000000000000000 ) ;
#1546 = ADVANCED_FACE ( 'NONE', ( #265 ), #98, .F. ) ;
#1547 = DIRECTION ( 'NONE',  ( 0.7071067811865479058, -0.000000000000000000, 0.7071067811865471286 ) ) ;
#1548 = ADVANCED_FACE ( 'NONE', ( #598 ), #130, .T. ) ;
#1549 = ORIENTED_EDGE ( 'NONE', *, *, #645, .T. ) ;
#1550 = DIRECTION ( 'NONE',  ( 0.000000000000000000, -1.000000000000000000, -0.000000000000000000 ) ) ;
#1551 = FACE_OUTER_BOUND ( 'NONE', #908, .T. ) ;
#1552 = FACE_OUTER_BOUND ( 'NONE', #659, .T. ) ;
#1553 = CARTESIAN_POINT ( 'NONE',  ( -3.889087296537815597, 13.00000000000000178, 3.889087296488196177 ) ) ;
#1554 = ORIENTED_EDGE ( 'NONE', *, *, #565, .F. ) ;
#1555 = AXIS2_PLACEMENT_3D ( 'NONE', #1262, #2100, #1598 ) ;
#1556 = ORIENTED_EDGE ( 'NONE', *, *, #1086, .T. ) ;
#1557 = DIRECTION ( 'NONE',  ( 0.000000000000000000, 0.000000000000000000, 1.000000000000000000 ) ) ;
#1558 = CONICAL_SURFACE ( 'NONE', #196, 4.428583650000000205, 1.029744258796445155 ) ;
#1559 = ORIENTED_EDGE ( 'NONE', *, *, #1227, .F. ) ;
#1560 = CARTESIAN_POINT ( 'NONE',  ( 4.675736780875586085, 62.50000000000000000, -6.797057124875586887 ) ) ;
#1561 = CARTESIAN_POINT ( 'NONE',  ( -8.334501785999998802, 70.00000000000000000, 0.000000000000000000 ) ) ;
#1562 = CARTESIAN_POINT ( 'NONE',  ( 5.500000000000000000, 62.49999999922601290, 0.000000000000000000 ) ) ;
#1563 = CARTESIAN_POINT ( 'NONE',  ( -8.146823933849701049, 69.25153160887550996, 1.301838789114840411 ) ) ;
#1564 = VERTEX_POINT ( 'NONE', #2085 ) ;
#1565 = ADVANCED_FACE ( 'NONE', ( #647 ), #492, .F. ) ;
#1566 = VERTEX_POINT ( 'NONE', #300 ) ;
#1567 = AXIS2_PLACEMENT_3D ( 'NONE', #1442, #480, #1132 ) ;
#1568 = PLANE ( 'NONE',  #1986 ) ;
#1569 = CARTESIAN_POINT ( 'NONE',  ( 0.000000000000000000, 70.00000000624999075, 0.000000000000000000 ) ) ;
#1570 = CARTESIAN_POINT ( 'NONE',  ( -4.840135413461559288, 4.748468390849780896, -6.681213484192498164 ) ) ;
#1571 = VECTOR ( 'NONE', #241, 1000.000000000000000 ) ;
#1572 = PLANE ( 'NONE',  #1995 ) ;
#1573 = VERTEX_POINT ( 'NONE', #1423 ) ;
#1574 = DIRECTION ( 'NONE',  ( 0.000000000000000000, 0.000000000000000000, 1.000000000000000000 ) ) ;
#1575 = VERTEX_POINT ( 'NONE', #1121 ) ;
#1576 = VECTOR ( 'NONE', #1179, 1000.000000000000000 ) ;
#1577 = DIRECTION ( 'NONE',  ( -0.000000000000000000, 1.000000000000000000, 0.000000000000000000 ) ) ;
#1578 = CARTESIAN_POINT ( 'NONE',  ( -4.949747468000000872, 13.00000000000000178, 2.828427124999999709 ) ) ;
#1579 = DIRECTION ( 'NONE',  ( 0.000000000000000000, 1.000000000000000000, 0.000000000000000000 ) ) ;
#1580 = VECTOR ( 'NONE', #857, 1000.000000000000000 ) ;
#1581 = CARTESIAN_POINT ( 'NONE',  ( 5.548513206654400953, 4.040024859244737421, 6.108121657628642787 ) ) ;
#1582 = FACE_OUTER_BOUND ( 'NONE', #1507, .T. ) ;
#1583 = VERTEX_POINT ( 'NONE', #330 ) ;
#1584 = PLANE ( 'NONE',  #1095 ) ;
#1585 = EDGE_LOOP ( 'NONE', ( #217, #660, #2057, #830 ) ) ;
#1586 = EDGE_CURVE ( 'NONE', #1925, #289, #2097, .T. ) ;
#1587 = VECTOR ( 'NONE', #1869, 1000.000000000000000 ) ;
#1588 = DIRECTION ( 'NONE',  ( 0.000000000000000000, 0.000000000000000000, 1.000000000000000000 ) ) ;
#1589 = FACE_OUTER_BOUND ( 'NONE', #145, .T. ) ;
#1590 = CARTESIAN_POINT ( 'NONE',  ( -1.500000000000000000, 34.00000000000000000, -5.500000000000000000 ) ) ;
#1591 = CARTESIAN_POINT ( 'NONE',  ( 3.889087297274059107, 8.500000000000000000, 3.889087295777962971 ) ) ;
#1592 = DIRECTION ( 'NONE',  ( 0.000000000000000000, 0.000000000000000000, 1.000000000000000000 ) ) ;
#1593 = ORIENTED_EDGE ( 'NONE', *, *, #2079, .T. ) ;
#1594 = CARTESIAN_POINT ( 'NONE',  ( -2.828427124999999709, 5.500000000000000000, -4.949747468000000872 ) ) ;
#1595 = EDGE_CURVE ( 'NONE', #1631, #1583, #309, .T. ) ;
#1596 = EDGE_LOOP ( 'NONE', ( #7, #162, #1818, #1861, #1072, #697 ) ) ;
#1597 = VECTOR ( 'NONE', #102, 999.9999999999998863 ) ;
#1598 = DIRECTION ( 'NONE',  ( 0.000000000000000000, 0.000000000000000000, -1.000000000000000000 ) ) ;
#1599 = CIRCLE ( 'NONE', #239, 8.250000000000000000 ) ;
#1600 = CARTESIAN_POINT ( 'NONE',  ( -6.806245185000000752, 13.00000000000000178, 1.500000000000000000 ) ) ;
#1601 = ADVANCED_FACE ( 'NONE', ( #1270 ), #1584, .F. ) ;
#1602 = CARTESIAN_POINT ( 'NONE',  ( -5.145131552643564810, 4.301655060665036778, -6.450540078044796566 ) ) ;
#1603 = EDGE_CURVE ( 'NONE', #608, #1937, #1923, .T. ) ;
#1604 = DIRECTION ( 'NONE',  ( -0.000000000000000000, 1.000000000000000000, 0.000000000000000000 ) ) ;
#1605 = CARTESIAN_POINT ( 'NONE',  ( -4.949747468000000872, 40.75000000000000000, 2.828427124999999709 ) ) ;
#1606 = ORIENTED_EDGE ( 'NONE', *, *, #50, .T. ) ;
#1607 = FACE_OUTER_BOUND ( 'NONE', #767, .T. ) ;
#1608 = AXIS2_PLACEMENT_3D ( 'NONE', #1434, #463, #271 ) ;
#1609 = ORIENTED_EDGE ( 'NONE', *, *, #561, .T. ) ;
#1610 = ORIENTED_EDGE ( 'NONE', *, *, #579, .T. ) ;
#1611 = AXIS2_PLACEMENT_3D ( 'NONE', #1429, #1944, #1130 ) ;
#1612 = DIRECTION ( 'NONE',  ( -1.000000000000000000, -0.000000000000000000, -0.000000000000000000 ) ) ;
#1613 = CARTESIAN_POINT ( 'NONE',  ( 3.889087296499998736, 5.500000000000000000, 3.889087296500000956 ) ) ;
#1614 = ADVANCED_FACE ( 'NONE', ( #1607 ), #617, .F. ) ;
#1615 = CARTESIAN_POINT ( 'NONE',  ( -4.979856718110979408, 4.508689208275911575, -6.577869226824336835 ) ) ;
#1616 = ADVANCED_FACE ( 'NONE', ( #460, #2107, #1954, #1100 ), #938, .T. ) ;
#1617 = CIRCLE ( 'NONE', #1814, 5.500000000000000000 ) ;
#1618 = CARTESIAN_POINT ( 'NONE',  ( 4.715816899656074312, 5.111293290851247839, 6.769338776055052520 ) ) ;
#1619 = EDGE_LOOP ( 'NONE', ( #103, #1114, #374, #572 ) ) ;
#1620 = PLANE ( 'NONE',  #648 ) ;
#1621 = VERTEX_POINT ( 'NONE', #1112 ) ;
#1622 = ORIENTED_EDGE ( 'NONE', *, *, #1985, .F. ) ;
#1623 = FACE_OUTER_BOUND ( 'NONE', #277, .T. ) ;
#1624 = CARTESIAN_POINT ( 'NONE',  ( 5.500000000000000000, 70.00000000000000000, -5.640338177944970419E-10 ) ) ;
#1625 = VECTOR ( 'NONE', #1872, 999.9999999999998863 ) ;
#1626 = DIRECTION ( 'NONE',  ( 0.000000000000000000, 0.000000000000000000, -1.000000000000000000 ) ) ;
#1627 = ORIENTED_EDGE ( 'NONE', *, *, #339, .T. ) ;
#1628 = LINE ( 'NONE', #1327, #2018 ) ;
#1629 = EDGE_CURVE ( 'NONE', #862, #249, #319, .T. ) ;
#1630 = ORIENTED_EDGE ( 'NONE', *, *, #816, .F. ) ;
#1631 = VERTEX_POINT ( 'NONE', #794 ) ;
#1632 = EDGE_CURVE ( 'NONE', #882, #917, #1413, .T. ) ;
#1633 = LINE ( 'NONE', #687, #1689 ) ;
#1634 = CARTESIAN_POINT ( 'NONE',  ( 6.797057123748834861, 12.99999999999999822, -4.675736782208256948 ) ) ;
#1635 = CARTESIAN_POINT ( 'NONE',  ( -2.828427124999999709, 62.49999999999998579, -4.949747468000000872 ) ) ;
#1636 = CIRCLE ( 'NONE', #2120, 5.500000000000000000 ) ;
#1637 = DIRECTION ( 'NONE',  ( 0.7071067811865474617, 0.000000000000000000, 0.7071067811865474617 ) ) ;
#1638 = CARTESIAN_POINT ( 'NONE',  ( 1.459974778071679857, 5.104300502446957211, 8.120144957916638262 ) ) ;
#1639 = ORIENTED_EDGE ( 'NONE', *, *, #261, .F. ) ;
#1640 = CARTESIAN_POINT ( 'NONE',  ( -3.889087295174479486, 4.000000000197863947, -3.889087297851532732 ) ) ;
#1641 = PRODUCT_DEFINITION ( 'UNKNOWN', '', #1209, #1061 ) ;
#1642 = ORIENTED_EDGE ( 'NONE', *, *, #1950, .F. ) ;
#1643 = EDGE_CURVE ( 'NONE', #1196, #1575, #815, .T. ) ;
#1644 = ORIENTED_EDGE ( 'NONE', *, *, #924, .F. ) ;
#1645 = CIRCLE ( 'NONE', #1301, 5.500000000000000000 ) ;
#1646 = CYLINDRICAL_SURFACE ( 'NONE', #1481, 1.500000000000001332 ) ;
#1647 = CARTESIAN_POINT ( 'NONE',  ( 4.675736781000000342, 62.50000000000000000, -6.797057125000000255 ) ) ;
#1648 = FACE_OUTER_BOUND ( 'NONE', #1786, .T. ) ;
#1649 = AXIS2_PLACEMENT_3D ( 'NONE', #96, #1408, #445 ) ;
#1650 = FILL_AREA_STYLE_COLOUR ( '', #441 ) ;
#1651 = CARTESIAN_POINT ( 'NONE',  ( 1.198367118431849399, 4.576965137179295873, 8.163687037935339674 ) ) ;
#1652 = CARTESIAN_POINT ( 'NONE',  ( -5.500000000000000888, 68.50000000000000000, 0.000000000000000000 ) ) ;
#1653 = VECTOR ( 'NONE', #935, 1000.000000000000000 ) ;
#1654 = DIRECTION ( 'NONE',  ( 5.329070518200751394E-15, 0.000000000000000000, -1.000000000000000000 ) ) ;
#1655 = ORIENTED_EDGE ( 'NONE', *, *, #220, .F. ) ;
#1656 = CARTESIAN_POINT ( 'NONE',  ( -8.250000000000000000, 70.00000000312500958, 0.000000000000000000 ) ) ;
#1657 = DIRECTION ( 'NONE',  ( 0.000000000000000000, 0.000000000000000000, -1.000000000000000000 ) ) ;
#1658 = ADVANCED_FACE ( 'NONE', ( #1776 ), #1620, .F. ) ;
#1659 = CARTESIAN_POINT ( 'NONE',  ( 3.889087296418500816, 4.000000000000000000, 3.889087302588656758 ) ) ;
#1660 = CARTESIAN_POINT ( 'NONE',  ( 0.3887109648627940506, 4.047941759541580531, 8.241396738144167955 ) ) ;
#1661 = ORIENTED_EDGE ( 'NONE', *, *, #1678, .F. ) ;
#1662 = AXIS2_PLACEMENT_3D ( 'NONE', #424, #1860, #1076 ) ;
#1663 = ORIENTED_EDGE ( 'NONE', *, *, #913, .T. ) ;
#1664 = ORIENTED_EDGE ( 'NONE', *, *, #848, .F. ) ;
#1665 = CARTESIAN_POINT ( 'NONE',  ( 6.883250000000000313, 68.49999999938469841, -1.500000000000000000 ) ) ;
#1666 = LINE ( 'NONE', #32, #1855 ) ;
#1667 = VECTOR ( 'NONE', #1153, 1000.000000000000000 ) ;
#1668 = LINE ( 'NONE', #35, #114 ) ;
#1669 = PLANE ( 'NONE',  #488 ) ;
#1670 = CARTESIAN_POINT ( 'NONE',  ( 5.833630946773573633, 4.000000000000003553, 5.833630942804460595 ) ) ;
#1671 = ORIENTED_EDGE ( 'NONE', *, *, #952, .T. ) ;
#1672 = ORIENTED_EDGE ( 'NONE', *, *, #100, .F. ) ;
#1673 = DIRECTION ( 'NONE',  ( 0.000000000000000000, 0.000000000000000000, 1.000000000000000000 ) ) ;
#1674 = VECTOR ( 'NONE', #998, 1000.000000000000000 ) ;
#1675 = VECTOR ( 'NONE', #758, 1000.000000000000000 ) ;
#1676 = CARTESIAN_POINT ( 'NONE',  ( 2.885170598328843245E-10, 4.000000000000000000, -5.500000000000000000 ) ) ;
#1677 = ORIENTED_EDGE ( 'NONE', *, *, #1067, .T. ) ;
#1678 = EDGE_CURVE ( 'NONE', #433, #1223, #166, .T. ) ;
#1679 = EDGE_CURVE ( 'NONE', #972, #1191, #1813, .T. ) ;
#1680 = CARTESIAN_POINT ( 'NONE',  ( 8.172546390704489738, 69.49131079186926740, -1.129965481728188559 ) ) ;
#1681 = DIRECTION ( 'NONE',  ( 0.000000000000000000, 1.000000000000000000, 0.000000000000000000 ) ) ;
#1682 = CARTESIAN_POINT ( 'NONE',  ( 2.337868390500000171, 62.50000000000000000, 5.499999998944802293 ) ) ;
#1683 = ORIENTED_EDGE ( 'NONE', *, *, #1136, .T. ) ;
#1684 = ORIENTED_EDGE ( 'NONE', *, *, #1393, .F. ) ;
#1685 = CARTESIAN_POINT ( 'NONE',  ( 0.000000000000000000, 5.500000000000000000, 5.500000000000000000 ) ) ;
#1686 = VECTOR ( 'NONE', #1782, 1000.000000000000000 ) ;
#1687 = PLANE ( 'NONE',  #1828 ) ;
#1688 = VERTEX_POINT ( 'NONE', #1640 ) ;
#1689 = VECTOR ( 'NONE', #1612, 1000.000000000000000 ) ;
#1690 = CARTESIAN_POINT ( 'NONE',  ( 8.121231461205800528, 68.88870670913381389, -1.452059244523012715 ) ) ;
#1691 = CARTESIAN_POINT ( 'NONE',  ( 0.000000000000000000, 12.99999999999999822, 0.000000000000000000 ) ) ;
#1692 = LINE ( 'NONE', #2021, #1233 ) ;
#1693 = EDGE_CURVE ( 'NONE', #500, #1841, #2007, .T. ) ;
#1694 = ORIENTED_EDGE ( 'NONE', *, *, #1136, .F. ) ;
#1695 = EDGE_CURVE ( 'NONE', #1191, #268, #1162, .T. ) ;
#1696 = ORIENTED_EDGE ( 'NONE', *, *, #1203, .T. ) ;
#1697 = DIRECTION ( 'NONE',  ( 0.000000000000000000, 1.000000000000000000, 0.000000000000000000 ) ) ;
#1698 = EDGE_CURVE ( 'NONE', #1023, #201, #199, .T. ) ;
#1699 = CARTESIAN_POINT ( 'NONE',  ( -4.675736781000000342, 13.00000000000000178, 6.797057125000000255 ) ) ;
#1700 = VERTEX_POINT ( 'NONE', #532 ) ;
#1701 = FACE_OUTER_BOUND ( 'NONE', #1133, .T. ) ;
#1702 = AXIS2_PLACEMENT_3D ( 'NONE', #353, #1000, #1654 ) ;
#1703 = DIRECTION ( 'NONE',  ( 0.000000000000000000, -1.000000000000000000, 0.000000000000000000 ) ) ;
#1704 = CARTESIAN_POINT ( 'NONE',  ( 6.797057123748835750, 68.50000000000000000, -4.675736782208257836 ) ) ;
#1705 = ORIENTED_EDGE ( 'NONE', *, *, #1783, .F. ) ;
#1706 = VECTOR ( 'NONE', #2089, 1000.000000000000000 ) ;
#1707 = ORIENTED_EDGE ( 'NONE', *, *, #789, .T. ) ;
#1708 = EDGE_CURVE ( 'NONE', #2008, #1575, #1826, .T. ) ;
#1709 = DIRECTION ( 'NONE',  ( -0.000000000000000000, -1.000000000000000000, -0.000000000000000000 ) ) ;
#1710 = DIRECTION ( 'NONE',  ( 0.000000000000000000, 1.000000000000000000, 0.000000000000000000 ) ) ;
#1711 = VERTEX_POINT ( 'NONE', #1804 ) ;
#1712 = DIRECTION ( 'NONE',  ( 0.000000000000000000, 0.000000000000000000, -1.000000000000000000 ) ) ;
#1713 = VECTOR ( 'NONE', #2088, 1000.000000000000114 ) ;
#1714 = CARTESIAN_POINT ( 'NONE',  ( -4.675736780805891613, 5.499999999814800589, -6.797057124591015409 ) ) ;
#1715 = FACE_OUTER_BOUND ( 'NONE', #1757, .T. ) ;
#1716 = AXIS2_PLACEMENT_3D ( 'NONE', #78, #2033, #890 ) ;
#1717 = FACE_OUTER_BOUND ( 'NONE', #408, .T. ) ;
#1718 = VECTOR ( 'NONE', #263, 1000.000000000000000 ) ;
#1719 = VERTEX_POINT ( 'NONE', #1670 ) ;
#1720 = VERTEX_POINT ( 'NONE', #1021 ) ;
#1721 = CIRCLE ( 'NONE', #796, 5.500000000000000000 ) ;
#1722 = CARTESIAN_POINT ( 'NONE',  ( -1.499999999551763441, 62.50000000000000000, -5.499999999648268023 ) ) ;
#1723 = ORIENTED_EDGE ( 'NONE', *, *, #733, .T. ) ;
#1724 = DIRECTION ( 'NONE',  ( 0.7071067811865475727, 0.000000000000000000, 0.7071067811865475727 ) ) ;
#1725 = CARTESIAN_POINT ( 'NONE',  ( -8.137830787999998705, 62.50000000000000000, 0.02805442100000000646 ) ) ;
#1726 = CARTESIAN_POINT ( 'NONE',  ( -5.833630944544959007, 70.00000000292713764, 5.833630945033075221 ) ) ;
#1727 = EDGE_CURVE ( 'NONE', #600, #1700, #836, .T. ) ;
#1728 = CARTESIAN_POINT ( 'NONE',  ( 5.500000000000000000, 13.00000000000000178, -1.500000000000000000 ) ) ;
#1729 = ORIENTED_EDGE ( 'NONE', *, *, #952, .F. ) ;
#1730 = AXIS2_PLACEMENT_3D ( 'NONE', #1561, #588, #394 ) ;
#1731 = EDGE_LOOP ( 'NONE', ( #1099, #718, #1630, #1827, #1064, #1377 ) ) ;
#1732 = VECTOR ( 'NONE', #197, 1000.000000000000000 ) ;
#1733 = PLANE ( 'NONE',  #40 ) ;
#1734 = AXIS2_PLACEMENT_3D ( 'NONE', #237, #887, #2002 ) ;
#1735 = EDGE_CURVE ( 'NONE', #707, #1621, #1840, .T. ) ;
#1736 = LINE ( 'NONE', #1275, #829 ) ;
#1737 = DIRECTION ( 'NONE',  ( -0.7071067813779355893, 0.000000000000000000, 0.7071067809951595562 ) ) ;
#1738 = CARTESIAN_POINT ( 'NONE',  ( 8.112490369896988796, 13.00000000000000000, 1.500000000000000000 ) ) ;
#1739 = ORIENTED_EDGE ( 'NONE', *, *, #291, .F. ) ;
#1740 = ORIENTED_EDGE ( 'NONE', *, *, #506, .F. ) ;
#1741 = AXIS2_PLACEMENT_3D ( 'NONE', #1652, #1484, #1964 ) ;
#1742 = FACE_OUTER_BOUND ( 'NONE', #63, .T. ) ;
#1743 = DIRECTION ( 'NONE',  ( 1.577021341797097560E-16, 1.000000000000000000, -0.000000000000000000 ) ) ;
#1744 = EDGE_CURVE ( 'NONE', #204, #204, #1599, .T. ) ;
#1745 = VECTOR ( 'NONE', #1952, 1000.000000000000000 ) ;
#1746 = LINE ( 'NONE', #286, #1653 ) ;
#1747 = ORIENTED_EDGE ( 'NONE', *, *, #828, .T. ) ;
#1748 = DIRECTION ( 'NONE',  ( 1.000000000000000000, -0.000000000000000000, -0.000000000000000000 ) ) ;
#1749 = ORIENTED_EDGE ( 'NONE', *, *, #848, .T. ) ;
#1750 = VECTOR ( 'NONE', #675, 1000.000000000000000 ) ;
#1751 = CARTESIAN_POINT ( 'NONE',  ( -6.806245185000000752, 13.00000000000000178, -1.500000000000000000 ) ) ;
#1752 = PLANE ( 'NONE',  #1263 ) ;
#1753 = VECTOR ( 'NONE', #1822, 1000.000000000000114 ) ;
#1754 = CARTESIAN_POINT ( 'NONE',  ( 0.000000000000000000, 62.50000000000000000, 0.000000000000000000 ) ) ;
#1755 = CARTESIAN_POINT ( 'NONE',  ( 3.889087296500000956, 68.50000000000000000, -3.889087296500000956 ) ) ;
#1756 = FACE_OUTER_BOUND ( 'NONE', #582, .T. ) ;
#1757 = EDGE_LOOP ( 'NONE', ( #1522, #4, #380, #1684, #262, #257 ) ) ;
#1758 = EDGE_CURVE ( 'NONE', #1344, #2008, #1628, .T. ) ;
#1759 = ORIENTED_EDGE ( 'NONE', *, *, #1351, .F. ) ;
#1760 = CIRCLE ( 'NONE', #454, 5.500000000000000000 ) ;
#1761 = CARTESIAN_POINT ( 'NONE',  ( -8.137830787999998705, 13.00000000000000178, -0.02805442100000000646 ) ) ;
#1762 = EDGE_CURVE ( 'NONE', #1462, #1396, #825, .T. ) ;
#1763 = DIRECTION ( 'NONE',  ( 0.7071067811865474617, -0.000000000000000000, -0.7071067811865474617 ) ) ;
#1764 = CARTESIAN_POINT ( 'NONE',  ( 1.500000000000000000, 5.500000000000000000, 8.112490370000001505 ) ) ;
#1765 = FACE_OUTER_BOUND ( 'NONE', #1361, .T. ) ;
#1766 = DIRECTION ( 'NONE',  ( 0.7071067811865479058, -0.000000000000000000, 0.7071067811865471286 ) ) ;
#1767 = VERTEX_POINT ( 'NONE', #1195 ) ;
#1768 = ORIENTED_EDGE ( 'NONE', *, *, #99, .F. ) ;
#1769 = EDGE_CURVE ( 'NONE', #1187, #313, #1012, .T. ) ;
#1770 = CARTESIAN_POINT ( 'NONE',  ( -5.903820550205193918, 69.99999999967030817, 5.763441339389824059 ) ) ;
#1771 = ORIENTED_EDGE ( 'NONE', *, *, #72, .T. ) ;
#1772 = CYLINDRICAL_SURFACE ( 'NONE', #1214, 0.7499999999999997780 ) ;
#1773 = DIRECTION ( 'NONE',  ( -0.000000000000000000, -0.000000000000000000, -1.000000000000000000 ) ) ;
#1774 = LINE ( 'NONE', #615, #6 ) ;
#1775 = ORIENTED_EDGE ( 'NONE', *, *, #1698, .T. ) ;
#1776 = FACE_OUTER_BOUND ( 'NONE', #2098, .T. ) ;
#1777 = AXIS2_PLACEMENT_3D ( 'NONE', #1167, #2121, #831 ) ;
#1778 = ORIENTED_EDGE ( 'NONE', *, *, #164, .T. ) ;
#1779 = DIRECTION ( 'NONE',  ( -0.000000000000000000, -0.000000000000000000, -1.000000000000000000 ) ) ;
#1780 = CARTESIAN_POINT ( 'NONE',  ( -1.692103285251482171E-09, 4.000000000000003553, 8.250000000000000000 ) ) ;
#1781 = DIRECTION ( 'NONE',  ( 0.7071067811865474617, 0.000000000000000000, -0.7071067811865474617 ) ) ;
#1782 = DIRECTION ( 'NONE',  ( 0.000000000000000000, 0.000000000000000000, -1.000000000000000000 ) ) ;
#1783 = EDGE_CURVE ( 'NONE', #972, #892, #1505, .T. ) ;
#1784 = ORIENTED_EDGE ( 'NONE', *, *, #1698, .F. ) ;
#1785 = DIRECTION ( 'NONE',  ( -1.000000000000000000, 0.000000000000000000, 0.000000000000000000 ) ) ;
#1786 = EDGE_LOOP ( 'NONE', ( #364 ) ) ;
#1787 = ORIENTED_EDGE ( 'NONE', *, *, #881, .F. ) ;
#1788 = CARTESIAN_POINT ( 'NONE',  ( 6.806245185000000752, 13.00000000000000178, 1.500000000000000000 ) ) ;
#1789 = CARTESIAN_POINT ( 'NONE',  ( -6.797057125000000255, 37.75000000000000000, -4.675736781000000342 ) ) ;
#1790 = DIRECTION ( 'NONE',  ( 0.000000000000000000, 0.000000000000000000, 1.000000000000000000 ) ) ;
#1791 = STYLED_ITEM ( 'NONE', ( #22 ), #406 ) ;
#1792 = EDGE_CURVE ( 'NONE', #1237, #1688, #1636, .T. ) ;
#1793 = DIRECTION ( 'NONE',  ( -0.000000000000000000, 1.000000000000000000, -0.000000000000000000 ) ) ;
#1794 = DIRECTION ( 'NONE',  ( -0.000000000000000000, -1.000000000000000000, -0.000000000000000000 ) ) ;
#1795 = ORIENTED_EDGE ( 'NONE', *, *, #1695, .T. ) ;
#1796 = DIRECTION ( 'NONE',  ( -0.000000000000000000, 1.000000000000000000, -0.000000000000000000 ) ) ;
#1797 = LINE ( 'NONE', #1337, #29 ) ;
#1798 = PLANE ( 'NONE',  #1777 ) ;
#1799 = CARTESIAN_POINT ( 'NONE',  ( 6.797057125127695443, 12.99999999999999822, 4.675736780203827436 ) ) ;
#1800 = CARTESIAN_POINT ( 'NONE',  ( 4.675736781000000342, 13.00000000000000178, -6.797057125000000255 ) ) ;
#1801 = VECTOR ( 'NONE', #1983, 1000.000000000000000 ) ;
#1802 = DIRECTION ( 'NONE',  ( 0.000000000000000000, 1.000000000000000000, 0.000000000000000000 ) ) ;
#1803 = DIRECTION ( 'NONE',  ( -1.577021341797097560E-16, -1.000000000000000000, 0.000000000000000000 ) ) ;
#1804 = CARTESIAN_POINT ( 'NONE',  ( 5.499999999648268023, 13.00000000000000355, -1.499999999551763441 ) ) ;
#1805 = DIRECTION ( 'NONE',  ( 0.000000000000000000, 0.000000000000000000, 1.000000000000000000 ) ) ;
#1806 = ORIENTED_EDGE ( 'NONE', *, *, #87, .T. ) ;
#1807 = ORIENTED_EDGE ( 'NONE', *, *, #855, .F. ) ;
#1808 = VECTOR ( 'NONE', #1874, 1000.000000000000000 ) ;
#1809 = LINE ( 'NONE', #503, #1966 ) ;
#1810 = LINE ( 'NONE', #347, #1374 ) ;
#1811 = LINE ( 'NONE', #361, #910 ) ;
#1812 = LINE ( 'NONE', #2006, #2026 ) ;
#1813 = LINE ( 'NONE', #670, #782 ) ;
#1814 = AXIS2_PLACEMENT_3D ( 'NONE', #1907, #449, #1098 ) ;
#1815 = ORIENTED_EDGE ( 'NONE', *, *, #72, .F. ) ;
#1816 = EDGE_LOOP ( 'NONE', ( #586, #650, #19, #425 ) ) ;
#1817 = ADVANCED_FACE ( 'NONE', ( #1463 ), #991, .F. ) ;
#1818 = ORIENTED_EDGE ( 'NONE', *, *, #856, .T. ) ;
#1819 = ADVANCED_FACE ( 'NONE', ( #1973 ), #509, .T. ) ;
#1820 = CYLINDRICAL_SURFACE ( 'NONE', #946, 10.00000000000000000 ) ;
#1821 = VERTEX_POINT ( 'NONE', #562 ) ;
#1822 = DIRECTION ( 'NONE',  ( 0.7071067811865474617, 0.000000000000000000, -0.7071067811865474617 ) ) ;
#1823 = LINE ( 'NONE', #1345, #80 ) ;
#1824 = CARTESIAN_POINT ( 'NONE',  ( -3.820467458999999621, 79.00000000000000000, -8.150036260000002031 ) ) ;
#1825 =( GEOMETRIC_REPRESENTATION_CONTEXT ( 3 ) GLOBAL_UNCERTAINTY_ASSIGNED_CONTEXT ( ( #73 ) ) GLOBAL_UNIT_ASSIGNED_CONTEXT ( ( #1149, #327, #160 ) ) REPRESENTATION_CONTEXT ( 'NONE', 'WORKASPACE' ) );
#1826 = LINE ( 'NONE', #1183, #920 ) ;
#1827 = ORIENTED_EDGE ( 'NONE', *, *, #178, .T. ) ;
#1828 = AXIS2_PLACEMENT_3D ( 'NONE', #1501, #402, #43 ) ;
#1829 = ORIENTED_EDGE ( 'NONE', *, *, #210, .F. ) ;
#1830 = EDGE_LOOP ( 'NONE', ( #1749 ) ) ;
#1831 = CARTESIAN_POINT ( 'NONE',  ( -0.7515512143323936911, 4.198172301545905150, -8.216104186625308614 ) ) ;
#1832 = ADVANCED_FACE ( 'NONE', ( #1589 ), #945, .F. ) ;
#1833 = CARTESIAN_POINT ( 'NONE',  ( -3.061467458999999725, 79.00000000000000000, -6.641036259999999025 ) ) ;
#1834 = EDGE_CURVE ( 'NONE', #1621, #1043, #596, .T. ) ;
#1835 = CARTESIAN_POINT ( 'NONE',  ( 0.000000000000000000, 0.2038614069999056255, 0.000000000000000000 ) ) ;
#1836 = ORIENTED_EDGE ( 'NONE', *, *, #992, .F. ) ;
#1837 = VECTOR ( 'NONE', #341, 1000.000000000000000 ) ;
#1838 = DIRECTION ( 'NONE',  ( -0.7071067811865475727, 0.000000000000000000, -0.7071067811865475727 ) ) ;
#1839 = DIRECTION ( 'NONE',  ( 0.000000000000000000, 0.000000000000000000, -1.000000000000000000 ) ) ;
#1840 = LINE ( 'NONE', #373, #956 ) ;
#1841 = VERTEX_POINT ( 'NONE', #1418 ) ;
#1842 = ORIENTED_EDGE ( 'NONE', *, *, #1892, .T. ) ;
#1843 = EDGE_LOOP ( 'NONE', ( #1707, #1506, #450, #1186 ) ) ;
#1844 = CARTESIAN_POINT ( 'NONE',  ( 0.000000000000000000, 12.99999999999999822, 0.000000000000000000 ) ) ;
#1845 = VERTEX_POINT ( 'NONE', #1028 ) ;
#1846 = AXIS2_PLACEMENT_3D ( 'NONE', #754, #1400, #2062 ) ;
#1847 = DIRECTION ( 'NONE',  ( -0.000000000000000000, 1.000000000000000000, -0.000000000000000000 ) ) ;
#1848 = ORIENTED_EDGE ( 'NONE', *, *, #87, .F. ) ;
#1849 = VECTOR ( 'NONE', #2051, 1000.000000000000000 ) ;
#1850 = PLANE ( 'NONE',  #1730 ) ;
#1851 = CARTESIAN_POINT ( 'NONE',  ( 4.949747468000000872, 33.07450000000000045, 2.828427124999999709 ) ) ;
#1852 = CARTESIAN_POINT ( 'NONE',  ( -4.949747468000000872, 12.99999999812350104, -2.828427124999999709 ) ) ;
#1853 = EDGE_CURVE ( 'NONE', #268, #1043, #1034, .T. ) ;
#1854 = VERTEX_POINT ( 'NONE', #1560 ) ;
#1855 = VECTOR ( 'NONE', #844, 1000.000000000000000 ) ;
#1856 = EDGE_LOOP ( 'NONE', ( #1395, #1025, #176, #491 ) ) ;
#1857 = DIRECTION ( 'NONE',  ( 0.000000000000000000, 1.000000000000000000, 0.000000000000000000 ) ) ;
#1858 = VECTOR ( 'NONE', #530, 1000.000000000000000 ) ;
#1859 = VERTEX_POINT ( 'NONE', #551 ) ;
#1860 = DIRECTION ( 'NONE',  ( -1.577021341797097560E-16, -1.000000000000000000, 0.000000000000000000 ) ) ;
#1861 = ORIENTED_EDGE ( 'NONE', *, *, #278, .F. ) ;
#1862 = AXIS2_PLACEMENT_3D ( 'NONE', #1529, #1709, #1673 ) ;
#1863 = CARTESIAN_POINT ( 'NONE',  ( -5.500000000000000000, 66.25000000000000000, -2.115793884569076153E-09 ) ) ;
#1864 = DIRECTION ( 'NONE',  ( 1.776356839400250465E-15, 0.000000000000000000, -1.000000000000000000 ) ) ;
#1865 = ADVANCED_FACE ( 'NONE', ( #1246 ), #1752, .F. ) ;
#1866 = CARTESIAN_POINT ( 'NONE',  ( -8.114311339161087488, 68.69682725440632964, 1.490244270998709819 ) ) ;
#1867 = ORIENTED_EDGE ( 'NONE', *, *, #2092, .F. ) ;
#1868 = ORIENTED_EDGE ( 'NONE', *, *, #683, .F. ) ;
#1869 = DIRECTION ( 'NONE',  ( 1.000000000000000000, -0.000000000000000000, -0.000000000000000000 ) ) ;
#1870 = CARTESIAN_POINT ( 'NONE',  ( -1.500000000000000000, 33.07450000000000045, 5.500000000000000000 ) ) ;
#1871 = ORIENTED_EDGE ( 'NONE', *, *, #324, .T. ) ;
#1872 = DIRECTION ( 'NONE',  ( 0.7071067813779355893, -0.000000000000000000, -0.7071067809951595562 ) ) ;
#1873 = CLOSED_SHELL ( 'NONE', ( #456, #1616, #678, #663, #2068, #1163, #1416, #1407, #719, #977, #818, #595, #970, #484, #1088, #1924, #923, #1438, #183, #1904, #2081, #1601, #1217, #232, #2047, #274, #1243, #1565, #1614, #933, #580, #1819, #723, #161, #840, #1548, #194, #1341, #1865, #1160, #8, #1817, #1546, #1192, #610, #1658, #1235, #1882, #483, #246, #1299, #902, #1479, #708, #251, #1504, #1832, #467, #781, #526, #706, #1997, #1231, #2027, #24, #940, #747, #1139, #1017 ) ) ;
#1874 = DIRECTION ( 'NONE',  ( 1.000000000000000000, 0.000000000000000000, 0.000000000000000000 ) ) ;
#1875 = CARTESIAN_POINT ( 'NONE',  ( 2.828427124999999709, 34.00000000000000000, 4.949747468000000872 ) ) ;
#1876 = ORIENTED_EDGE ( 'NONE', *, *, #50, .F. ) ;
#1877 = AXIS2_PLACEMENT_3D ( 'NONE', #1096, #909, #86 ) ;
#1878 = EDGE_CURVE ( 'NONE', #1975, #1486, #685, .T. ) ;
#1879 = ORIENTED_EDGE ( 'NONE', *, *, #768, .F. ) ;
#1880 = B_SPLINE_CURVE_WITH_KNOTS ( 'NONE', 3,
 ( #1358, #2064, #1866, #2055, #1889, #418, #1563, #430, #569, #1220, #1068, #557, #1381, #407 ),
 .UNSPECIFIED., .F., .F.,
 ( 4, 2, 2, 2, 2, 2, 4 ),
 ( 0.000000000000000000, 0.0002935153994983944869, 0.0005870307989967889738, 0.0008805461984951833522, 0.001174061597993577948, 0.001761092396990365837, 0.002348123195987154160 ),
 .UNSPECIFIED. ) ;
#1881 = CARTESIAN_POINT ( 'NONE',  ( 1.367847971865934813E-31, 13.00000000000000178, 0.000000000000000000 ) ) ;
#1882 = ADVANCED_FACE ( 'NONE', ( #1884 ), #1895, .F. ) ;
#1883 = VERTEX_POINT ( 'NONE', #1426 ) ;
#1884 = FACE_OUTER_BOUND ( 'NONE', #452, .T. ) ;
#1885 = AXIS2_PLACEMENT_3D ( 'NONE', #115, #1417, #260 ) ;
#1886 = DIRECTION ( 'NONE',  ( 0.000000000000000000, -1.000000000000000000, 0.000000000000000000 ) ) ;
#1887 = CARTESIAN_POINT ( 'NONE',  ( -1.419319207617387927E-15, 4.000000000000000000, 0.000000000000000000 ) ) ;
#1888 = VECTOR ( 'NONE', #1794, 1000.000000000000000 ) ;
#1889 = CARTESIAN_POINT ( 'NONE',  ( -8.126413383030099524, 68.98403068926369031, 1.423152610258069606 ) ) ;
#1890 = EDGE_LOOP ( 'NONE', ( #47 ) ) ;
#1891 = VERTEX_POINT ( 'NONE', #1578 ) ;
#1892 = EDGE_CURVE ( 'NONE', #192, #1720, #415, .T. ) ;
#1893 = EDGE_CURVE ( 'NONE', #1201, #1201, #751, .T. ) ;
#1894 = FACE_OUTER_BOUND ( 'NONE', #148, .T. ) ;
#1895 = PLANE ( 'NONE',  #1328 ) ;
#1896 = DIRECTION ( 'NONE',  ( -0.000000000000000000, -1.000000000000000000, -0.000000000000000000 ) ) ;
#1897 = CARTESIAN_POINT ( 'NONE',  ( 0.000000000000000000, 0.9171443820000000358, 0.000000000000000000 ) ) ;
#1898 = CARTESIAN_POINT ( 'NONE',  ( -3.752081953000000247, 62.50000000000000000, 5.873402296500000119 ) ) ;
#1899 = EDGE_LOOP ( 'NONE', ( #1070 ) ) ;
#1900 = CONICAL_SURFACE ( 'NONE', #802, 4.000000000000000000, 0.7853981633974479459 ) ;
#1901 = ORIENTED_EDGE ( 'NONE', *, *, #1127, .F. ) ;
#1902 = EDGE_CURVE ( 'NONE', #548, #2035, #1459, .T. ) ;
#1903 = DIRECTION ( 'NONE',  ( 0.000000000000000000, 0.000000000000000000, 1.000000000000000000 ) ) ;
#1904 = ADVANCED_FACE ( 'NONE', ( #383 ), #1254, .T. ) ;
#1905 = DIRECTION ( 'NONE',  ( 0.000000000000000000, 0.000000000000000000, -1.000000000000000000 ) ) ;
#1906 = CARTESIAN_POINT ( 'NONE',  ( -5.833630946773573633, 4.000000000000001776, -5.833630942804462371 ) ) ;
#1907 = CARTESIAN_POINT ( 'NONE',  ( 0.000000000000000000, 62.50000000000000000, 0.000000000000000000 ) ) ;
#1908 = CARTESIAN_POINT ( 'NONE',  ( -1.500000000000000000, 3.649000000000000021, -5.500000000000000000 ) ) ;
#1909 = ORIENTED_EDGE ( 'NONE', *, *, #291, .T. ) ;
#1910 = DIRECTION ( 'NONE',  ( -0.000000000000000000, 1.000000000000000000, -0.000000000000000000 ) ) ;
#1911 = ORIENTED_EDGE ( 'NONE', *, *, #1893, .T. ) ;
#1912 = AXIS2_PLACEMENT_3D ( 'NONE', #1161, #2059, #1105 ) ;
#1913 = EDGE_CURVE ( 'NONE', #1223, #1700, #898, .T. ) ;
#1914 = PLANE ( 'NONE',  #1608 ) ;
#1915 = DIRECTION ( 'NONE',  ( 0.000000000000000000, -1.000000000000000000, 0.000000000000000000 ) ) ;
#1916 = PLANE ( 'NONE',  #12 ) ;
#1917 = EDGE_CURVE ( 'NONE', #1845, #1845, #759, .T. ) ;
#1918 = EDGE_CURVE ( 'NONE', #340, #190, #921, .T. ) ;
#1919 = CIRCLE ( 'NONE', #1538, 0.7500000000000006661 ) ;
#1920 = DIRECTION ( 'NONE',  ( 0.000000000000000000, 0.000000000000000000, 1.000000000000000000 ) ) ;
#1921 = PLANE ( 'NONE',  #141 ) ;
#1922 = ORIENTED_EDGE ( 'NONE', *, *, #506, .T. ) ;
#1923 = LINE ( 'NONE', #2118, #2087 ) ;
#1924 = ADVANCED_FACE ( 'NONE', ( #426 ), #760, .F. ) ;
#1925 = VERTEX_POINT ( 'NONE', #752 ) ;
#1926 = CARTESIAN_POINT ( 'NONE',  ( -4.938649563580315629E-10, 62.50000000000000000, 5.499999999472400702 ) ) ;
#1927 = VECTOR ( 'NONE', #1637, 1000.000000000000114 ) ;
#1928 = DIRECTION ( 'NONE',  ( -0.7071067811865474617, 0.000000000000000000, 0.7071067811865476838 ) ) ;
#1929 = CIRCLE ( 'NONE', #1276, 8.250000000000000000 ) ;
#1930 = DIRECTION ( 'NONE',  ( 0.000000000000000000, 1.000000000000000000, 0.000000000000000000 ) ) ;
#1931 = CARTESIAN_POINT ( 'NONE',  ( 0.000000000000000000, 62.50000000000000000, 0.000000000000000000 ) ) ;
#1932 = B_SPLINE_CURVE_WITH_KNOTS ( 'NONE', 3,
 ( #974, #1770, #494, #1967, #1989, #1123, #1320, #994, #1145, #674, #963, #333, #1456, #149 ),
 .UNSPECIFIED., .F., .F.,
 ( 4, 2, 2, 2, 2, 2, 4 ),
 ( 9.112086968661054272E-14, 0.0002935162073005622005, 0.0005870324145100036051, 0.0008805486217194450098, 0.001174064828928886306, 0.001761097243347768682, 0.002348129657766651057 ),
 .UNSPECIFIED. ) ;
#1933 = CARTESIAN_POINT ( 'NONE',  ( 5.833630946773573633, 4.000000000000003553, 5.833630942804460595 ) ) ;
#1934 = ORIENTED_EDGE ( 'NONE', *, *, #1101, .T. ) ;
#1935 = DIRECTION ( 'NONE',  ( 0.000000000000000000, 0.000000000000000000, -1.000000000000000000 ) ) ;
#1936 = EDGE_CURVE ( 'NONE', #1508, #1344, #1468, .T. ) ;
#1937 = VERTEX_POINT ( 'NONE', #486 ) ;
#1938 = DIRECTION ( 'NONE',  ( -0.7071067809951595562, -0.000000000000000000, -0.7071067813779355893 ) ) ;
#1939 = DIRECTION ( 'NONE',  ( 0.000000000000000000, -1.000000000000000000, -0.000000000000000000 ) ) ;
#1940 = ORIENTED_EDGE ( 'NONE', *, *, #335, .T. ) ;
#1941 = CIRCLE ( 'NONE', #1662, 5.500000000000000000 ) ;
#1942 = CARTESIAN_POINT ( 'NONE',  ( -4.715816899589602151, 5.111293291162099628, -6.769338776101278654 ) ) ;
#1943 = CARTESIAN_POINT ( 'NONE',  ( 4.979856718534107607, 4.508689207670979471, 6.577869226504913236 ) ) ;
#1944 = DIRECTION ( 'NONE',  ( 0.000000000000000000, -1.000000000000000000, 0.000000000000000000 ) ) ;
#1945 = ORIENTED_EDGE ( 'NONE', *, *, #1878, .F. ) ;
#1946 = EDGE_LOOP ( 'NONE', ( #228 ) ) ;
#1947 = VECTOR ( 'NONE', #112, 1000.000000000000000 ) ;
#1948 = LINE ( 'NONE', #1467, #1313 ) ;
#1949 = DIRECTION ( 'NONE',  ( 0.7071067813779355893, 0.000000000000000000, 0.7071067809951595562 ) ) ;
#1950 = EDGE_CURVE ( 'NONE', #2016, #646, #138, .T. ) ;
#1951 = DIRECTION ( 'NONE',  ( 0.000000000000000000, -1.000000000000000000, 0.000000000000000000 ) ) ;
#1952 = DIRECTION ( 'NONE',  ( -0.000000000000000000, -1.000000000000000000, -0.000000000000000000 ) ) ;
#1953 = ORIENTED_EDGE ( 'NONE', *, *, #1970, .T. ) ;
#1954 = FACE_BOUND ( 'NONE', #876, .T. ) ;
#1955 = VECTOR ( 'NONE', #835, 1000.000000000000114 ) ;
#1956 = VERTEX_POINT ( 'NONE', #1624 ) ;
#1957 = DIRECTION ( 'NONE',  ( -0.000000000000000000, 0.000000000000000000, -1.000000000000000000 ) ) ;
#1958 = CARTESIAN_POINT ( 'NONE',  ( 4.949747468000000872, 13.00000000000000178, -2.828427124999999709 ) ) ;
#1959 = DIRECTION ( 'NONE',  ( 1.000000000000000000, -0.000000000000000000, 0.000000000000000000 ) ) ;
#1960 = LINE ( 'NONE', #1482, #1686 ) ;
#1961 = VECTOR ( 'NONE', #1981, 1000.000000000000000 ) ;
#1962 = DIRECTION ( 'NONE',  ( 0.000000000000000000, 0.000000000000000000, 1.000000000000000000 ) ) ;
#1963 = ORIENTED_EDGE ( 'NONE', *, *, #261, .T. ) ;
#1964 = DIRECTION ( 'NONE',  ( 5.782411586589351722E-16, 1.000000000000000000, 0.000000000000000000 ) ) ;
#1965 = CYLINDRICAL_SURFACE ( 'NONE', #1125, 8.250000000000000000 ) ;
#1966 = VECTOR ( 'NONE', #798, 1000.000000000000114 ) ;
#1967 = CARTESIAN_POINT ( 'NONE',  ( -6.102407679464234569, 69.95205823992536409, 5.552687360485595747 ) ) ;
#1968 = DIRECTION ( 'NONE',  ( 0.000000000000000000, -1.000000000000000000, 0.000000000000000000 ) ) ;
#1969 = CARTESIAN_POINT ( 'NONE',  ( 3.889087295344490158, 4.000000000197863947, 3.889087297681520283 ) ) ;
#1970 = EDGE_CURVE ( 'NONE', #1854, #1187, #1138, .T. ) ;
#1971 = CARTESIAN_POINT ( 'NONE',  ( 3.889087296500000068, 13.00000000000000178, -3.889087296500000068 ) ) ;
#1972 = CARTESIAN_POINT ( 'NONE',  ( 0.6655113270230034184, 4.152133268100259400, 8.223616477797332180 ) ) ;
#1973 = FACE_OUTER_BOUND ( 'NONE', #1244, .T. ) ;
#1974 = LINE ( 'NONE', #696, #1667 ) ;
#1975 = VERTEX_POINT ( 'NONE', #1436 ) ;
#1976 = ORIENTED_EDGE ( 'NONE', *, *, #1175, .F. ) ;
#1977 = VECTOR ( 'NONE', #1249, 1000.000000000000000 ) ;
#1978 = CARTESIAN_POINT ( 'NONE',  ( 5.500000000000000000, 41.67099999999999937, 1.500000000000000000 ) ) ;
#1979 = CARTESIAN_POINT ( 'NONE',  ( -3.889087296418499484, 4.000000000000000000, -3.889087302588655870 ) ) ;
#1980 = AXIS2_PLACEMENT_3D ( 'NONE', #1474, #5, #350 ) ;
#1981 = DIRECTION ( 'NONE',  ( -0.000000000000000000, -0.000000000000000000, 1.000000000000000000 ) ) ;
#1982 = LINE ( 'NONE', #1326, #1888 ) ;
#1983 = DIRECTION ( 'NONE',  ( 0.000000000000000000, 1.000000000000000000, 0.000000000000000000 ) ) ;
#1984 = VERTEX_POINT ( 'NONE', #1780 ) ;
#1985 = EDGE_CURVE ( 'NONE', #268, #707, #1124, .T. ) ;
#1986 = AXIS2_PLACEMENT_3D ( 'NONE', #769, #453, #1588 ) ;
#1987 = ORIENTED_EDGE ( 'NONE', *, *, #2079, .F. ) ;
#1988 = AXIS2_PLACEMENT_3D ( 'NONE', #1897, #901, #914 ) ;
#1989 = CARTESIAN_POINT ( 'NONE',  ( -6.166203381887125801, 69.92315047492820668, 5.481670288651484313 ) ) ;
#1990 =( NAMED_UNIT ( * ) SI_UNIT ( $, .STERADIAN. ) SOLID_ANGLE_UNIT ( ) );
#1991 = PLANE ( 'NONE',  #1107 ) ;
#1992 = LINE ( 'NONE', #656, #1858 ) ;
#1993 = PLANE ( 'NONE',  #1272 ) ;
#1994 = CARTESIAN_POINT ( 'NONE',  ( 2.828427124999999709, 41.67099999999999937, -4.949747468000000872 ) ) ;
#1995 = AXIS2_PLACEMENT_3D ( 'NONE', #468, #109, #1286 ) ;
#1996 = DIRECTION ( 'NONE',  ( -0.7071067813779355893, 0.000000000000000000, -0.7071067809951595562 ) ) ;
#1997 = ADVANCED_FACE ( 'NONE', ( #787 ), #20, .F. ) ;
#1998 = ORIENTED_EDGE ( 'NONE', *, *, #1643, .T. ) ;
#1999 = ORIENTED_EDGE ( 'NONE', *, *, #116, .F. ) ;
#2000 = LINE ( 'NONE', #1015, #1384 ) ;
#2001 =( NAMED_UNIT ( * ) PLANE_ANGLE_UNIT ( ) SI_UNIT ( $, .RADIAN. ) );
#2002 = DIRECTION ( 'NONE',  ( 1.000000000000000000, 0.000000000000000000, 2.664535259100375697E-15 ) ) ;
#2003 = ORIENTED_EDGE ( 'NONE', *, *, #1902, .F. ) ;
#2004 = AXIS2_PLACEMENT_3D ( 'NONE', #1228, #1838, #1031 ) ;
#2005 = DIRECTION ( 'NONE',  ( 0.000000000000000000, 0.000000000000000000, -1.000000000000000000 ) ) ;
#2006 = CARTESIAN_POINT ( 'NONE',  ( 0.000000000000000000, 12.99999999624700209, 5.500000000000000000 ) ) ;
#2007 = LINE ( 'NONE', #16, #1801 ) ;
#2008 = VERTEX_POINT ( 'NONE', #1799 ) ;
#2009 = CIRCLE ( 'NONE', #2046, 1.499999999604272105 ) ;
#2010 = ORIENTED_EDGE ( 'NONE', *, *, #1679, .T. ) ;
#2011 = ORIENTED_EDGE ( 'NONE', *, *, #550, .F. ) ;
#2012 = DIRECTION ( 'NONE',  ( 0.7071067809951595562, -0.000000000000000000, -0.7071067813779355893 ) ) ;
#2013 = VERTEX_POINT ( 'NONE', #2025 ) ;
#2014 = PRODUCT ( 'Cooling housing v3.2', 'Cooling housing v3.2', '', ( #1041 ) ) ;
#2015 = CARTESIAN_POINT ( 'NONE',  ( 6.686222654127251808, 69.25618180720371697, -4.833498433810331285 ) ) ;
#2016 = VERTEX_POINT ( 'NONE', #1634 ) ;
#2017 = EDGE_CURVE ( 'NONE', #600, #1767, #504, .T. ) ;
#2018 = VECTOR ( 'NONE', #174, 999.9999999999998863 ) ;
#2019 = CARTESIAN_POINT ( 'NONE',  ( 1.499999998655291877, 62.50000000000000000, -6.000788832999999656 ) ) ;
#2020 = CARTESIAN_POINT ( 'NONE',  ( 4.836072880771252787E-32, 12.99999999812350282, -5.500000000000000000 ) ) ;
#2021 = CARTESIAN_POINT ( 'NONE',  ( 0.000000000000000000, 4.000000000000000000, 1.208184527999999425 ) ) ;
#2022 = ORIENTED_EDGE ( 'NONE', *, *, #1075, .T. ) ;
#2023 = ORIENTED_EDGE ( 'NONE', *, *, #343, .T. ) ;
#2024 = CARTESIAN_POINT ( 'NONE',  ( -1.198367119122770053, 4.576965138104858610, -8.163687037830291260 ) ) ;
#2025 = CARTESIAN_POINT ( 'NONE',  ( 0.000000000000000000, 0.9171443820000000358, -4.000000000000000000 ) ) ;
#2026 = VECTOR ( 'NONE', #338, 1000.000000000000000 ) ;
#2027 = ADVANCED_FACE ( 'NONE', ( #1312 ), #1478, .T. ) ;
#2028 = LINE ( 'NONE', #1215, #640 ) ;
#2029 = EDGE_CURVE ( 'NONE', #1583, #1566, #252, .T. ) ;
#2030 = ORIENTED_EDGE ( 'NONE', *, *, #304, .T. ) ;
#2031 = CIRCLE ( 'NONE', #1405, 5.500000000000000000 ) ;
#2032 = CARTESIAN_POINT ( 'NONE',  ( 8.217256705916740955, 69.81006374049330532, -0.7562018366698157745 ) ) ;
#2033 = DIRECTION ( 'NONE',  ( 0.000000000000000000, -1.000000000000000000, 0.000000000000000000 ) ) ;
#2034 = DIRECTION ( 'NONE',  ( 0.000000000000000000, 1.000000000000000000, 0.000000000000000000 ) ) ;
#2035 = VERTEX_POINT ( 'NONE', #312 ) ;
#2036 = AXIS2_PLACEMENT_3D ( 'NONE', #667, #159, #1470 ) ;
#2037 = ORIENTED_EDGE ( 'NONE', *, *, #1535, .F. ) ;
#2038 = CARTESIAN_POINT ( 'NONE',  ( 0.000000000000000000, 70.00000000000000000, 0.000000000000000000 ) ) ;
#2039 = DIRECTION ( 'NONE',  ( 0.000000000000000000, 2.131762920842091523E-14, -1.000000000000000000 ) ) ;
#2040 = ORIENTED_EDGE ( 'NONE', *, *, #2077, .F. ) ;
#2041 = AXIS2_PLACEMENT_3D ( 'NONE', #110, #763, #730 ) ;
#2042 = CARTESIAN_POINT ( 'NONE',  ( 8.139237850343226555, 69.16549531983865506, -1.347874266954864897 ) ) ;
#2043 = CARTESIAN_POINT ( 'NONE',  ( 3.889087296887029144, 13.00000000000000178, 3.889087296138981298 ) ) ;
#2044 = LINE ( 'NONE', #916, #1597 ) ;
#2045 = EDGE_LOOP ( 'NONE', ( #279 ) ) ;
#2046 = AXIS2_PLACEMENT_3D ( 'NONE', #1533, #1547, #865 ) ;
#2047 = ADVANCED_FACE ( 'NONE', ( #2102 ), #158, .F. ) ;
#2048 = EDGE_LOOP ( 'NONE', ( #2106, #1005, #1465, #1759, #1876, #672 ) ) ;
#2049 = CARTESIAN_POINT ( 'NONE',  ( 6.619971979083829616, 69.42303486375115540, -4.925224949187271939 ) ) ;
#2050 = ORIENTED_EDGE ( 'NONE', *, *, #2092, .T. ) ;
#2051 = DIRECTION ( 'NONE',  ( -0.000000000000000000, -1.000000000000000000, -0.000000000000000000 ) ) ;
#2052 = DIRECTION ( 'NONE',  ( 0.000000000000000000, -1.000000000000000000, 0.000000000000000000 ) ) ;
#2053 = CIRCLE ( 'NONE', #306, 4.000000000000000000 ) ;
#2054 = DIRECTION ( 'NONE',  ( -0.000000000000000000, 1.000000000000000000, -0.000000000000000000 ) ) ;
#2055 = CARTESIAN_POINT ( 'NONE',  ( -8.121231461193582746, 68.88870670886849723, 1.452059244591014098 ) ) ;
#2056 = ORIENTED_EDGE ( 'NONE', *, *, #1758, .T. ) ;
#2057 = ORIENTED_EDGE ( 'NONE', *, *, #791, .T. ) ;
#2058 = CARTESIAN_POINT ( 'NONE',  ( -4.703791202000000560, 13.00000000000000178, 3.863746878000000162 ) ) ;
#2059 = DIRECTION ( 'NONE',  ( -0.000000000000000000, 1.000000000000000000, 0.000000000000000000 ) ) ;
#2060 = CONICAL_SURFACE ( 'NONE', #964, 8.250000000000000000, 0.7853981633974479459 ) ;
#2061 = DIRECTION ( 'NONE',  ( 1.000000000000000000, -0.000000000000000000, 0.000000000000000000 ) ) ;
#2062 = DIRECTION ( 'NONE',  ( 0.7071067809951595562, 0.000000000000000000, 0.7071067813779355893 ) ) ;
#2063 = B_SPLINE_CURVE_WITH_KNOTS ( 'NONE', 3,
 ( #1295, #1410, #801, #1618, #2095, #316, #2115, #152, #1943, #1092, #478, #1581, #968, #1933 ),
 .UNSPECIFIED., .F., .F.,
 ( 4, 2, 2, 2, 2, 2, 4 ),
 ( 9.510740691837213617E-14, 0.0002935153999964879154, 0.0005870307998978684235, 0.0008805461997992490401, 0.001174061599700629331, 0.001761092399503389914, 0.002348123199306151147 ),
 .UNSPECIFIED. ) ;
#2064 = CARTESIAN_POINT ( 'NONE',  ( -8.112490370369313197, 68.59926364249531616, 1.500000000646943388 ) ) ;
#2065 = ORIENTED_EDGE ( 'NONE', *, *, #870, .F. ) ;
#2066 = EDGE_CURVE ( 'NONE', #959, #646, #495, .T. ) ;
#2067 = ORIENTED_EDGE ( 'NONE', *, *, #220, .T. ) ;
#2068 = ADVANCED_FACE ( 'NONE', ( #1115, #1457 ), #1, .F. ) ;
#2069 = APPLICATION_CONTEXT ( 'automotive_design' ) ;
#2070 = DIRECTION ( 'NONE',  ( -0.000000000000000000, 1.000000000000000000, 0.000000000000000000 ) ) ;
#2071 = PLANE ( 'NONE',  #1544 ) ;
#2072 = DIRECTION ( 'NONE',  ( 0.000000000000000000, 0.000000000000000000, 1.000000000000000000 ) ) ;
#2073 = ORIENTED_EDGE ( 'NONE', *, *, #116, .T. ) ;
#2074 = CARTESIAN_POINT ( 'NONE',  ( 0.000000000000000000, 62.50000000000000000, 5.500000000000000000 ) ) ;
#2075 = EDGE_LOOP ( 'NONE', ( #628, #2040, #1349, #1542 ) ) ;
#2076 = FACE_OUTER_BOUND ( 'NONE', #710, .T. ) ;
#2077 = EDGE_CURVE ( 'NONE', #699, #173, #303, .T. ) ;
#2078 = CARTESIAN_POINT ( 'NONE',  ( 5.500000000000000000, 13.00000000000000178, 1.500000000000000000 ) ) ;
#2079 = EDGE_CURVE ( 'NONE', #709, #243, #1435, .T. ) ;
#2080 = DIRECTION ( 'NONE',  ( 0.000000000000000000, 0.000000000000000000, -1.000000000000000000 ) ) ;
#2081 = ADVANCED_FACE ( 'NONE', ( #1446 ), #985, .F. ) ;
#2082 = CARTESIAN_POINT ( 'NONE',  ( -8.299500000000000099, 4.000000000000000000, -5.918132729999999952 ) ) ;
#2083 = LINE ( 'NONE', #1605, #1745 ) ;
#2084 = ORIENTED_EDGE ( 'NONE', *, *, #1008, .F. ) ;
#2085 = CARTESIAN_POINT ( 'NONE',  ( 3.889087295740149663, 13.00000000000000178, -3.889087297285862110 ) ) ;
#2086 = ORIENTED_EDGE ( 'NONE', *, *, #1515, .F. ) ;
#2087 = VECTOR ( 'NONE', #1279, 1000.000000000000000 ) ;
#2088 = DIRECTION ( 'NONE',  ( -0.7071067811865474617, 0.000000000000000000, -0.7071067811865474617 ) ) ;
#2089 = DIRECTION ( 'NONE',  ( -0.7071067811865479058, -0.000000000000000000, -0.7071067811865472397 ) ) ;
#2090 = EDGE_CURVE ( 'NONE', #917, #639, #2031, .T. ) ;
#2091 = DIRECTION ( 'NONE',  ( -0.000000000000000000, 1.000000000000000000, -0.000000000000000000 ) ) ;
#2092 = EDGE_CURVE ( 'NONE', #1566, #340, #712, .T. ) ;
#2093 = B_SPLINE_CURVE_WITH_KNOTS ( 'NONE', 3,
 ( #518, #1315, #1346, #1660, #1305, #1972, #1171, #668, #219, #1651, #198, #1638, #3, #823 ),
 .UNSPECIFIED., .F., .F.,
 ( 4, 2, 2, 2, 2, 2, 4 ),
 ( 5.559403127962346936E-13, 0.0002935162080130369845, 0.0005870324154701334757, 0.0008805486229272299669, 0.001174064830384326458, 0.001761097245298517272, 0.002348129660212708303 ),
 .UNSPECIFIED. ) ;
#2094 = AXIS2_PLACEMENT_3D ( 'NONE', #568, #1391, #715 ) ;
#2095 = CARTESIAN_POINT ( 'NONE',  ( 4.739921148950853258, 5.015969310298429740, 6.752562870918832338 ) ) ;
#2096 = VERTEX_POINT ( 'NONE', #539 ) ;
#2097 = LINE ( 'NONE', #774, #136 ) ;
#2098 = EDGE_LOOP ( 'NONE', ( #1122, #1963, #1868, #1221, #1867, #177, #524 ) ) ;
#2099 =( GEOMETRIC_REPRESENTATION_CONTEXT ( 3 ) GLOBAL_UNCERTAINTY_ASSIGNED_CONTEXT ( ( #1375 ) ) GLOBAL_UNIT_ASSIGNED_CONTEXT ( ( #1050, #2001, #1990 ) ) REPRESENTATION_CONTEXT ( 'NONE', 'WORKASPACE' ) );
#2100 = DIRECTION ( 'NONE',  ( -0.000000000000000000, 1.000000000000000000, -0.000000000000000000 ) ) ;
#2101 = VECTOR ( 'NONE', #1108, 1000.000000000000000 ) ;
#2102 = FACE_OUTER_BOUND ( 'NONE', #1843, .T. ) ;
#2103 = CARTESIAN_POINT ( 'NONE',  ( -4.928775949558270142, 4.585634714362590181, -6.616093415381643084 ) ) ;
#2104 = DIRECTION ( 'NONE',  ( 0.000000000000000000, 0.000000000000000000, -1.000000000000000000 ) ) ;
#2105 = CARTESIAN_POINT ( 'NONE',  ( -5.499999999648268023, 13.00000000000000355, -1.499999999551763441 ) ) ;
#2106 = ORIENTED_EDGE ( 'NONE', *, *, #1086, .F. ) ;
#2107 = FACE_BOUND ( 'NONE', #1899, .T. ) ;
#2108 = ORIENTED_EDGE ( 'NONE', *, *, #1679, .F. ) ;
#2109 = VECTOR ( 'NONE', #1886, 1000.000000000000000 ) ;
#2110 = EDGE_CURVE ( 'NONE', #1526, #862, #527, .T. ) ;
#2111 = DIRECTION ( 'NONE',  ( -0.000000000000000000, -1.000000000000000000, -0.000000000000000000 ) ) ;
#2112 = DIRECTION ( 'NONE',  ( -1.000000000000000000, -5.782411586589351722E-16, -0.000000000000000000 ) ) ;
#2113 = CIRCLE ( 'NONE', #269, 5.500000000000000000 ) ;
#2114 = FACE_OUTER_BOUND ( 'NONE', #1197, .T. ) ;
#2115 = CARTESIAN_POINT ( 'NONE',  ( 4.840135413700989098, 4.748468390335401246, 6.681213484019676407 ) ) ;
#2116 = CARTESIAN_POINT ( 'NONE',  ( 1.499999997692510689, 62.50000000000000000, 8.112490370220632130 ) ) ;
#2117 = ORIENTED_EDGE ( 'NONE', *, *, #446, .T. ) ;
#2118 = CARTESIAN_POINT ( 'NONE',  ( -2.828427124999999709, 41.67099999999999937, 4.949747468000000872 ) ) ;
#2119 = EDGE_LOOP ( 'NONE', ( #1094, #15, #342, #511, #1739, #1424 ) ) ;
#2120 = AXIS2_PLACEMENT_3D ( 'NONE', #163, #1347, #814 ) ;
#2121 = DIRECTION ( 'NONE',  ( 0.7071067809951595562, 0.000000000000000000, -0.7071067813779355893 ) ) ;
ENDSEC;
END-ISO-10303-21;
