ISO-10303-21;
HEADER;
FILE_DESCRIPTION (( 'STEP AP214' ),
    '1' );
FILE_NAME ('Side Screw Inserts.STEP',
    '2026-09-06T14:56:22',
    ( '' ),
    ( '' ),
    'SwSTEP 2.0',
    'SolidWorks 2024',
    '' );
FILE_SCHEMA (( 'AUTOMOTIVE_DESIGN' ));
ENDSEC;

DATA;
#1 = CARTESIAN_POINT ( 'NONE',  ( 8.381588247000003378, -2.828427124999999709, -2.828427124999999709 ) ) ;
#2 = CARTESIAN_POINT ( 'NONE',  ( 0.1784632510000000172, 3.999999999999999112, -1.656854248999999779 ) ) ;
#3 = CARTESIAN_POINT ( 'NONE',  ( 9.397213246855704583, -3.999999999750071478, 1.656854248896476589 ) ) ;
#4 =( BOUNDED_CURVE ( )  B_SPLINE_CURVE ( 2, ( #485, #349, #217 ),
 .UNSPECIFIED., .F., .T. ) 
 B_SPLINE_CURVE_WITH_KNOTS ( ( 3, 3 ),
 ( 7.634364457737810063E-15, 0.001866451219345965093 ),
 .UNSPECIFIED. ) 
 CURVE ( )  GEOMETRIC_REPRESENTATION_ITEM ( )  RATIONAL_B_SPLINE_CURVE ( ( 1.000000000000000000, 0.9546066822822070197, 0.9633526351550483202 ) ) 
 REPRESENTATION_ITEM ( '' )  );
#5 = CARTESIAN_POINT ( 'NONE',  ( 1.037838248999999546, -1.376604667000000060, 3.323417656000000164 ) ) ;
#6 = CARTESIAN_POINT ( 'NONE',  ( 0.1784632511444273206, 3.999999999749844104, -1.656854248896382220 ) ) ;
#7 = CARTESIAN_POINT ( 'NONE',  ( -0.2121617510000000095, -1.376604667000000060, 3.323417656000000608 ) ) ;
#8 = CARTESIAN_POINT ( 'NONE',  ( 9.319088249000001767, -1.376604667000000060, -3.323417656000000164 ) ) ;
#9 = CARTESIAN_POINT ( 'NONE',  ( 8.303463249000001767, 2.350011160999999849, -2.350011160999999849 ) ) ;
#10 = CARTESIAN_POINT ( 'NONE',  ( 8.850338247000001601, 4.000000000000000000, 0.000000000000000000 ) ) ;
#11 = CARTESIAN_POINT ( 'NONE',  ( -0.3684117490000000661, -4.000000000000000000, 0.000000000000000000 ) ) ;
#12 = CARTESIAN_POINT ( 'NONE',  ( 4.319088246855702806, -2.828427124823273964, 2.828427124823273964 ) ) ;
#13 = CARTESIAN_POINT ( 'NONE',  ( 3.928463249000000435, -2.350011160999999849, -2.350011160999999849 ) ) ;
#14 = CARTESIAN_POINT ( 'NONE',  ( 2.444088251144427293, 0.000000000000000000, -3.999999999749844992 ) ) ;
#15 = CARTESIAN_POINT ( 'NONE',  ( 7.678463248999999990, -2.350011160999999849, -2.350011160999999849 ) ) ;
#16 = CARTESIAN_POINT ( 'NONE',  ( 4.631588248999998214, 3.323417656000000164, -1.376604667000000060 ) ) ;
#17 = CARTESIAN_POINT ( 'NONE',  ( 6.662838250999998380, 2.828427124999999709, 2.828427124999999709 ) ) ;
#18 = CARTESIAN_POINT ( 'NONE',  ( 8.850338248999999990, -1.376604667000000060, 3.323417656000000608 ) ) ;
#19 = CARTESIAN_POINT ( 'NONE',  ( 5.490963246999998937, -1.656854248999999779, 3.999999999999999112 ) ) ;
#20 = CARTESIAN_POINT ( 'NONE',  ( -0.1340367489999999828, -1.656854248999999779, -3.999999999999999112 ) ) ;
#21 = CARTESIAN_POINT ( 'NONE',  ( 4.944088246855702806, 2.828427124823273964, -2.828427124823273964 ) ) ;
#22 = CARTESIAN_POINT ( 'NONE',  ( 2.053463248999999990, 2.350011160999999849, 2.350011160999999849 ) ) ;
#23 = CARTESIAN_POINT ( 'NONE',  ( 2.756588251144427737, 3.999999999749844992, 0.000000000000000000 ) ) ;
#24 = CARTESIAN_POINT ( 'NONE',  ( 5.803463248999999990, 2.350011160999999849, 2.350011160999999849 ) ) ;
#25 = CARTESIAN_POINT ( 'NONE',  ( 3.303463248999999990, 2.350011160999999849, -2.350011160999999849 ) ) ;
#26 = CARTESIAN_POINT ( 'NONE',  ( 3.459713248999999990, 3.323417656000000164, 0.000000000000000000 ) ) ;
#27 = CARTESIAN_POINT ( 'NONE',  ( -1.305911749000001398, 2.986019883137406516, 1.894799200687229179 ) ) ;
#28 = CARTESIAN_POINT ( 'NONE',  ( 6.584713246999998049, 1.656854248999999779, 3.999999999999999112 ) ) ;
#29 = ADVANCED_FACE ( 'NONE', ( #284 ), #1623, .T. ) ;
#30 = CARTESIAN_POINT ( 'NONE',  ( -1.149661748999999844, 2.828427124999999709, -2.828427124999999709 ) ) ;
#31 = CARTESIAN_POINT ( 'NONE',  ( 3.225338246855705027, -3.999999999750072366, 0.000000000000000000 ) ) ;
#32 = CARTESIAN_POINT ( 'NONE',  ( 4.709713248999999990, 0.000000000000000000, 3.323417656000000164 ) ) ;
#33 = CARTESIAN_POINT ( 'NONE',  ( 2.600338251144427737, 2.828427124823113203, -2.828427124823113203 ) ) ;
#34 = CARTESIAN_POINT ( 'NONE',  ( 4.787838248999999990, -1.376604667000000060, 3.323417656000000608 ) ) ;
#35 = CARTESIAN_POINT ( 'NONE',  ( 4.944088248999999102, 1.376604667000000060, 3.323417656000000164 ) ) ;
#36 = CARTESIAN_POINT ( 'NONE',  ( 2.365963248999999990, 2.350011160999999849, 2.350011160999999849 ) ) ;
#37 = CARTESIAN_POINT ( 'NONE',  ( 9.162838247000001601, 0.000000000000000000, 4.000000000000000000 ) ) ;
#38 = CARTESIAN_POINT ( 'NONE',  ( 7.522213248999999102, -3.323417656000000164, 0.000000000000000000 ) ) ;
#39 = CARTESIAN_POINT ( 'NONE',  ( 0.7253382468557042495, -3.999999999750072366, 0.000000000000000000 ) ) ;
#40 = CARTESIAN_POINT ( 'NONE',  ( 2.600338248999999990, -3.323417656000000164, -1.376604667000000060 ) ) ;
#41 = CARTESIAN_POINT ( 'NONE',  ( 5.178463248999999990, -2.350011160999999849, -2.350011160999999849 ) ) ;
#42 = CARTESIAN_POINT ( 'NONE',  ( 3.537838248999999990, 3.323417656000000608, 1.376604667000000060 ) ) ;
#43 = CARTESIAN_POINT ( 'NONE',  ( -0.1340367510000000095, 2.350011160999999849, 2.350011160999999849 ) ) ;
#44 = CARTESIAN_POINT ( 'NONE',  ( 5.569088250999999268, 0.000000000000000000, 4.000000000000000000 ) ) ;
#45 = CARTESIAN_POINT ( 'NONE',  ( 1.584713246855704138, 1.656854248896476589, 3.999999999750071478 ) ) ;
#46 = AXIS2_PLACEMENT_3D ( 'NONE', #1651, #688, #976 ) ;
#47 = CARTESIAN_POINT ( 'NONE',  ( 4.865963251144425961, -1.656854248896382220, -3.999999999749844104 ) ) ;
#48 = CARTESIAN_POINT ( 'NONE',  ( 5.100338248999999102, -3.323417656000000608, -1.376604667000000060 ) ) ;
#49 = CARTESIAN_POINT ( 'NONE',  ( 3.694088248999999546, 1.376604667000000060, 3.323417656000000164 ) ) ;
#50 = CARTESIAN_POINT ( 'NONE',  ( 4.475338248999999102, 1.376604667000000060, -3.323417656000000608 ) ) ;
#51 = CARTESIAN_POINT ( 'NONE',  ( -0.4465367510000000650, 2.350011160999999849, -2.350011160999999849 ) ) ;
#52 = CARTESIAN_POINT ( 'NONE',  ( 0.9597132509999999339, -3.999999999999999112, -1.656854248999999779 ) ) ;
#53 = DIRECTION ( 'NONE',  ( -1.000000000000000000, 0.000000000000000000, 0.000000000000000000 ) ) ;
#54 = CARTESIAN_POINT ( 'NONE',  ( -0.9152867509999998985, 0.000000000000000000, -3.323417656000000164 ) ) ;
#55 = DIRECTION ( 'NONE',  ( -7.709882115452389420E-16, 1.000000000000000000, 0.000000000000000000 ) ) ;
#56 = DIRECTION ( 'NONE',  ( -1.804112415015879378E-14, 0.000000000000000000, -1.000000000000000000 ) ) ;
#57 = CARTESIAN_POINT ( 'NONE',  ( 3.225338248999999990, 1.376604667000000060, -3.323417656000000608 ) ) ;
#58 = PRODUCT_DEFINITION_CONTEXT ( 'detailed design', #1641, 'design' ) ;
#59 = CARTESIAN_POINT ( 'NONE',  ( -0.5246617510000000095, 1.376604667000000060, -3.323417656000000608 ) ) ;
#60 = CARTESIAN_POINT ( 'NONE',  ( 2.600338251000000600, 2.828427124999999709, -2.828427124999999709 ) ) ;
#61 = CARTESIAN_POINT ( 'NONE',  ( 8.889400750000001850, 0.000000000000000000, -3.661708828000000082 ) ) ;
#62 = CARTESIAN_POINT ( 'NONE',  ( -0.05591175100000000259, -3.323417656000000608, 1.376604667000000060 ) ) ;
#63 =( NAMED_UNIT ( * ) PLANE_ANGLE_UNIT ( ) SI_UNIT ( $, .RADIAN. ) );
#64 = AXIS2_PLACEMENT_3D ( 'NONE', #81, #1700, #1454 ) ;
#65 = CARTESIAN_POINT ( 'NONE',  ( -0.5246617510000000095, 1.376604667000000060, -3.323417656000000164 ) ) ;
#66 = CARTESIAN_POINT ( 'NONE',  ( -1.462161750999999787, -1.376604667000000060, 3.323417656000000608 ) ) ;
#67 = ORIENTED_EDGE ( 'NONE', *, *, #1033, .T. ) ;
#68 = CARTESIAN_POINT ( 'NONE',  ( 0.4909632490000000460, -2.350011160999999849, -2.350011160999999849 ) ) ;
#69 = CARTESIAN_POINT ( 'NONE',  ( -1.071536750999999787, -2.350011160999999849, -2.350011160999999849 ) ) ;
#70 = CARTESIAN_POINT ( 'NONE',  ( 2.522213250999999268, 1.656854248999999779, -3.999999999999999112 ) ) ;
#71 = CARTESIAN_POINT ( 'NONE',  ( -0.05591175314429576437, 2.828427124823273964, -2.828427124823273964 ) ) ;
#72 = CARTESIAN_POINT ( 'NONE',  ( -1.227786750999999787, -3.323417656000000164, 0.000000000000000000 ) ) ;
#73 = CARTESIAN_POINT ( 'NONE',  ( 0.1784632490000000460, -2.350011160999999849, 2.350011160999999849 ) ) ;
#74 = CARTESIAN_POINT ( 'NONE',  ( 7.209713248999999990, 3.323417656000000164, 0.000000000000000000 ) ) ;
#75 = EDGE_LOOP ( 'NONE', ( #1017 ) ) ;
#76 = CARTESIAN_POINT ( 'NONE',  ( 2.365963248999999990, 2.350011160999999849, 2.350011160999999849 ) ) ;
#77 = CARTESIAN_POINT ( 'NONE',  ( -0.9934117509999996765, -1.376604667000000060, -3.323417656000000164 ) ) ;
#78 = CARTESIAN_POINT ( 'NONE',  ( 2.444088251000000156, 0.000000000000000000, -4.000000000000000000 ) ) ;
#79 = CARTESIAN_POINT ( 'NONE',  ( -0.3684117531442958060, -2.828427124823273964, -2.828427124823273964 ) ) ;
#80 = CARTESIAN_POINT ( 'NONE',  ( 8.381588251144428625, -3.999999999749844992, 0.000000000000000000 ) ) ;
#81 = CARTESIAN_POINT ( 'NONE',  ( 9.694088251000000156, 3.429083089089501018E-15, 1.397740430342242490E-09 ) ) ;
#82 = CARTESIAN_POINT ( 'NONE',  ( 1.272213248999999990, 0.000000000000000000, 3.323417656000000164 ) ) ;
#83 = CARTESIAN_POINT ( 'NONE',  ( 7.444088248999999102, 1.376604667000000060, 3.323417656000000608 ) ) ;
#84 = ORIENTED_EDGE ( 'NONE', *, *, #1276, .F. ) ;
#85 = CARTESIAN_POINT ( 'NONE',  ( 7.990963248999999990, -2.350011160999999849, -2.350011160999999849 ) ) ;
#86 = CARTESIAN_POINT ( 'NONE',  ( -0.5246617510000000095, 3.323417656000000164, 1.376604667000000060 ) ) ;
#87 = CARTESIAN_POINT ( 'NONE',  ( -0.3684117509999999540, 3.323417656000000608, -1.376604667000000060 ) ) ;
#88 = CARTESIAN_POINT ( 'NONE',  ( -0.6027867531442956395, -3.999999999750071478, 1.656854248896476589 ) ) ;
#89 = CARTESIAN_POINT ( 'NONE',  ( 7.444088251144425961, 0.000000000000000000, -3.999999999749844992 ) ) ;
#90 = CARTESIAN_POINT ( 'NONE',  ( -1.305911749000000066, -1.474577353213576636, 2.986293737942723237 ) ) ;
#91 = CARTESIAN_POINT ( 'NONE',  ( 6.428463248999999990, -2.350011160999999849, -2.350011160999999849 ) ) ;
#92 = DIRECTION ( 'NONE',  ( 1.000000000000000000, -0.000000000000000000, 0.000000000000000000 ) ) ;
#93 = CARTESIAN_POINT ( 'NONE',  ( 5.725338248999998214, 1.376604667000000060, -3.323417656000000608 ) ) ;
#94 = EDGE_LOOP ( 'NONE', ( #757, #336, #767, #1602, #1438 ) ) ;
#95 = CARTESIAN_POINT ( 'NONE',  ( 4.006588248999998214, -3.323417656000000608, 1.376604667000000060 ) ) ;
#96 = CARTESIAN_POINT ( 'NONE',  ( -1.149661750999999565, -3.323417656000000164, -1.376604667000000060 ) ) ;
#97 = CARTESIAN_POINT ( 'NONE',  ( 6.272213250999998380, 1.656854248999999779, -3.999999999999999112 ) ) ;
#98 = CARTESIAN_POINT ( 'NONE',  ( 2.834713247000000713, 1.656854248999999779, 3.999999999999999112 ) ) ;
#99 = CARTESIAN_POINT ( 'NONE',  ( 4.397213248999999102, 3.323417656000000164, 0.000000000000000000 ) ) ;
#100 = CARTESIAN_POINT ( 'NONE',  ( 7.365963246855701030, 1.656854248896476589, -3.999999999750071478 ) ) ;
#101 = CARTESIAN_POINT ( 'NONE',  ( 5.569088248999999102, 3.323417656000000164, -1.376604667000000060 ) ) ;
#102 = CARTESIAN_POINT ( 'NONE',  ( -1.305911748999999844, -0.5958477631089389437, -3.915896680132697760 ) ) ;
#103 = CARTESIAN_POINT ( 'NONE',  ( 7.912838248999999990, -3.323417656000000608, -1.376604667000000060 ) ) ;
#104 = ADVANCED_FACE ( 'NONE', ( #1232, #662 ), #105, .F. ) ;
#105 = CYLINDRICAL_SURFACE ( 'NONE', #570, 2.500000000000000000 ) ;
#106 = CARTESIAN_POINT ( 'NONE',  ( 4.787838248999999990, 3.323417656000000608, 1.376604667000000060 ) ) ;
#107 = CARTESIAN_POINT ( 'NONE',  ( 0.4128382489999999905, 1.376604667000000060, -3.323417656000000164 ) ) ;
#108 = CARTESIAN_POINT ( 'NONE',  ( 5.881588250999999268, -4.000000000000000000, 0.000000000000000000 ) ) ;
#109 = CARTESIAN_POINT ( 'NONE',  ( 4.787838246999999825, 0.000000000000000000, -4.000000000000000000 ) ) ;
#110 = CARTESIAN_POINT ( 'NONE',  ( 3.850338248999999546, -3.323417656000000608, -1.376604667000000060 ) ) ;
#111 = CARTESIAN_POINT ( 'NONE',  ( 5.803463246855704583, -3.999999999750071478, -1.656854248896476589 ) ) ;
#112 = CARTESIAN_POINT ( 'NONE',  ( -1.305911748999986743, -3.461254848233919379, -0.7673379293714099880 ) ) ;
#113 = CARTESIAN_POINT ( 'NONE',  ( -0.3684117509999999540, 1.376604667000000060, 3.323417656000000608 ) ) ;
#114 = ORIENTED_EDGE ( 'NONE', *, *, #1560, .T. ) ;
#115 = CARTESIAN_POINT ( 'NONE',  ( 5.959713249000000879, 3.323417656000000164, 0.000000000000000000 ) ) ;
#116 = PRODUCT_CONTEXT ( 'NONE', #1235, 'mechanical' ) ;
#117 = CARTESIAN_POINT ( 'NONE',  ( 7.834713250999999268, 3.999999999999999112, 1.656854248999999779 ) ) ;
#118 = CARTESIAN_POINT ( 'NONE',  ( -0.05591175300000000847, 2.828427124999999709, -2.828427124999999709 ) ) ;
#119 = CARTESIAN_POINT ( 'NONE',  ( 6.272213248999999990, -3.323417656000000164, 0.000000000000000000 ) ) ;
#120 = DIRECTION ( 'NONE',  ( -1.387778780781445676E-15, 1.000000000000000000, 0.000000000000000000 ) ) ;
#121 = CARTESIAN_POINT ( 'NONE',  ( 0.1003382511444272651, 2.828427124823113203, -2.828427124823113203 ) ) ;
#122 = CARTESIAN_POINT ( 'NONE',  ( 2.834713248999999990, 0.000000000000000000, -3.323417656000000164 ) ) ;
#123 = ORIENTED_EDGE ( 'NONE', *, *, #1354, .T. ) ;
#124 = CARTESIAN_POINT ( 'NONE',  ( 3.615963248999999990, 2.350011160999999849, 2.350011160999999849 ) ) ;
#125 = CARTESIAN_POINT ( 'NONE',  ( 1.584713246999999603, 1.656854248999999779, 3.999999999999999112 ) ) ;
#126 = CARTESIAN_POINT ( 'NONE',  ( 3.381588248999999102, 1.376604667000000060, 3.323417656000000608 ) ) ;
#127 = CARTESIAN_POINT ( 'NONE',  ( 6.819088246855703694, -2.828427124823273964, 2.828427124823273964 ) ) ;
#128 = CARTESIAN_POINT ( 'NONE',  ( -0.3684117488555727626, -3.999999999749844992, 0.000000000000000000 ) ) ;
#129 = CARTESIAN_POINT ( 'NONE',  ( -0.1340367510000000095, -2.350011160999999849, 2.350011160999999849 ) ) ;
#130 = CARTESIAN_POINT ( 'NONE',  ( 8.694088248999999990, 1.376604667000000060, 3.323417656000000164 ) ) ;
#131 = CARTESIAN_POINT ( 'NONE',  ( -1.305911749000001620, 3.161600517099242502, 1.649632439746902213 ) ) ;
#132 = CARTESIAN_POINT ( 'NONE',  ( 3.850338247000000269, 4.000000000000000000, 0.000000000000000000 ) ) ;
#133 = CARTESIAN_POINT ( 'NONE',  ( 8.381588248999999990, 1.376604667000000060, 3.323417656000000608 ) ) ;
#134 = DIRECTION ( 'NONE',  ( 1.000000000000000000, 6.938893903907229364E-16, -0.000000000000000000 ) ) ;
#135 = EDGE_CURVE ( 'NONE', #488, #1711, #1593, .T. ) ;
#136 = CARTESIAN_POINT ( 'NONE',  ( 1.272213248999999990, -3.323417656000000164, 0.000000000000000000 ) ) ;
#137 = CARTESIAN_POINT ( 'NONE',  ( -1.305911748999999844, -3.039799743978461866, -2.052595154029402291 ) ) ;
#138 = CARTESIAN_POINT ( 'NONE',  ( -0.7590367510000001205, 2.350011160999999849, -2.350011160999999849 ) ) ;
#139 = CARTESIAN_POINT ( 'NONE',  ( 7.131588248999998214, 3.323417656000000164, -1.376604667000000060 ) ) ;
#140 = DIRECTION ( 'NONE',  ( 1.000000000000000000, -0.000000000000000000, -0.000000000000000000 ) ) ;
#141 = CARTESIAN_POINT ( 'NONE',  ( 6.819088246999999825, -2.828427124999999709, 2.828427124999999709 ) ) ;
#142 = B_SPLINE_CURVE_WITH_KNOTS ( 'NONE', 3,
 ( #1310, #1729, #191, #1052, #1420, #738, #1284, #112, #948, #255, #1629, #535, #137, #1063, #398, #929, #1359, #246, #956, #102, #1094, #660 ),
 .UNSPECIFIED., .F., .F.,
 ( 4, 2, 2, 2, 2, 2, 2, 2, 2, 2, 4 ),
 ( 0.000000000000000000, 0.0008990288127052149325, 0.001348543219057822453, 0.001798057625410429865, 0.002697086438115644472, 0.003146600844468251234, 0.003596115250820857995, 0.004495144063526071085, 0.005394172876231284608, 0.006293201688936498131, 0.007192230501641709919 ),
 .UNSPECIFIED. ) ;
#143 = CARTESIAN_POINT ( 'NONE',  ( -1.305911748999999844, 0.000000000000000000, -4.000000000000000000 ) ) ;
#144 = CARTESIAN_POINT ( 'NONE',  ( 4.475338246855703694, -3.999999999750072366, 0.000000000000000000 ) ) ;
#145 = CARTESIAN_POINT ( 'NONE',  ( 0.8034632489999998795, 2.350011160999999849, 2.350011160999999849 ) ) ;
#146 = CARTESIAN_POINT ( 'NONE',  ( 3.772213251144427293, 1.656854248896382220, -3.999999999749844104 ) ) ;
#147 = CARTESIAN_POINT ( 'NONE',  ( 3.225338248999999990, 3.323417656000000608, 1.376604667000000060 ) ) ;
#148 = CARTESIAN_POINT ( 'NONE',  ( 5.959713249000000879, 3.323417656000000164, 0.000000000000000000 ) ) ;
#149 = CARTESIAN_POINT ( 'NONE',  ( 7.678463250999999268, 3.999999999999999112, -1.656854248999999779 ) ) ;
#150 = CARTESIAN_POINT ( 'NONE',  ( -1.305911749000000288, 1.563599381376166164, 2.984412995528339607 ) ) ;
#151 = APPLICATION_PROTOCOL_DEFINITION ( 'draft international standard', 'automotive_design', 1998, #1235 ) ;
#152 = CARTESIAN_POINT ( 'NONE',  ( 6.037838246999998937, 0.000000000000000000, -4.000000000000000000 ) ) ;
#153 = CARTESIAN_POINT ( 'NONE',  ( 7.209713248999999990, 0.000000000000000000, 3.323417656000000164 ) ) ;
#154 = CARTESIAN_POINT ( 'NONE',  ( 2.522213246855703694, 3.999999999750071478, -1.656854248896476589 ) ) ;
#155 = CARTESIAN_POINT ( 'NONE',  ( 1.584713248999999990, 0.000000000000000000, -3.323417656000000164 ) ) ;
#156 = CARTESIAN_POINT ( 'NONE',  ( 5.959713251144426849, -3.999999999749844104, -1.656854248896382220 ) ) ;
#157 = CARTESIAN_POINT ( 'NONE',  ( 4.709713248999999990, 0.000000000000000000, 3.323417656000000164 ) ) ;
#158 = CARTESIAN_POINT ( 'NONE',  ( 4.397213248999999102, 0.000000000000000000, -3.323417656000000164 ) ) ;
#159 = CARTESIAN_POINT ( 'NONE',  ( 2.522213248999999990, 0.000000000000000000, 3.323417656000000164 ) ) ;
#160 = CARTESIAN_POINT ( 'NONE',  ( 8.694088248999999990, 1.376604667000000060, 3.323417656000000608 ) ) ;
#161 = ADVANCED_FACE ( 'NONE', ( #218, #887 ), #1184, .F. ) ;
#162 = CARTESIAN_POINT ( 'NONE',  ( 8.694088246999999825, 2.828427124999999709, -2.828427124999999709 ) ) ;
#163 = CARTESIAN_POINT ( 'NONE',  ( -1.540286748999999622, -3.999999999999999112, -1.656854248999999779 ) ) ;
#164 = CARTESIAN_POINT ( 'NONE',  ( 2.600338246855705027, 3.999999999750072366, 0.000000000000000000 ) ) ;
#165 = CARTESIAN_POINT ( 'NONE',  ( 3.694088248999999546, -3.323417656000000164, 1.376604667000000060 ) ) ;
#166 = CARTESIAN_POINT ( 'NONE',  ( 4.787838251144426849, -2.828427124823113203, -2.828427124823113203 ) ) ;
#167 = CARTESIAN_POINT ( 'NONE',  ( 7.522213248999999102, -3.323417656000000164, 0.000000000000000000 ) ) ;
#168 = CARTESIAN_POINT ( 'NONE',  ( 2.990963248999999990, -2.350011160999999849, -2.350011160999999849 ) ) ;
#169 = CARTESIAN_POINT ( 'NONE',  ( 2.209713249000000435, 3.323417656000000164, 0.000000000000000000 ) ) ;
#170 = AXIS2_PLACEMENT_3D ( 'NONE', #1369, #382, #276 ) ;
#171 = CARTESIAN_POINT ( 'NONE',  ( 7.287838246999998937, 0.000000000000000000, -4.000000000000000000 ) ) ;
#172 = CARTESIAN_POINT ( 'NONE',  ( 9.006588248999999990, -1.376604667000000060, -3.323417656000000608 ) ) ;
#173 = CARTESIAN_POINT ( 'NONE',  ( 0.8815882468557043605, -2.828427124823273964, -2.828427124823273964 ) ) ;
#174 = CARTESIAN_POINT ( 'NONE',  ( 3.381588248999999990, 1.376604667000000060, 3.323417656000000164 ) ) ;
#175 = CARTESIAN_POINT ( 'NONE',  ( 2.522213251144427293, 1.656854248896382220, -3.999999999749844104 ) ) ;
#176 = CARTESIAN_POINT ( 'NONE',  ( 8.381588248999999990, 1.376604667000000060, 3.323417656000000608 ) ) ;
#177 = CARTESIAN_POINT ( 'NONE',  ( 3.928463249000000435, -2.350011160999999849, 2.350011160999999849 ) ) ;
#178 = CARTESIAN_POINT ( 'NONE',  ( 1.194088248999999990, 1.376604667000000060, 3.323417656000000608 ) ) ;
#179 = CARTESIAN_POINT ( 'NONE',  ( 6.115963246999998937, 1.656854248999999779, -3.999999999999999112 ) ) ;
#180 = CARTESIAN_POINT ( 'NONE',  ( 4.709713250999998380, -3.999999999999999112, -1.656854248999999779 ) ) ;
#181 = CARTESIAN_POINT ( 'NONE',  ( 1.975338246855703472, -3.999999999750072366, 0.000000000000000000 ) ) ;
#182 = CARTESIAN_POINT ( 'NONE',  ( 5.334713251144425961, 3.999999999749844104, 1.656854248896382220 ) ) ;
#183 = CARTESIAN_POINT ( 'NONE',  ( 7.053463248999999990, 2.350011160999999849, 2.350011160999999849 ) ) ;
#184 = CARTESIAN_POINT ( 'NONE',  ( 6.194088248999997326, 1.376604667000000060, 3.323417656000000164 ) ) ;
#185 = CARTESIAN_POINT ( 'NONE',  ( 1.428463248999999768, -2.350011160999999849, 2.350011160999999849 ) ) ;
#186 = CARTESIAN_POINT ( 'NONE',  ( 1.975338248999999990, 1.376604667000000060, -3.323417656000000608 ) ) ;
#187 = CARTESIAN_POINT ( 'NONE',  ( 5.178463250999999268, 3.999999999999999112, -1.656854248999999779 ) ) ;
#188 = CARTESIAN_POINT ( 'NONE',  ( -1.071536753144295195, 3.999999999750071478, 1.656854248896476589 ) ) ;
#189 = CARTESIAN_POINT ( 'NONE',  ( 8.069088251144430401, 0.000000000000000000, 3.999999999749844992 ) ) ;
#190 = CARTESIAN_POINT ( 'NONE',  ( 8.850338248999999990, -3.323417656000000608, -1.376604667000000060 ) ) ;
#191 = CARTESIAN_POINT ( 'NONE',  ( -1.305911748999999844, -3.321719528442089953, 0.7243503788096081752 ) ) ;
#192 = CARTESIAN_POINT ( 'NONE',  ( 1.662838248999999990, -3.323417656000000608, -1.376604667000000060 ) ) ;
#193 = CARTESIAN_POINT ( 'NONE',  ( -0.8371617509999997875, -3.323417656000000608, -1.376604667000000060 ) ) ;
#194 = CARTESIAN_POINT ( 'NONE',  ( 2.756588251000000156, 4.000000000000000000, 0.000000000000000000 ) ) ;
#195 = FACE_OUTER_BOUND ( 'NONE', #1035, .T. ) ;
#196 = CARTESIAN_POINT ( 'NONE',  ( 8.615963251144426849, -1.656854248896382220, -3.999999999749844104 ) ) ;
#197 = CARTESIAN_POINT ( 'NONE',  ( 1.350338248999999768, -1.376604667000000060, 3.323417656000000164 ) ) ;
#198 = CARTESIAN_POINT ( 'NONE',  ( 5.647213248999999102, 0.000000000000000000, -3.323417656000000164 ) ) ;
#199 = ORIENTED_EDGE ( 'NONE', *, *, #796, .F. ) ;
#200 = UNCERTAINTY_MEASURE_WITH_UNIT (LENGTH_MEASURE( 1.000000000000000082E-05 ), #1022, 'distance_accuracy_value', 'NONE');
#201 = CARTESIAN_POINT ( 'NONE',  ( -0.6027867510000000095, 0.000000000000000000, -3.323417656000000164 ) ) ;
#202 = VERTEX_POINT ( 'NONE', #749 ) ;
#203 = CARTESIAN_POINT ( 'NONE',  ( 4.162838250999999268, 2.828427124999999709, 2.828427124999999709 ) ) ;
#204 = CARTESIAN_POINT ( 'NONE',  ( -0.8371617531442958615, 0.000000000000000000, 3.999999999750072366 ) ) ;
#205 = CARTESIAN_POINT ( 'NONE',  ( 7.522213251144425072, 1.656854248896382220, -3.999999999749844104 ) ) ;
#206 = CARTESIAN_POINT ( 'NONE',  ( -1.305911749217268047, -3.070437558556111668, 1.271816855555356840 ) ) ;
#207 = AXIS2_PLACEMENT_3D ( 'NONE', #1039, #1161, #483 ) ;
#208 = CARTESIAN_POINT ( 'NONE',  ( -1.227786750999999787, 0.000000000000000000, 3.323417656000000164 ) ) ;
#209 = CARTESIAN_POINT ( 'NONE',  ( 5.022213248999999990, 0.000000000000000000, 3.323417656000000164 ) ) ;
#210 = ORIENTED_EDGE ( 'NONE', *, *, #1407, .T. ) ;
#211 = CARTESIAN_POINT ( 'NONE',  ( 2.209713249000000435, 3.323417656000000164, 0.000000000000000000 ) ) ;
#212 = EDGE_CURVE ( 'NONE', #1333, #1333, #1255, .T. ) ;
#213 = CARTESIAN_POINT ( 'NONE',  ( 0.2565882490000000460, -1.376604667000000060, -3.323417656000000164 ) ) ;
#214 = CARTESIAN_POINT ( 'NONE',  ( 1.194088251000000156, 0.000000000000000000, -4.000000000000000000 ) ) ;
#215 = PLANE ( 'NONE',  #1526 ) ;
#216 = CARTESIAN_POINT ( 'NONE',  ( 1.662838248999999990, 1.376604667000000060, -3.323417656000000608 ) ) ;
#217 = CARTESIAN_POINT ( 'NONE',  ( 9.694088251000000156, -1.809086389065753142, -3.567521049402404998 ) ) ;
#218 = FACE_BOUND ( 'NONE', #787, .T. ) ;
#219 = CARTESIAN_POINT ( 'NONE',  ( 8.069088249000001767, -1.376604667000000060, -3.323417656000000608 ) ) ;
#220 = EDGE_LOOP ( 'NONE', ( #497 ) ) ;
#221 = CARTESIAN_POINT ( 'NONE',  ( 7.834713248999999102, -3.323417656000000164, 0.000000000000000000 ) ) ;
#222 = CARTESIAN_POINT ( 'NONE',  ( -0.4465367510000000650, 2.350011160999999849, 2.350011160999999849 ) ) ;
#223 = FACE_OUTER_BOUND ( 'NONE', #1312, .T. ) ;
#224 = FACE_OUTER_BOUND ( 'NONE', #1187, .T. ) ;
#225 = CARTESIAN_POINT ( 'NONE',  ( 0.4909632490000000460, 2.350011160999999849, -2.350011160999999849 ) ) ;
#226 = CARTESIAN_POINT ( 'NONE',  ( -0.05591175100000000259, 1.376604667000000060, 3.323417656000000164 ) ) ;
#227 = CARTESIAN_POINT ( 'NONE',  ( 8.928463248999999990, -2.350011160999999849, 2.350011160999999849 ) ) ;
#228 = ORIENTED_EDGE ( 'NONE', *, *, #772, .F. ) ;
#229 = CARTESIAN_POINT ( 'NONE',  ( 4.475338248999999102, 1.376604667000000060, -3.323417656000000608 ) ) ;
#230 = CARTESIAN_POINT ( 'NONE',  ( -0.7590367510000001205, 2.350011160999999849, -2.350011160999999849 ) ) ;
#231 = CARTESIAN_POINT ( 'NONE',  ( -1.298440527999999983, 1.244957678000000012, 3.323417656000000164 ) ) ;
#232 = CARTESIAN_POINT ( 'NONE',  ( 4.553463246999999825, -3.999999999999999112, -1.656854248999999779 ) ) ;
#233 = CARTESIAN_POINT ( 'NONE',  ( 3.615963248999999990, -2.350011160999999849, 2.350011160999999849 ) ) ;
#234 = CARTESIAN_POINT ( 'NONE',  ( 8.069088246855706359, -2.828427124823273964, 2.828427124823273964 ) ) ;
#235 = CARTESIAN_POINT ( 'NONE',  ( 5.881588248999999102, 1.376604667000000060, 3.323417656000000164 ) ) ;
#236 = CARTESIAN_POINT ( 'NONE',  ( 1.897213251144426849, -1.656854248896382220, 3.999999999749844104 ) ) ;
#237 = CARTESIAN_POINT ( 'NONE',  ( 6.975338248999999990, 1.376604667000000060, -3.323417656000000608 ) ) ;
#238 = ORIENTED_EDGE ( 'NONE', *, *, #1276, .T. ) ;
#239 = CARTESIAN_POINT ( 'NONE',  ( 7.600338248999998214, -1.376604667000000060, 3.323417656000000608 ) ) ;
#240 = LINE ( 'NONE', #1169, #1646 ) ;
#241 = CARTESIAN_POINT ( 'NONE',  ( 6.975338251000000156, -2.828427124999999709, 2.828427124999999709 ) ) ;
#242 = CARTESIAN_POINT ( 'NONE',  ( 4.084713246999998937, 1.656854248999999779, 3.999999999999999112 ) ) ;
#243 = CARTESIAN_POINT ( 'NONE',  ( 4.709713248999999990, 0.000000000000000000, 3.323417656000000164 ) ) ;
#244 = CARTESIAN_POINT ( 'NONE',  ( 6.506588246855702806, 2.828427124823273964, 2.828427124823273964 ) ) ;
#245 = CARTESIAN_POINT ( 'NONE',  ( 7.522213248999999102, -3.323417656000000164, 0.000000000000000000 ) ) ;
#246 = CARTESIAN_POINT ( 'NONE',  ( -1.305911748999999178, -1.443239272822476549, -3.602139926788525681 ) ) ;
#247 = CARTESIAN_POINT ( 'NONE',  ( 2.678463248999999990, -2.350011160999999849, -2.350011160999999849 ) ) ;
#248 = CARTESIAN_POINT ( 'NONE',  ( 7.912838248999999990, -3.323417656000000164, -1.376604667000000060 ) ) ;
#249 = CARTESIAN_POINT ( 'NONE',  ( 4.865963248999999102, 2.350011160999999849, 2.350011160999999849 ) ) ;
#250 = CARTESIAN_POINT ( 'NONE',  ( 6.350338250999999268, 2.828427124999999709, -2.828427124999999709 ) ) ;
#251 = CARTESIAN_POINT ( 'NONE',  ( 1.194088247000000047, 2.828427124999999709, -2.828427124999999709 ) ) ;
#252 = CARTESIAN_POINT ( 'NONE',  ( 2.912838248999999546, 1.376604667000000060, -3.323417656000000608 ) ) ;
#253 = CARTESIAN_POINT ( 'NONE',  ( 5.334713246855702806, 1.656854248896476589, 3.999999999750071478 ) ) ;
#254 = CARTESIAN_POINT ( 'NONE',  ( 9.006588248999999990, -1.376604667000000060, -3.323417656000000164 ) ) ;
#255 = CARTESIAN_POINT ( 'NONE',  ( -1.305911748999999178, -3.283125894134956368, -1.500991013077817238 ) ) ;
#256 = CARTESIAN_POINT ( 'NONE',  ( 2.053463248999999990, 2.350011160999999849, 2.350011160999999849 ) ) ;
#257 = EDGE_LOOP ( 'NONE', ( #228, #1457, #1430, #899 ) ) ;
#258 = CARTESIAN_POINT ( 'NONE',  ( 5.490963248999999990, -2.350011160999999849, -2.350011160999999849 ) ) ;
#259 = CARTESIAN_POINT ( 'NONE',  ( -1.227786750999999787, 0.000000000000000000, 3.323417656000000164 ) ) ;
#260 = CARTESIAN_POINT ( 'NONE',  ( 1.272213246999999825, 3.999999999999999112, -1.656854248999999779 ) ) ;
#261 = CARTESIAN_POINT ( 'NONE',  ( 6.584713248999999102, 0.000000000000000000, -3.323417656000000164 ) ) ;
#262 = CARTESIAN_POINT ( 'NONE',  ( 8.303463246855706359, -3.999999999750071478, -1.656854248896476589 ) ) ;
#263 = CARTESIAN_POINT ( 'NONE',  ( 5.334713248999999102, 0.000000000000000000, -3.323417656000000164 ) ) ;
#264 = CARTESIAN_POINT ( 'NONE',  ( 0.4909632511444272929, 1.656854248896382220, 3.999999999749844104 ) ) ;
#265 = CARTESIAN_POINT ( 'NONE',  ( 0.9597132489999999905, 0.000000000000000000, 3.323417656000000164 ) ) ;
#266 = ORIENTED_EDGE ( 'NONE', *, *, #772, .T. ) ;
#267 = CARTESIAN_POINT ( 'NONE',  ( -1.305911749000000066, 3.555401849013390958, 0.8416647572519544429 ) ) ;
#268 =( NAMED_UNIT ( * ) PLANE_ANGLE_UNIT ( ) SI_UNIT ( $, .RADIAN. ) );
#269 = CARTESIAN_POINT ( 'NONE',  ( 3.459713247000000713, -1.656854248999999779, -3.999999999999999112 ) ) ;
#270 = ADVANCED_FACE ( 'NONE', ( #1446, #1738 ), #361, .F. ) ;
#271 = CARTESIAN_POINT ( 'NONE',  ( 5.569088248999999990, 3.323417656000000608, -1.376604667000000060 ) ) ;
#272 = CARTESIAN_POINT ( 'NONE',  ( 6.272213246855703694, 3.999999999750071478, -1.656854248896476589 ) ) ;
#273 = CARTESIAN_POINT ( 'NONE',  ( 6.506588248999998214, -1.376604667000000060, -3.323417656000000164 ) ) ;
#274 = CARTESIAN_POINT ( 'NONE',  ( 2.131588251144427293, -3.999999999749844992, 0.000000000000000000 ) ) ;
#275 = CARTESIAN_POINT ( 'NONE',  ( 2.444088248999999546, -3.323417656000000608, 1.376604667000000060 ) ) ;
#276 = DIRECTION ( 'NONE',  ( -2.710505431213761085E-17, -1.000000000000000000, 0.000000000000000000 ) ) ;
#277 = CARTESIAN_POINT ( 'NONE',  ( 8.147213248999998214, 0.000000000000000000, -3.323417656000000164 ) ) ;
#278 = CARTESIAN_POINT ( 'NONE',  ( 7.444088246999998937, 2.828427124999999709, -2.828427124999999709 ) ) ;
#279 = CARTESIAN_POINT ( 'NONE',  ( 8.772213248999999990, -3.323417656000000164, 0.000000000000000000 ) ) ;
#280 = CARTESIAN_POINT ( 'NONE',  ( 4.397213246855701918, -3.999999999750071478, 1.656854248896476589 ) ) ;
#281 = CARTESIAN_POINT ( 'NONE',  ( 1.740963248999999990, 2.350011160999999849, -2.350011160999999849 ) ) ;
#282 = CARTESIAN_POINT ( 'NONE',  ( 7.209713251144426849, -3.999999999749844104, -1.656854248896382220 ) ) ;
#283 = CARTESIAN_POINT ( 'NONE',  ( 1.350338248999999768, -3.323417656000000608, -1.376604667000000060 ) ) ;
#284 = FACE_OUTER_BOUND ( 'NONE', #94, .T. ) ;
#285 = CARTESIAN_POINT ( 'NONE',  ( -1.305911748999999178, 3.743727914101295795, -0.6425447554471780398 ) ) ;
#286 = CARTESIAN_POINT ( 'NONE',  ( 9.006588247000001601, 2.828427124999999709, 2.828427124999999709 ) ) ;
#287 = CARTESIAN_POINT ( 'NONE',  ( 9.084713248999999990, 0.000000000000000000, -3.323417656000000164 ) ) ;
#288 = CARTESIAN_POINT ( 'NONE',  ( 4.709713246855704583, -1.656854248896476589, -3.999999999750071478 ) ) ;
#289 = CARTESIAN_POINT ( 'NONE',  ( 1.819088248999999990, 3.323417656000000164, -1.376604667000000060 ) ) ;
#290 = CARTESIAN_POINT ( 'NONE',  ( 5.022213251144428625, 1.656854248896382220, -3.999999999749844104 ) ) ;
#291 = CARTESIAN_POINT ( 'NONE',  ( 5.334713248999999102, 0.000000000000000000, -3.323417656000000164 ) ) ;
#292 = EDGE_CURVE ( 'NONE', #1703, #605, #142, .T. ) ;
#293 = CARTESIAN_POINT ( 'NONE',  ( 5.725338248999998214, 1.376604667000000060, -3.323417656000000164 ) ) ;
#294 = CARTESIAN_POINT ( 'NONE',  ( 2.678463248999999990, -2.350011160999999849, 2.350011160999999849 ) ) ;
#295 = CARTESIAN_POINT ( 'NONE',  ( 9.084713249000001767, 0.000000000000000000, -3.323417656000000608 ) ) ;
#296 = CARTESIAN_POINT ( 'NONE',  ( 7.756588246999999825, 2.828427124999999709, 2.828427124999999709 ) ) ;
#297 = AXIS2_PLACEMENT_3D ( 'NONE', #512, #134, #120 ) ;
#298 = CARTESIAN_POINT ( 'NONE',  ( 6.897213248999999990, 3.323417656000000164, 0.000000000000000000 ) ) ;
#299 = CARTESIAN_POINT ( 'NONE',  ( 4.787838246855703694, 0.000000000000000000, -3.999999999750072366 ) ) ;
#300 = CARTESIAN_POINT ( 'NONE',  ( 4.865963248999999102, -2.350011160999999849, 2.350011160999999849 ) ) ;
#301 = CARTESIAN_POINT ( 'NONE',  ( 4.553463251144426849, -3.999999999749844104, 1.656854248896382220 ) ) ;
#302 = CARTESIAN_POINT ( 'NONE',  ( 7.990963248999999990, 2.350011160999999849, -2.350011160999999849 ) ) ;
#303 = CARTESIAN_POINT ( 'NONE',  ( 5.803463248999999990, 2.350011160999999849, -2.350011160999999849 ) ) ;
#304 = CARTESIAN_POINT ( 'NONE',  ( 2.756588248999999990, -3.323417656000000608, 1.376604667000000060 ) ) ;
#305 = CARTESIAN_POINT ( 'NONE',  ( 8.381588248999999990, 3.323417656000000608, -1.376604667000000060 ) ) ;
#306 = CARTESIAN_POINT ( 'NONE',  ( 9.553463247000001601, -3.999999999999999112, -1.656854248999999779 ) ) ;
#307 = CARTESIAN_POINT ( 'NONE',  ( 7.053463248999999990, 2.350011160999999849, 2.350011160999999849 ) ) ;
#308 = CARTESIAN_POINT ( 'NONE',  ( 2.287838246855705027, 0.000000000000000000, -3.999999999750072366 ) ) ;
#309 = CARTESIAN_POINT ( 'NONE',  ( 3.615963248999999990, -2.350011160999999849, 2.350011160999999849 ) ) ;
#310 = CARTESIAN_POINT ( 'NONE',  ( 6.115963251144425961, -1.656854248896382220, -3.999999999749844104 ) ) ;
#311 = CARTESIAN_POINT ( 'NONE',  ( 6.584713248999999102, 0.000000000000000000, -3.323417656000000164 ) ) ;
#312 = CARTESIAN_POINT ( 'NONE',  ( 5.490963248999999990, -2.350011160999999849, -2.350011160999999849 ) ) ;
#313 = CARTESIAN_POINT ( 'NONE',  ( 4.631588248999999102, 3.323417656000000608, -1.376604667000000060 ) ) ;
#314 = CARTESIAN_POINT ( 'NONE',  ( 7.131588246999998937, -2.828427124999999709, -2.828427124999999709 ) ) ;
#315 = CARTESIAN_POINT ( 'NONE',  ( 7.678463248999999990, -2.350011160999999849, -2.350011160999999849 ) ) ;
#316 = CARTESIAN_POINT ( 'NONE',  ( 2.053463246855704583, -3.999999999750071478, -1.656854248896476589 ) ) ;
#317 = VERTEX_POINT ( 'NONE', #860 ) ;
#318 = CARTESIAN_POINT ( 'NONE',  ( 3.928463251144427293, 3.999999999749844104, -1.656854248896382220 ) ) ;
#319 = CARTESIAN_POINT ( 'NONE',  ( 4.319088248999999102, 3.323417656000000608, -1.376604667000000060 ) ) ;
#320 = CARTESIAN_POINT ( 'NONE',  ( 5.881588248999999102, 3.323417656000000164, -1.376604667000000060 ) ) ;
#321 = CARTESIAN_POINT ( 'NONE',  ( 0.4128382489999999905, -3.323417656000000608, -1.376604667000000060 ) ) ;
#322 = CARTESIAN_POINT ( 'NONE',  ( -0.05591175100000000259, 1.376604667000000060, 3.323417656000000608 ) ) ;
#323 = CARTESIAN_POINT ( 'NONE',  ( 5.647213250999998380, -1.656854248999999779, 3.999999999999999112 ) ) ;
#324 = CARTESIAN_POINT ( 'NONE',  ( -0.3684117530000000640, -2.828427124999999709, -2.828427124999999709 ) ) ;
#325 = CARTESIAN_POINT ( 'NONE',  ( -1.149661750999999565, -3.323417656000000608, -1.376604667000000060 ) ) ;
#326 = CARTESIAN_POINT ( 'NONE',  ( 8.303463249000001767, 2.350011160999999849, 2.350011160999999849 ) ) ;
#327 =( GEOMETRIC_REPRESENTATION_CONTEXT ( 3 ) GLOBAL_UNCERTAINTY_ASSIGNED_CONTEXT ( ( #469 ) ) GLOBAL_UNIT_ASSIGNED_CONTEXT ( ( #891, #268, #809 ) ) REPRESENTATION_CONTEXT ( 'NONE', 'WORKASPACE' ) );
#328 = CARTESIAN_POINT ( 'NONE',  ( 1.819088248999999990, -1.376604667000000060, -3.323417656000000164 ) ) ;
#329 = CARTESIAN_POINT ( 'NONE',  ( 0.5690882489999999905, -1.376604667000000060, -3.323417656000000608 ) ) ;
#330 = CARTESIAN_POINT ( 'NONE',  ( 0.1784632490000000460, -2.350011160999999849, 2.350011160999999849 ) ) ;
#331 = CARTESIAN_POINT ( 'NONE',  ( 4.006588250999999268, 4.000000000000000000, 0.000000000000000000 ) ) ;
#332 = DIRECTION ( 'NONE',  ( 0.000000000000000000, 1.000000000000000000, 0.000000000000000000 ) ) ;
#333 = CARTESIAN_POINT ( 'NONE',  ( 8.303463251144428625, -3.999999999749844104, 1.656854248896382220 ) ) ;
#334 = CARTESIAN_POINT ( 'NONE',  ( -0.4465367510000000650, 2.350011160999999849, -2.350011160999999849 ) ) ;
#335 = CARTESIAN_POINT ( 'NONE',  ( 9.397213249000001767, 0.000000000000000000, -3.323417656000000164 ) ) ;
#336 = ORIENTED_EDGE ( 'NONE', *, *, #589, .T. ) ;
#337 = CARTESIAN_POINT ( 'NONE',  ( 1.662838248999999990, -3.323417656000000608, -1.376604667000000060 ) ) ;
#338 = CARTESIAN_POINT ( 'NONE',  ( 2.834713250999999712, 3.999999999999999112, 1.656854248999999779 ) ) ;
#339 = CARTESIAN_POINT ( 'NONE',  ( -0.9152867531442956395, 1.656854248896476589, 3.999999999750071478 ) ) ;
#340 = CARTESIAN_POINT ( 'NONE',  ( 0.8815882489999997684, 1.376604667000000060, 3.323417656000000608 ) ) ;
#341 = CARTESIAN_POINT ( 'NONE',  ( 8.772213248999999990, -3.323417656000000164, 0.000000000000000000 ) ) ;
#342 = CARTESIAN_POINT ( 'NONE',  ( -0.3684117510000000650, 3.323417656000000164, -1.376604667000000060 ) ) ;
#343 = CARTESIAN_POINT ( 'NONE',  ( 5.881588248999999990, 3.323417656000000608, -1.376604667000000060 ) ) ;
#344 = EDGE_LOOP ( 'NONE', ( #1722 ) ) ;
#345 = CARTESIAN_POINT ( 'NONE',  ( 2.287838249000000879, 3.323417656000000608, 1.376604667000000060 ) ) ;
#346 = CARTESIAN_POINT ( 'NONE',  ( 3.615963250999999268, -1.656854248999999779, -3.999999999999999112 ) ) ;
#347 = CARTESIAN_POINT ( 'NONE',  ( -1.227786753144295417, 3.999999999750071478, -1.656854248896476589 ) ) ;
#348 = CARTESIAN_POINT ( 'NONE',  ( 0.02221324900000000088, -3.323417656000000164, 0.000000000000000000 ) ) ;
#349 = CARTESIAN_POINT ( 'NONE',  ( 9.742749165847563120, -0.9562372566980602562, -3.999999999988326227 ) ) ;
#350 = CIRCLE ( 'NONE', #583, 6.360138368000038511 ) ;
#351 = CARTESIAN_POINT ( 'NONE',  ( 1.662838248999999990, -3.323417656000000164, -1.376604667000000060 ) ) ;
#352 = CARTESIAN_POINT ( 'NONE',  ( 5.412838248999998214, -3.323417656000000608, -1.376604667000000060 ) ) ;
#353 = ORIENTED_EDGE ( 'NONE', *, *, #739, .T. ) ;
#354 = CARTESIAN_POINT ( 'NONE',  ( -1.149661750999999565, -1.376604667000000060, 3.323417656000000608 ) ) ;
#355 = CARTESIAN_POINT ( 'NONE',  ( 0.1784632490000000460, -2.350011160999999849, -2.350011160999999849 ) ) ;
#356 = CARTESIAN_POINT ( 'NONE',  ( 1.350338251000000156, 2.828427124999999709, -2.828427124999999709 ) ) ;
#357 = CARTESIAN_POINT ( 'NONE',  ( -1.337690102999999908, 2.351874755999999955, -3.304979492999998492 ) ) ;
#358 = CARTESIAN_POINT ( 'NONE',  ( 0.1784632490000000460, -2.350011160999999849, -2.350011160999999849 ) ) ;
#359 = SURFACE_SIDE_STYLE ('',( #494 ) ) ;
#360 = AXIS2_PLACEMENT_3D ( 'NONE', #697, #959, #1503 ) ;
#361 = PLANE ( 'NONE',  #1341 ) ;
#362 = CARTESIAN_POINT ( 'NONE',  ( 8.381588248999999990, 3.323417656000000608, -1.376604667000000060 ) ) ;
#363 = EDGE_LOOP ( 'NONE', ( #643, #1565, #823, #1361, #506 ) ) ;
#364 = CARTESIAN_POINT ( 'NONE',  ( 7.678463248999999990, -2.350011160999999849, 2.350011160999999849 ) ) ;
#365 = CARTESIAN_POINT ( 'NONE',  ( -1.227786750999999787, -3.323417656000000164, 0.000000000000000000 ) ) ;
#366 = CARTESIAN_POINT ( 'NONE',  ( 7.522213250999997491, 1.656854248999999779, -3.999999999999999112 ) ) ;
#367 = CARTESIAN_POINT ( 'NONE',  ( 4.475338246999999825, -4.000000000000000000, 0.000000000000000000 ) ) ;
#368 = CARTESIAN_POINT ( 'NONE',  ( 4.162838248999998214, 1.376604667000000060, -3.323417656000000608 ) ) ;
#369 = DIRECTION ( 'NONE',  ( -1.000000000000000000, 0.000000000000000000, 0.000000000000000000 ) ) ;
#370 = CARTESIAN_POINT ( 'NONE',  ( 8.303463249000001767, 2.350011160999999849, 2.350011160999999849 ) ) ;
#371 = CARTESIAN_POINT ( 'NONE',  ( -1.071536748855572485, 3.999999999749844104, -1.656854248896382220 ) ) ;
#372 = CARTESIAN_POINT ( 'NONE',  ( 5.334713248999999102, -3.323417656000000164, 0.000000000000000000 ) ) ;
#373 = EDGE_LOOP ( 'NONE', ( #1466 ) ) ;
#374 = CARTESIAN_POINT ( 'NONE',  ( 7.444088248999999102, 1.376604667000000060, 3.323417656000000608 ) ) ;
#375 = CARTESIAN_POINT ( 'NONE',  ( -1.305911749310641579, -7.408419715469908501E-09, -4.000000000000000888 ) ) ;
#376 = CARTESIAN_POINT ( 'NONE',  ( 2.522213246999999825, 3.999999999999999112, -1.656854248999999779 ) ) ;
#377 = CARTESIAN_POINT ( 'NONE',  ( 3.928463249000000435, -2.350011160999999849, -2.350011160999999849 ) ) ;
#378 = CARTESIAN_POINT ( 'NONE',  ( 6.897213246855702806, -3.999999999750071478, 1.656854248896476589 ) ) ;
#379 = CARTESIAN_POINT ( 'NONE',  ( 8.694088248999999990, -3.323417656000000164, 1.376604667000000060 ) ) ;
#380 = CARTESIAN_POINT ( 'NONE',  ( 1.428463251144426627, 3.999999999749844104, -1.656854248896382220 ) ) ;
#381 = CARTESIAN_POINT ( 'NONE',  ( 2.522213248999999990, -3.323417656000000164, 0.000000000000000000 ) ) ;
#382 = DIRECTION ( 'NONE',  ( -1.000000000000000000, 1.355252715606880543E-17, 0.000000000000000000 ) ) ;
#383 = CARTESIAN_POINT ( 'NONE',  ( 4.944088248999999102, 1.376604667000000060, 3.323417656000000608 ) ) ;
#384 = CARTESIAN_POINT ( 'NONE',  ( 6.819088250999999268, 0.000000000000000000, 4.000000000000000000 ) ) ;
#385 = CARTESIAN_POINT ( 'NONE',  ( 2.756588247000000269, 2.828427124999999709, 2.828427124999999709 ) ) ;
#386 = CARTESIAN_POINT ( 'NONE',  ( 5.334713248999999102, 0.000000000000000000, -3.323417656000000164 ) ) ;
#387 = CARTESIAN_POINT ( 'NONE',  ( 5.490963246855702806, -1.656854248896476589, 3.999999999750071478 ) ) ;
#388 = CARTESIAN_POINT ( 'NONE',  ( 6.975338248999999990, 3.323417656000000164, 1.376604667000000060 ) ) ;
#389 = CARTESIAN_POINT ( 'NONE',  ( 0.2565882511444272929, 3.999999999749844992, 0.000000000000000000 ) ) ;
#390 = CARTESIAN_POINT ( 'NONE',  ( 0.02221324900000000088, -3.323417656000000164, 0.000000000000000000 ) ) ;
#391 = CARTESIAN_POINT ( 'NONE',  ( 3.303463248999999990, 2.350011160999999849, -2.350011160999999849 ) ) ;
#392 = CARTESIAN_POINT ( 'NONE',  ( 8.225338251000000156, -2.828427124999999709, 2.828427124999999709 ) ) ;
#393 = CARTESIAN_POINT ( 'NONE',  ( 2.912838246999999825, 0.000000000000000000, 4.000000000000000000 ) ) ;
#394 = CARTESIAN_POINT ( 'NONE',  ( 1.740963248999999990, 2.350011160999999849, -2.350011160999999849 ) ) ;
#395 = CARTESIAN_POINT ( 'NONE',  ( 8.850338246855704583, 3.999999999750072366, 0.000000000000000000 ) ) ;
#396 = COLOUR_RGB ( '',0.7921568627450980005, 0.8196078431372548767, 0.9333333333333333481 ) ;
#397 = CARTESIAN_POINT ( 'NONE',  ( 8.147213248999998214, 3.323417656000000164, 0.000000000000000000 ) ) ;
#398 = CARTESIAN_POINT ( 'NONE',  ( -1.305911749000000066, -2.620548695856978583, -2.674854231865231746 ) ) ;
#399 = CARTESIAN_POINT ( 'NONE',  ( 3.459713248999999990, 0.000000000000000000, 3.323417656000000164 ) ) ;
#400 = EDGE_CURVE ( 'NONE', #605, #1096, #1538, .T. ) ;
#401 = CARTESIAN_POINT ( 'NONE',  ( 6.819088248999997326, -1.376604667000000060, -3.323417656000000164 ) ) ;
#402 = CARTESIAN_POINT ( 'NONE',  ( 7.756588248999999102, -3.323417656000000608, 1.376604667000000060 ) ) ;
#403 = CARTESIAN_POINT ( 'NONE',  ( 2.365963246999999825, 1.656854248999999779, -3.999999999999999112 ) ) ;
#404 = CARTESIAN_POINT ( 'NONE',  ( 3.303463248999999990, 2.350011160999999849, 2.350011160999999849 ) ) ;
#405 = CARTESIAN_POINT ( 'NONE',  ( 6.584713246855702806, 1.656854248896476589, 3.999999999750071478 ) ) ;
#406 = CARTESIAN_POINT ( 'NONE',  ( 7.131588248999998214, 1.376604667000000060, 3.323417656000000164 ) ) ;
#407 = CARTESIAN_POINT ( 'NONE',  ( 2.131588249000000435, 1.376604667000000060, 3.323417656000000608 ) ) ;
#408 = CARTESIAN_POINT ( 'NONE',  ( 7.365963248999999102, 2.350011160999999849, 2.350011160999999849 ) ) ;
#409 = CARTESIAN_POINT ( 'NONE',  ( -1.305911748999999178, 1.839279412604835517, 2.859891678181637253 ) ) ;
#410 = CARTESIAN_POINT ( 'NONE',  ( 5.412838246999998937, 0.000000000000000000, 4.000000000000000000 ) ) ;
#411 = CARTESIAN_POINT ( 'NONE',  ( 7.444088248999999102, -3.323417656000000608, 1.376604667000000060 ) ) ;
#412 = CARTESIAN_POINT ( 'NONE',  ( 7.756588246855703694, 2.828427124823273964, 2.828427124823273964 ) ) ;
#413 = CARTESIAN_POINT ( 'NONE',  ( 4.084713248999999102, 0.000000000000000000, -3.323417656000000164 ) ) ;
#414 = CARTESIAN_POINT ( 'NONE',  ( 4.319088251144426849, 0.000000000000000000, 3.999999999749844992 ) ) ;
#415 = CARTESIAN_POINT ( 'NONE',  ( 1.037838248999999546, -1.376604667000000060, 3.323417656000000608 ) ) ;
#416 = ORIENTED_EDGE ( 'NONE', *, *, #533, .F. ) ;
#417 = LINE ( 'NONE', #967, #1505 ) ;
#418 = CARTESIAN_POINT ( 'NONE',  ( 8.928463246999999825, 3.999999999999999112, 1.656854248999999779 ) ) ;
#419 = EDGE_CURVE ( 'NONE', #488, #881, #1300, .T. ) ;
#420 = CARTESIAN_POINT ( 'NONE',  ( 8.850338248999999990, -3.323417656000000608, -1.376604667000000060 ) ) ;
#421 = CARTESIAN_POINT ( 'NONE',  ( 1.037838246855703694, 0.000000000000000000, -3.999999999750072366 ) ) ;
#422 = CARTESIAN_POINT ( 'NONE',  ( 3.850338248999999546, -3.323417656000000164, -1.376604667000000060 ) ) ;
#423 = CARTESIAN_POINT ( 'NONE',  ( 4.631588251144425961, -3.999999999749844992, 0.000000000000000000 ) ) ;
#424 = CARTESIAN_POINT ( 'NONE',  ( 3.928463249000000435, -2.350011160999999849, -2.350011160999999849 ) ) ;
#425 = CARTESIAN_POINT ( 'NONE',  ( 4.787838248999999102, 3.323417656000000164, 1.376604667000000060 ) ) ;
#426 = CARTESIAN_POINT ( 'NONE',  ( 3.303463248999999990, 2.350011160999999849, -2.350011160999999849 ) ) ;
#427 = FACE_BOUND ( 'NONE', #373, .T. ) ;
#428 = CARTESIAN_POINT ( 'NONE',  ( 5.803463246999998937, -3.999999999999999112, -1.656854248999999779 ) ) ;
#429 = CARTESIAN_POINT ( 'NONE',  ( 0.2565882510000000449, 4.000000000000000000, 0.000000000000000000 ) ) ;
#430 = CARTESIAN_POINT ( 'NONE',  ( 2.131588246855704138, -2.828427124823273964, -2.828427124823273964 ) ) ;
#431 = CARTESIAN_POINT ( 'NONE',  ( 2.522213248999999990, -3.323417656000000164, 0.000000000000000000 ) ) ;
#432 = CARTESIAN_POINT ( 'NONE',  ( 6.194088251144425961, 0.000000000000000000, -3.999999999749844992 ) ) ;
#433 = CARTESIAN_POINT ( 'NONE',  ( 4.240963248999999990, 2.350011160999999849, -2.350011160999999849 ) ) ;
#434 = CARTESIAN_POINT ( 'NONE',  ( 5.178463248999999990, -2.350011160999999849, 2.350011160999999849 ) ) ;
#435 = CARTESIAN_POINT ( 'NONE',  ( 3.850338248999999546, -1.376604667000000060, 3.323417656000000608 ) ) ;
#436 = CARTESIAN_POINT ( 'NONE',  ( 9.397213249000001767, 0.000000000000000000, -3.323417656000000164 ) ) ;
#437 = CARTESIAN_POINT ( 'NONE',  ( 8.772213246999996272, 3.999999999999999112, -1.656854248999999779 ) ) ;
#438 = VECTOR ( 'NONE', #472, 1000.000000000000000 ) ;
#439 = CARTESIAN_POINT ( 'NONE',  ( -1.618411749000000288, -4.000000000000000000, 0.000000000000000000 ) ) ;
#440 = CARTESIAN_POINT ( 'NONE',  ( 4.865963246855702806, 1.656854248896476589, -3.999999999750071478 ) ) ;
#441 = CARTESIAN_POINT ( 'NONE',  ( 1.115963248999999768, -2.350011160999999849, 2.350011160999999849 ) ) ;
#442 = CARTESIAN_POINT ( 'NONE',  ( 5.178463251144426849, 3.999999999749844104, -1.656854248896382220 ) ) ;
#443 = CARTESIAN_POINT ( 'NONE',  ( 6.350338248999999990, -3.323417656000000608, -1.376604667000000060 ) ) ;
#444 = CARTESIAN_POINT ( 'NONE',  ( 3.772213249000000435, 0.000000000000000000, 3.323417656000000164 ) ) ;
#445 = CARTESIAN_POINT ( 'NONE',  ( 0.6472132489999999905, 0.000000000000000000, -3.323417656000000164 ) ) ;
#446 = CARTESIAN_POINT ( 'NONE',  ( 4.944088246999998937, 2.828427124999999709, -2.828427124999999709 ) ) ;
#447 = CARTESIAN_POINT ( 'NONE',  ( -0.6809117490000001771, 0.000000000000000000, 4.000000000000000000 ) ) ;
#448 = CARTESIAN_POINT ( 'NONE',  ( 2.365963246855704138, 1.656854248896476589, -3.999999999750071478 ) ) ;
#449 = CARTESIAN_POINT ( 'NONE',  ( 2.365963248999999990, -2.350011160999999849, 2.350011160999999849 ) ) ;
#450 = CARTESIAN_POINT ( 'NONE',  ( 5.256588251144425961, 3.999999999749844992, 0.000000000000000000 ) ) ;
#451 = CARTESIAN_POINT ( 'NONE',  ( 5.412838248999998214, 1.376604667000000060, -3.323417656000000608 ) ) ;
#452 = CARTESIAN_POINT ( 'NONE',  ( 2.756588249000000435, -3.323417656000000164, 1.376604667000000060 ) ) ;
#453 = CARTESIAN_POINT ( 'NONE',  ( 1.506588248999999768, -3.323417656000000608, 1.376604667000000060 ) ) ;
#454 = CARTESIAN_POINT ( 'NONE',  ( 0.02221324900000000088, 0.000000000000000000, 3.323417656000000164 ) ) ;
#455 = CARTESIAN_POINT ( 'NONE',  ( 1.897213250999999712, -1.656854248999999779, 3.999999999999999112 ) ) ;
#456 = CARTESIAN_POINT ( 'NONE',  ( -0.5246617530000000640, -4.000000000000000000, 0.000000000000000000 ) ) ;
#457 = CARTESIAN_POINT ( 'NONE',  ( -1.071536750999999787, -2.350011160999999849, -2.350011160999999849 ) ) ;
#458 = CARTESIAN_POINT ( 'NONE',  ( 6.819088248999998214, 3.323417656000000608, -1.376604667000000060 ) ) ;
#459 = CARTESIAN_POINT ( 'NONE',  ( 3.615963248999999990, 2.350011160999999849, 2.350011160999999849 ) ) ;
#460 = CARTESIAN_POINT ( 'NONE',  ( 1.037838248999999546, 3.323417656000000608, 1.376604667000000060 ) ) ;
#461 = CARTESIAN_POINT ( 'NONE',  ( 0.2565882490000001015, -3.323417656000000608, 1.376604667000000060 ) ) ;
#462 = CARTESIAN_POINT ( 'NONE',  ( 3.537838251000000156, -2.828427124999999709, -2.828427124999999709 ) ) ;
#463 = CARTESIAN_POINT ( 'NONE',  ( -0.2121617531442957505, 0.000000000000000000, -3.999999999750072366 ) ) ;
#464 = CARTESIAN_POINT ( 'NONE',  ( 7.990963251144426849, 1.656854248896382220, 3.999999999749844104 ) ) ;
#465 = CARTESIAN_POINT ( 'NONE',  ( 9.694088251000000156, -1.809086389065753142, -3.567521049402404998 ) ) ;
#466 = CARTESIAN_POINT ( 'NONE',  ( 0.2565882490000000460, -3.323417656000000164, 1.376604667000000060 ) ) ;
#467 = CARTESIAN_POINT ( 'NONE',  ( 9.084713248999999990, -3.323417656000000164, 0.000000000000000000 ) ) ;
#468 = ORIENTED_EDGE ( 'NONE', *, *, #848, .F. ) ;
#469 = UNCERTAINTY_MEASURE_WITH_UNIT (LENGTH_MEASURE( 1.000000000000000082E-05 ), #891, 'distance_accuracy_value', 'NONE');
#470 = CARTESIAN_POINT ( 'NONE',  ( -1.462161750999999787, 3.323417656000000608, 1.376604667000000060 ) ) ;
#471 = CARTESIAN_POINT ( 'NONE',  ( 3.225338251000000600, -2.828427124999999709, 2.828427124999999709 ) ) ;
#472 = DIRECTION ( 'NONE',  ( 0.4999999995801456265, -0.000000000000000000, 0.8660254040268416942 ) ) ;
#473 = ADVANCED_FACE ( 'NONE', ( #1040 ), #919, .T. ) ;
#474 = CARTESIAN_POINT ( 'NONE',  ( 0.8034632489999998795, 2.350011160999999849, 2.350011160999999849 ) ) ;
#475 = CARTESIAN_POINT ( 'NONE',  ( -1.305911749000001398, -2.029526045676481871, 2.640659055405334854 ) ) ;
#476 = CARTESIAN_POINT ( 'NONE',  ( -0.8371617510000000095, -3.323417656000000164, -1.376604667000000060 ) ) ;
#477 = CARTESIAN_POINT ( 'NONE',  ( 7.131588248999999990, 3.323417656000000608, -1.376604667000000060 ) ) ;
#478 = ORIENTED_EDGE ( 'NONE', *, *, #1221, .T. ) ;
#479 = CARTESIAN_POINT ( 'NONE',  ( 1.740963248999999990, -2.350011160999999849, -2.350011160999999849 ) ) ;
#480 = CLOSED_SHELL ( 'NONE', ( #1059, #1186, #104, #1428, #161, #270, #473, #607, #1296, #29, #1619, #1162, #1730, #1244 ) ) ;
#481 = CARTESIAN_POINT ( 'NONE',  ( -0.05591175100000000259, -3.323417656000000164, 1.376604667000000060 ) ) ;
#482 = CARTESIAN_POINT ( 'NONE',  ( 5.490963250999998380, 1.656854248999999779, 3.999999999999999112 ) ) ;
#483 = DIRECTION ( 'NONE',  ( 0.000000000000000000, 0.000000000000000000, -1.000000000000000000 ) ) ;
#484 = CARTESIAN_POINT ( 'NONE',  ( -0.1340367510000000095, -2.350011160999999849, 2.350011160999999849 ) ) ;
#485 = CARTESIAN_POINT ( 'NONE',  ( 9.787838247030867578, 0.000000000000000000, -4.000000000053463900 ) ) ;
#486 = CARTESIAN_POINT ( 'NONE',  ( 18.69408825100000371, -7.083999999999999631, 7.083999999999999631 ) ) ;
#487 = CARTESIAN_POINT ( 'NONE',  ( 7.600338248999998214, -1.376604667000000060, 3.323417656000000608 ) ) ;
#488 = VERTEX_POINT ( 'NONE', #800 ) ;
#489 = CARTESIAN_POINT ( 'NONE',  ( 0.6472132489999999905, 0.000000000000000000, -3.323417656000000164 ) ) ;
#490 = VERTEX_POINT ( 'NONE', #1037 ) ;
#491 = CARTESIAN_POINT ( 'NONE',  ( 4.397213250999997491, -1.656854248999999779, 3.999999999999999112 ) ) ;
#492 = DIRECTION ( 'NONE',  ( 0.000000000000000000, 0.000000000000000000, 1.000000000000000000 ) ) ;
#493 = CARTESIAN_POINT ( 'NONE',  ( 8.459713251144428625, -3.999999999749844104, -1.656854248896382220 ) ) ;
#494 = SURFACE_STYLE_FILL_AREA ( #1570 ) ;
#495 = CARTESIAN_POINT ( 'NONE',  ( 0.6472132489999999905, 0.000000000000000000, -3.323417656000000164 ) ) ;
#496 = CARTESIAN_POINT ( 'NONE',  ( 6.115963248999999102, 2.350011160999999849, 2.350011160999999849 ) ) ;
#497 = ORIENTED_EDGE ( 'NONE', *, *, #533, .T. ) ;
#498 = CARTESIAN_POINT ( 'NONE',  ( 5.569088248999999990, -1.376604667000000060, -3.323417656000000608 ) ) ;
#499 = FACE_OUTER_BOUND ( 'NONE', #1350, .T. ) ;
#500 = CARTESIAN_POINT ( 'NONE',  ( 7.600338250999999268, 2.828427124999999709, -2.828427124999999709 ) ) ;
#501 = CARTESIAN_POINT ( 'NONE',  ( 4.006588246999998937, 2.828427124999999709, 2.828427124999999709 ) ) ;
#502 = CARTESIAN_POINT ( 'NONE',  ( 6.115963248999999102, -2.350011160999999849, 2.350011160999999849 ) ) ;
#503 = CARTESIAN_POINT ( 'NONE',  ( 9.694088250655804373, 2.449293598294706414E-16, -4.000000000000000000 ) ) ;
#504 = DIRECTION ( 'NONE',  ( 1.000000000000000000, -0.000000000000000000, 0.000000000000000000 ) ) ;
#505 = CARTESIAN_POINT ( 'NONE',  ( 6.350338248999999990, -1.376604667000000060, 3.323417656000000608 ) ) ;
#506 = ORIENTED_EDGE ( 'NONE', *, *, #419, .T. ) ;
#507 = CARTESIAN_POINT ( 'NONE',  ( 7.287838248999998214, 3.323417656000000608, 1.376604667000000060 ) ) ;
#508 = CARTESIAN_POINT ( 'NONE',  ( -1.305911749217268047, -3.070437558556111668, 1.271816855555356840 ) ) ;
#509 = CARTESIAN_POINT ( 'NONE',  ( 5.803463251000000156, -3.999999999999999112, 1.656854248999999779 ) ) ;
#510 = CARTESIAN_POINT ( 'NONE',  ( 0.2565882470000000470, 2.828427124999999709, 2.828427124999999709 ) ) ;
#511 = CARTESIAN_POINT ( 'NONE',  ( 2.209713249000000435, 0.000000000000000000, 3.323417656000000164 ) ) ;
#512 = CARTESIAN_POINT ( 'NONE',  ( 17.69408825100000726, 0.000000000000000000, 0.000000000000000000 ) ) ;
#513 = CARTESIAN_POINT ( 'NONE',  ( 6.350338248999999102, -3.323417656000000164, -1.376604667000000060 ) ) ;
#514 = CARTESIAN_POINT ( 'NONE',  ( 0.8815882511444272929, -3.999999999749844992, 0.000000000000000000 ) ) ;
#515 = CARTESIAN_POINT ( 'NONE',  ( 0.8815882489999997684, 1.376604667000000060, 3.323417656000000608 ) ) ;
#516 = CARTESIAN_POINT ( 'NONE',  ( 8.147213248999998214, 0.000000000000000000, -3.323417656000000164 ) ) ;
#517 = CARTESIAN_POINT ( 'NONE',  ( 6.194088248999997326, 1.376604667000000060, 3.323417656000000608 ) ) ;
#518 = VERTEX_POINT ( 'NONE', #1066 ) ;
#519 = CARTESIAN_POINT ( 'NONE',  ( 6.584713250999999268, 3.999999999999999112, 1.656854248999999779 ) ) ;
#520 = CARTESIAN_POINT ( 'NONE',  ( 1.506588246999999825, 2.828427124999999709, 2.828427124999999709 ) ) ;
#521 = CARTESIAN_POINT ( 'NONE',  ( 5.022213248999999990, -3.323417656000000164, 0.000000000000000000 ) ) ;
#522 = CARTESIAN_POINT ( 'NONE',  ( 9.319088246855706359, -2.828427124823273964, 2.828427124823273964 ) ) ;
#523 = CARTESIAN_POINT ( 'NONE',  ( 5.178463248999999990, -2.350011160999999849, -2.350011160999999849 ) ) ;
#524 = CARTESIAN_POINT ( 'NONE',  ( -0.2121617488555727349, -2.828427124823113203, -2.828427124823113203 ) ) ;
#525 = CARTESIAN_POINT ( 'NONE',  ( 0.4128382489999999905, 1.376604667000000060, -3.323417656000000608 ) ) ;
#526 = CIRCLE ( 'NONE', #64, 4.000000001504670166 ) ;
#527 = CARTESIAN_POINT ( 'NONE',  ( 7.444088248999998214, 1.376604667000000060, 3.323417656000000164 ) ) ;
#528 = CARTESIAN_POINT ( 'NONE',  ( 6.272213248999999990, 0.000000000000000000, 3.323417656000000164 ) ) ;
#529 = DIRECTION ( 'NONE',  ( 0.000000000000000000, -1.000000000000000000, 0.000000000000000000 ) ) ;
#530 = CARTESIAN_POINT ( 'NONE',  ( 0.9597132470000000470, -1.656854248999999779, -3.999999999999999112 ) ) ;
#531 = CARTESIAN_POINT ( 'NONE',  ( 3.225338248999999990, 3.323417656000000608, 1.376604667000000060 ) ) ;
#532 = CARTESIAN_POINT ( 'NONE',  ( 7.834713246855700142, 1.656854248896476589, 3.999999999750071478 ) ) ;
#533 = EDGE_CURVE ( 'NONE', #1725, #1725, #1425, .T. ) ;
#534 = CARTESIAN_POINT ( 'NONE',  ( 8.928463248999999990, -2.350011160999999849, -2.350011160999999849 ) ) ;
#535 = CARTESIAN_POINT ( 'NONE',  ( -1.305911748999999844, -3.110071720571077503, -1.917081253032319355 ) ) ;
#536 = CARTESIAN_POINT ( 'NONE',  ( 2.209713249000000435, 0.000000000000000000, 3.323417656000000164 ) ) ;
#537 = CARTESIAN_POINT ( 'NONE',  ( 8.928463248999999990, -2.350011160999999849, 2.350011160999999849 ) ) ;
#538 = CARTESIAN_POINT ( 'NONE',  ( 7.365963248999999102, 2.350011160999999849, 2.350011160999999849 ) ) ;
#539 = CARTESIAN_POINT ( 'NONE',  ( 0.8034632469999997140, -3.999999999999999112, -1.656854248999999779 ) ) ;
#540 = CARTESIAN_POINT ( 'NONE',  ( 3.147213249000000435, 3.323417656000000164, 0.000000000000000000 ) ) ;
#541 = CARTESIAN_POINT ( 'NONE',  ( 8.772213246855699254, 3.999999999750071478, -1.656854248896476589 ) ) ;
#542 = CARTESIAN_POINT ( 'NONE',  ( 9.084713249000001767, 0.000000000000000000, -3.323417656000000608 ) ) ;
#543 = CARTESIAN_POINT ( 'NONE',  ( 1.350338251144427293, 2.828427124823113203, -2.828427124823113203 ) ) ;
#544 = CARTESIAN_POINT ( 'NONE',  ( 1.584713248999999990, 0.000000000000000000, -3.323417656000000164 ) ) ;
#545 = CARTESIAN_POINT ( 'NONE',  ( 9.006588248999999990, -3.323417656000000164, 1.376604667000000060 ) ) ;
#546 = CARTESIAN_POINT ( 'NONE',  ( 9.084713248999999990, -3.323417656000000164, 0.000000000000000000 ) ) ;
#547 = DIRECTION ( 'NONE',  ( 1.000000000000000000, 0.000000000000000000, 0.000000000000000000 ) ) ;
#548 = CARTESIAN_POINT ( 'NONE',  ( 8.537838246999999825, 0.000000000000000000, -4.000000000000000000 ) ) ;
#549 = CARTESIAN_POINT ( 'NONE',  ( 8.928463248999999990, -2.350011160999999849, -2.350011160999999849 ) ) ;
#550 = CARTESIAN_POINT ( 'NONE',  ( 8.537838246855702806, 0.000000000000000000, -3.999999999750072366 ) ) ;
#551 = CARTESIAN_POINT ( 'NONE',  ( 1.975338251144427071, -2.828427124823113203, 2.828427124823113203 ) ) ;
#552 = CARTESIAN_POINT ( 'NONE',  ( -0.6027867510000000095, 3.323417656000000164, 0.000000000000000000 ) ) ;
#553 = CARTESIAN_POINT ( 'NONE',  ( 9.084713248999999990, -3.323417656000000164, 0.000000000000000000 ) ) ;
#554 = CARTESIAN_POINT ( 'NONE',  ( 9.162838249000003543, -3.323417656000000608, -1.376604667000000060 ) ) ;
#555 = CARTESIAN_POINT ( 'NONE',  ( 5.178463246999998937, 3.999999999999999112, 1.656854248999999779 ) ) ;
#556 = CARTESIAN_POINT ( 'NONE',  ( 8.069088249000001767, 3.323417656000000608, -1.376604667000000060 ) ) ;
#557 = CARTESIAN_POINT ( 'NONE',  ( 3.147213246855704583, -3.999999999750071478, 1.656854248896476589 ) ) ;
#558 = CARTESIAN_POINT ( 'NONE',  ( 4.319088248999999102, 3.323417656000000164, -1.376604667000000060 ) ) ;
#559 = CARTESIAN_POINT ( 'NONE',  ( 3.303463251144426849, -3.999999999749844104, 1.656854248896382220 ) ) ;
#560 = CARTESIAN_POINT ( 'NONE',  ( 8.615963248999999990, -2.350011160999999849, 2.350011160999999849 ) ) ;
#561 = CARTESIAN_POINT ( 'NONE',  ( 2.365963248999999990, 2.350011160999999849, 2.350011160999999849 ) ) ;
#562 = CARTESIAN_POINT ( 'NONE',  ( 5.959713250999999268, -3.999999999999999112, -1.656854248999999779 ) ) ;
#563 = CARTESIAN_POINT ( 'NONE',  ( -1.305911748999999622, 3.446307718910794460, 1.123074059119641088 ) ) ;
#564 = CARTESIAN_POINT ( 'NONE',  ( 9.631588246999999825, -2.828427124999999709, -2.828427124999999709 ) ) ;
#565 = CARTESIAN_POINT ( 'NONE',  ( 7.365963248999999102, -2.350011160999999849, 2.350011160999999849 ) ) ;
#566 = CARTESIAN_POINT ( 'NONE',  ( 4.084713246855702806, 1.656854248896476589, 3.999999999750071478 ) ) ;
#567 = CARTESIAN_POINT ( 'NONE',  ( 0.8815882489999997684, 1.376604667000000060, 3.323417656000000164 ) ) ;
#568 = CARTESIAN_POINT ( 'NONE',  ( 4.475338251144426849, -2.828427124823113203, 2.828427124823113203 ) ) ;
#569 = CARTESIAN_POINT ( 'NONE',  ( 3.772213249000000435, -3.323417656000000164, 0.000000000000000000 ) ) ;
#570 = AXIS2_PLACEMENT_3D ( 'NONE', #832, #816, #679 ) ;
#571 = CARTESIAN_POINT ( 'NONE',  ( 2.131588248999999990, 3.323417656000000164, -1.376604667000000060 ) ) ;
#572 = CARTESIAN_POINT ( 'NONE',  ( 3.615963248999999990, 2.350011160999999849, 2.350011160999999849 ) ) ;
#573 = CARTESIAN_POINT ( 'NONE',  ( 9.006588248999999990, -3.323417656000000608, 1.376604667000000060 ) ) ;
#574 = CARTESIAN_POINT ( 'NONE',  ( 6.506588246999998937, 2.828427124999999709, 2.828427124999999709 ) ) ;
#575 = CARTESIAN_POINT ( 'NONE',  ( 0.02221325099999999636, 1.656854248999999779, -3.999999999999999112 ) ) ;
#576 = CARTESIAN_POINT ( 'NONE',  ( 3.459713246855705027, -1.656854248896476589, -3.999999999750071478 ) ) ;
#577 = CARTESIAN_POINT ( 'NONE',  ( 1.350338248999999768, -3.323417656000000164, -1.376604667000000060 ) ) ;
#578 = CARTESIAN_POINT ( 'NONE',  ( 3.615963251144426849, -1.656854248896382220, -3.999999999749844104 ) ) ;
#579 = CARTESIAN_POINT ( 'NONE',  ( 5.256588248999999102, -1.376604667000000060, -3.323417656000000608 ) ) ;
#580 = CARTESIAN_POINT ( 'NONE',  ( 1.975338248999999990, 1.376604667000000060, -3.323417656000000164 ) ) ;
#581 = CARTESIAN_POINT ( 'NONE',  ( 3.772213249000000435, 0.000000000000000000, 3.323417656000000164 ) ) ;
#582 = CARTESIAN_POINT ( 'NONE',  ( 4.865963246999998937, 1.656854248999999779, -3.999999999999999112 ) ) ;
#583 = AXIS2_PLACEMENT_3D ( 'NONE', #1041, #1588, #1182 ) ;
#584 = CARTESIAN_POINT ( 'NONE',  ( 6.740963248999999990, 2.350011160999999849, -2.350011160999999849 ) ) ;
#585 = CARTESIAN_POINT ( 'NONE',  ( 0.6472132468557042495, -3.999999999750071478, 1.656854248896476589 ) ) ;
#586 = CARTESIAN_POINT ( 'NONE',  ( 5.022213248999999990, -3.323417656000000164, 0.000000000000000000 ) ) ;
#587 = CARTESIAN_POINT ( 'NONE',  ( 2.912838251144426849, 2.828427124823113203, 2.828427124823113203 ) ) ;
#588 = CARTESIAN_POINT ( 'NONE',  ( 6.897213248999999990, 3.323417656000000164, 0.000000000000000000 ) ) ;
#589 = EDGE_CURVE ( 'NONE', #605, #1167, #655, .T. ) ;
#590 = CARTESIAN_POINT ( 'NONE',  ( 5.412838248999998214, -3.323417656000000164, -1.376604667000000060 ) ) ;
#591 = CARTESIAN_POINT ( 'NONE',  ( 0.4909632490000000460, -2.350011160999999849, -2.350011160999999849 ) ) ;
#592 = CARTESIAN_POINT ( 'NONE',  ( 2.522213248999999990, 0.000000000000000000, 3.323417656000000164 ) ) ;
#593 = CARTESIAN_POINT ( 'NONE',  ( 1.662838250999999934, 2.828427124999999709, 2.828427124999999709 ) ) ;
#594 = CARTESIAN_POINT ( 'NONE',  ( 3.303463246855704138, -3.999999999750071478, -1.656854248896476589 ) ) ;
#595 = CARTESIAN_POINT ( 'NONE',  ( 5.412838251144426849, 2.828427124823113203, 2.828427124823113203 ) ) ;
#596 = CARTESIAN_POINT ( 'NONE',  ( 5.490963248999999990, 2.350011160999999849, -2.350011160999999849 ) ) ;
#597 = CARTESIAN_POINT ( 'NONE',  ( 5.569088248999999102, -1.376604667000000060, -3.323417656000000164 ) ) ;
#598 = CARTESIAN_POINT ( 'NONE',  ( 4.787838248999999990, 3.323417656000000608, 1.376604667000000060 ) ) ;
#599 = CARTESIAN_POINT ( 'NONE',  ( -0.3684117509999999540, 3.323417656000000608, -1.376604667000000060 ) ) ;
#600 = CARTESIAN_POINT ( 'NONE',  ( 1.819088250999999934, 0.000000000000000000, 4.000000000000000000 ) ) ;
#601 = CARTESIAN_POINT ( 'NONE',  ( -0.6027867529999998419, -3.999999999999999112, 1.656854248999999779 ) ) ;
#602 = FACE_OUTER_BOUND ( 'NONE', #1573, .T. ) ;
#603 = CARTESIAN_POINT ( 'NONE',  ( 1.037838248999999546, 3.323417656000000164, 1.376604667000000060 ) ) ;
#604 = CARTESIAN_POINT ( 'NONE',  ( 4.162838248999998214, -3.323417656000000608, -1.376604667000000060 ) ) ;
#605 = VERTEX_POINT ( 'NONE', #375 ) ;
#606 = CARTESIAN_POINT ( 'NONE',  ( 0.4128382489999999905, -3.323417656000000608, -1.376604667000000060 ) ) ;
#607 = ADVANCED_FACE ( 'NONE', ( #223 ), #1412, .T. ) ;
#608 = CARTESIAN_POINT ( 'NONE',  ( 3.459713250999999712, -3.999999999999999112, -1.656854248999999779 ) ) ;
#609 = CARTESIAN_POINT ( 'NONE',  ( -0.9934117531442958615, 2.828427124823273964, 2.828427124823273964 ) ) ;
#610 = CARTESIAN_POINT ( 'NONE',  ( 0.1003382490000000044, -3.323417656000000608, -1.376604667000000060 ) ) ;
#611 = DIRECTION ( 'NONE',  ( 0.000000000000000000, 0.000000000000000000, 1.000000000000000000 ) ) ;
#612 = CARTESIAN_POINT ( 'NONE',  ( 0.7253382490000001015, 1.376604667000000060, -3.323417656000000164 ) ) ;
#613 = CARTESIAN_POINT ( 'NONE',  ( 8.459713249000001767, 3.323417656000000164, 0.000000000000000000 ) ) ;
#614 = ORIENTED_EDGE ( 'NONE', *, *, #292, .T. ) ;
#615 = CARTESIAN_POINT ( 'NONE',  ( 0.8034632489999998795, 2.350011160999999849, -2.350011160999999849 ) ) ;
#616 = DIRECTION ( 'NONE',  ( -1.000000000000000000, 0.000000000000000000, 0.000000000000000000 ) ) ;
#617 = CARTESIAN_POINT ( 'NONE',  ( 5.256588250999999268, 4.000000000000000000, 0.000000000000000000 ) ) ;
#618 = CARTESIAN_POINT ( 'NONE',  ( 9.694088251000000156, 0.000000000000000000, 0.000000000000000000 ) ) ;
#619 = PRODUCT_DEFINITION ( 'General', '', #1556, #58 ) ;
#620 = CARTESIAN_POINT ( 'NONE',  ( -0.4465367510000000650, 2.350011160999999849, 2.350011160999999849 ) ) ;
#621 = CARTESIAN_POINT ( 'NONE',  ( -1.305911748999868394, -0.2196861116908787603, 3.323212024717540292 ) ) ;
#622 = CARTESIAN_POINT ( 'NONE',  ( -0.6809117510000002316, -1.376604667000000060, -3.323417656000000164 ) ) ;
#623 = CARTESIAN_POINT ( 'NONE',  ( 7.522213248999999102, 0.000000000000000000, 3.323417656000000164 ) ) ;
#624 = EDGE_LOOP ( 'NONE', ( #238, #114, #614, #889 ) ) ;
#625 = CARTESIAN_POINT ( 'NONE',  ( -1.540286751000000010, 3.323417656000000164, 0.000000000000000000 ) ) ;
#626 = VECTOR ( 'NONE', #736, 1000.000000000000000 ) ;
#627 = CYLINDRICAL_SURFACE ( 'NONE', #733, 6.500000000000000888 ) ;
#628 = CARTESIAN_POINT ( 'NONE',  ( 2.912838250999999712, 2.828427124999999709, 2.828427124999999709 ) ) ;
#629 = CARTESIAN_POINT ( 'NONE',  ( 1.272213248999999990, -3.323417656000000164, 0.000000000000000000 ) ) ;
#630 = CARTESIAN_POINT ( 'NONE',  ( -1.305911748999868172, 0.4299728134731801155, 3.323824487938812133 ) ) ;
#631 = CARTESIAN_POINT ( 'NONE',  ( -0.9934117509999996765, -3.323417656000000164, 1.376604667000000060 ) ) ;
#632 = CARTESIAN_POINT ( 'NONE',  ( 8.225338248999999990, 1.376604667000000060, -3.323417656000000608 ) ) ;
#633 = EDGE_LOOP ( 'NONE', ( #1591 ) ) ;
#634 = CARTESIAN_POINT ( 'NONE',  ( 8.069088249000001767, -1.376604667000000060, -3.323417656000000608 ) ) ;
#635 = CARTESIAN_POINT ( 'NONE',  ( 18.69408825100000371, 0.000000000000000000, 0.000000000000000000 ) ) ;
#636 = CARTESIAN_POINT ( 'NONE',  ( -0.9152867509999998985, -3.323417656000000164, 0.000000000000000000 ) ) ;
#637 = CARTESIAN_POINT ( 'NONE',  ( -0.6809117531442959725, -2.828427124823273964, 2.828427124823273964 ) ) ;
#638 = CARTESIAN_POINT ( 'NONE',  ( 4.006588248999998214, -1.376604667000000060, -3.323417656000000608 ) ) ;
#639 = CARTESIAN_POINT ( 'NONE',  ( -1.305911748999998290, -2.884059615971164448, 1.665496330123813706 ) ) ;
#640 = CARTESIAN_POINT ( 'NONE',  ( 7.444088248999998214, -3.323417656000000164, 1.376604667000000060 ) ) ;
#641 = CARTESIAN_POINT ( 'NONE',  ( -0.1340367510000000095, 2.350011160999999849, 2.350011160999999849 ) ) ;
#642 = CARTESIAN_POINT ( 'NONE',  ( 5.569088248999999990, -1.376604667000000060, -3.323417656000000608 ) ) ;
#643 = ORIENTED_EDGE ( 'NONE', *, *, #796, .T. ) ;
#644 = CARTESIAN_POINT ( 'NONE',  ( 3.381588248999999102, 3.323417656000000608, -1.376604667000000060 ) ) ;
#645 = CARTESIAN_POINT ( 'NONE',  ( -0.2902867510000001205, 3.323417656000000164, 0.000000000000000000 ) ) ;
#646 = CARTESIAN_POINT ( 'NONE',  ( 0.1003382470000000054, 4.000000000000000000, 0.000000000000000000 ) ) ;
#647 = CARTESIAN_POINT ( 'NONE',  ( 1.975338248999999990, 3.323417656000000608, 1.376604667000000060 ) ) ;
#648 = CARTESIAN_POINT ( 'NONE',  ( 5.959713246855702806, -1.656854248896476589, -3.999999999750071478 ) ) ;
#649 = CARTESIAN_POINT ( 'NONE',  ( 7.990963248999999990, 2.350011160999999849, -2.350011160999999849 ) ) ;
#650 = CARTESIAN_POINT ( 'NONE',  ( -0.9152867488555725961, 3.999999999749844104, 1.656854248896382220 ) ) ;
#651 = CARTESIAN_POINT ( 'NONE',  ( 8.850338248999999990, -1.376604667000000060, 3.323417656000000608 ) ) ;
#652 = CARTESIAN_POINT ( 'NONE',  ( 8.615963248999999990, 2.350011160999999849, 2.350011160999999849 ) ) ;
#653 = CARTESIAN_POINT ( 'NONE',  ( 6.428463248999999990, -2.350011160999999849, 2.350011160999999849 ) ) ;
#654 = CARTESIAN_POINT ( 'NONE',  ( 17.69408825100000726, 0.000000000000000000, -2.500000000000000000 ) ) ;
#655 = CIRCLE ( 'NONE', #1716, 4.000000000000000000 ) ;
#656 = CARTESIAN_POINT ( 'NONE',  ( 8.381588251000001932, -4.000000000000000000, 0.000000000000000000 ) ) ;
#657 = CARTESIAN_POINT ( 'NONE',  ( 3.303463246999999825, -3.999999999999999112, -1.656854248999999779 ) ) ;
#658 = CARTESIAN_POINT ( 'NONE',  ( 2.287838249000000879, -1.376604667000000060, 3.323417656000000608 ) ) ;
#659 = CARTESIAN_POINT ( 'NONE',  ( 5.725338246855703694, -3.999999999750072366, 0.000000000000000000 ) ) ;
#660 = CARTESIAN_POINT ( 'NONE',  ( -1.305911749310641579, -7.408419715469908501E-09, -4.000000000000000888 ) ) ;
#661 = CARTESIAN_POINT ( 'NONE',  ( 0.1784632490000000460, -2.350011160999999849, -2.350011160999999849 ) ) ;
#662 = FACE_OUTER_BOUND ( 'NONE', #633, .T. ) ;
#663 = CARTESIAN_POINT ( 'NONE',  ( 6.115963248999999102, 2.350011160999999849, 2.350011160999999849 ) ) ;
#664 = DIRECTION ( 'NONE',  ( 1.000000000000000000, -1.355252715606880543E-17, -0.000000000000000000 ) ) ;
#665 = CARTESIAN_POINT ( 'NONE',  ( 1.115963246999999159, 1.656854248999999779, -3.999999999999999112 ) ) ;
#666 = CARTESIAN_POINT ( 'NONE',  ( 6.350338248999999990, -3.323417656000000608, -1.376604667000000060 ) ) ;
#667 = CARTESIAN_POINT ( 'NONE',  ( 9.084713246855704583, 1.656854248896476589, 3.999999999750071478 ) ) ;
#668 = CARTESIAN_POINT ( 'NONE',  ( 7.053463248999999990, 2.350011160999999849, 2.350011160999999849 ) ) ;
#669 = CARTESIAN_POINT ( 'NONE',  ( 1.662838251144427071, 2.828427124823113203, 2.828427124823113203 ) ) ;
#670 = CARTESIAN_POINT ( 'NONE',  ( 1.897213249000000213, 3.323417656000000164, 0.000000000000000000 ) ) ;
#671 = AXIS2_PLACEMENT_3D ( 'NONE', #1443, #332, #492 ) ;
#672 = CARTESIAN_POINT ( 'NONE',  ( 8.772213248999999990, 0.000000000000000000, 3.323417656000000164 ) ) ;
#673 = CARTESIAN_POINT ( 'NONE',  ( 7.131588248999999990, 3.323417656000000608, -1.376604667000000060 ) ) ;
#674 = CARTESIAN_POINT ( 'NONE',  ( 3.537838247000000713, 0.000000000000000000, -4.000000000000000000 ) ) ;
#675 = CARTESIAN_POINT ( 'NONE',  ( 2.053463248999999990, 2.350011160999999849, 2.350011160999999849 ) ) ;
#676 = CARTESIAN_POINT ( 'NONE',  ( 9.553463246855706359, -3.999999999750071478, -1.656854248896476589 ) ) ;
#677 = CARTESIAN_POINT ( 'NONE',  ( -0.05591174885557274876, 0.000000000000000000, -3.999999999749844992 ) ) ;
#678 = CARTESIAN_POINT ( 'NONE',  ( 0.5690882489999999905, 3.323417656000000608, -1.376604667000000060 ) ) ;
#679 = DIRECTION ( 'NONE',  ( 1.387778780781445676E-15, -1.000000000000000000, 0.000000000000000000 ) ) ;
#680 = CARTESIAN_POINT ( 'NONE',  ( -1.305911749000001842, 2.582450402158961378, 2.343674015728054449 ) ) ;
#681 = CARTESIAN_POINT ( 'NONE',  ( 0.6472132469999999360, -3.999999999999999112, 1.656854248999999779 ) ) ;
#682 = CARTESIAN_POINT ( 'NONE',  ( 7.131588248999999990, 1.376604667000000060, 3.323417656000000608 ) ) ;
#683 = CARTESIAN_POINT ( 'NONE',  ( 9.694088251000000156, -1.809086389065753142, -3.567521049402404998 ) ) ;
#684 = CARTESIAN_POINT ( 'NONE',  ( 3.147213249000000435, 3.323417656000000164, 0.000000000000000000 ) ) ;
#685 = CARTESIAN_POINT ( 'NONE',  ( 0.5690882511444272929, 0.000000000000000000, 3.999999999749844992 ) ) ;
#686 = CARTESIAN_POINT ( 'NONE',  ( -0.05591175100000000259, -3.323417656000000608, 1.376604667000000060 ) ) ;
#687 = EDGE_LOOP ( 'NONE', ( #199, #1054, #1293 ) ) ;
#688 = DIRECTION ( 'NONE',  ( -1.000000000000000000, 0.000000000000000000, 0.000000000000000000 ) ) ;
#689 = CARTESIAN_POINT ( 'NONE',  ( 7.834713246999996272, 1.656854248999999779, 3.999999999999999112 ) ) ;
#690 = CARTESIAN_POINT ( 'NONE',  ( -0.9152867489999999551, 3.999999999999999112, 1.656854248999999779 ) ) ;
#691 = CARTESIAN_POINT ( 'NONE',  ( 4.240963246855703694, -1.656854248896476589, 3.999999999750071478 ) ) ;
#692 = CARTESIAN_POINT ( 'NONE',  ( 4.631588248999998214, 1.376604667000000060, 3.323417656000000164 ) ) ;
#693 = CARTESIAN_POINT ( 'NONE',  ( 3.537838251144427293, -2.828427124823113203, -2.828427124823113203 ) ) ;
#694 = CARTESIAN_POINT ( 'NONE',  ( 4.397213248999999102, 3.323417656000000164, 0.000000000000000000 ) ) ;
#695 = CARTESIAN_POINT ( 'NONE',  ( 5.334713248999999102, -3.323417656000000164, 0.000000000000000000 ) ) ;
#696 = CARTESIAN_POINT ( 'NONE',  ( 7.990963251000000156, 1.656854248999999779, 3.999999999999999112 ) ) ;
#697 = CARTESIAN_POINT ( 'NONE',  ( -1.305911749000000732, -1.318389841742374023E-14, 0.000000000000000000 ) ) ;
#698 = SHAPE_DEFINITION_REPRESENTATION ( #1137, #1633 ) ;
#699 = CARTESIAN_POINT ( 'NONE',  ( 6.897213246999998937, -3.999999999999999112, 1.656854248999999779 ) ) ;
#700 = CARTESIAN_POINT ( 'NONE',  ( -1.384036748999999622, -1.656854248999999779, -3.999999999999999112 ) ) ;
#701 = CARTESIAN_POINT ( 'NONE',  ( 4.006588246855702806, 2.828427124823273964, 2.828427124823273964 ) ) ;
#702 = CARTESIAN_POINT ( 'NONE',  ( 1.506588248999999768, -1.376604667000000060, -3.323417656000000164 ) ) ;
#703 = CARTESIAN_POINT ( 'NONE',  ( 4.006588251144426849, 3.999999999749844992, 0.000000000000000000 ) ) ;
#704 = CARTESIAN_POINT ( 'NONE',  ( 5.647213248999999102, 3.323417656000000164, 0.000000000000000000 ) ) ;
#705 = CARTESIAN_POINT ( 'NONE',  ( 2.600338248999999990, -1.376604667000000060, 3.323417656000000164 ) ) ;
#706 = CARTESIAN_POINT ( 'NONE',  ( 1.897213249000000213, 0.000000000000000000, -3.323417656000000164 ) ) ;
#707 = CARTESIAN_POINT ( 'NONE',  ( -1.305911750716742148, 1.271816887635227378, 3.070437545635415155 ) ) ;
#708 = CARTESIAN_POINT ( 'NONE',  ( 7.209713246999998937, -1.656854248999999779, -3.999999999999999112 ) ) ;
#709 = CARTESIAN_POINT ( 'NONE',  ( -0.6027867489999998440, -1.656854248999999779, 3.999999999999999112 ) ) ;
#710 = CARTESIAN_POINT ( 'NONE',  ( 1.194088246855704361, 2.828427124823273964, -2.828427124823273964 ) ) ;
#711 = CARTESIAN_POINT ( 'NONE',  ( 5.647213251144425072, -1.656854248896382220, 3.999999999749844104 ) ) ;
#712 = CARTESIAN_POINT ( 'NONE',  ( 5.959713249000000879, 0.000000000000000000, 3.323417656000000164 ) ) ;
#713 = AXIS2_PLACEMENT_3D ( 'NONE', #1302, #92, #1165 ) ;
#714 = CARTESIAN_POINT ( 'NONE',  ( 6.115963248999999102, 2.350011160999999849, 2.350011160999999849 ) ) ;
#715 = CARTESIAN_POINT ( 'NONE',  ( 3.069088248999999546, -1.376604667000000060, -3.323417656000000608 ) ) ;
#716 = CARTESIAN_POINT ( 'NONE',  ( 6.428463247000000713, 3.999999999999999112, 1.656854248999999779 ) ) ;
#717 = CARTESIAN_POINT ( 'NONE',  ( -1.227786748999999844, 1.656854248999999779, -3.999999999999999112 ) ) ;
#718 = CARTESIAN_POINT ( 'NONE',  ( 1.662838246855704138, 0.000000000000000000, 3.999999999750072366 ) ) ;
#719 = CARTESIAN_POINT ( 'NONE',  ( 3.225338248999999990, 3.323417656000000164, 1.376604667000000060 ) ) ;
#720 = CARTESIAN_POINT ( 'NONE',  ( 3.694088251144427737, 0.000000000000000000, -3.999999999749844992 ) ) ;
#721 = MANIFOLD_SOLID_BREP ( 'Imported1', #480 ) ;
#722 = CARTESIAN_POINT ( 'NONE',  ( 8.537838248999999990, -1.376604667000000060, 3.323417656000000608 ) ) ;
#723 = CARTESIAN_POINT ( 'NONE',  ( 3.537838248999999546, 3.323417656000000164, 1.376604667000000060 ) ) ;
#724 = CARTESIAN_POINT ( 'NONE',  ( 1.975338248999999990, 1.376604667000000060, -3.323417656000000608 ) ) ;
#725 = CARTESIAN_POINT ( 'NONE',  ( 2.834713248999999990, -3.323417656000000164, 0.000000000000000000 ) ) ;
#726 = CARTESIAN_POINT ( 'NONE',  ( 5.022213251000000156, 1.656854248999999779, -3.999999999999999112 ) ) ;
#727 = CARTESIAN_POINT ( 'NONE',  ( 5.100338246855703694, 3.999999999750072366, 0.000000000000000000 ) ) ;
#728 = CARTESIAN_POINT ( 'NONE',  ( 6.506588251144425961, 3.999999999749844992, 0.000000000000000000 ) ) ;
#729 = CARTESIAN_POINT ( 'NONE',  ( 3.850338248999999546, -3.323417656000000608, -1.376604667000000060 ) ) ;
#730 = CARTESIAN_POINT ( 'NONE',  ( 4.475338248999999102, 1.376604667000000060, -3.323417656000000164 ) ) ;
#731 = CARTESIAN_POINT ( 'NONE',  ( 3.694088248999999990, 1.376604667000000060, 3.323417656000000608 ) ) ;
#732 = CARTESIAN_POINT ( 'NONE',  ( 0.1003382490000000044, -1.376604667000000060, 3.323417656000000608 ) ) ;
#733 = AXIS2_PLACEMENT_3D ( 'NONE', #635, #616, #1178 ) ;
#734 = CARTESIAN_POINT ( 'NONE',  ( 1.428463250999999268, 3.999999999999999112, -1.656854248999999779 ) ) ;
#735 = CARTESIAN_POINT ( 'NONE',  ( -1.305911749930623644, 2.828427161130556478, -2.828427090630018625 ) ) ;
#736 = DIRECTION ( 'NONE',  ( 0.4999999995801456265, -0.000000000000000000, -0.8660254040268416942 ) ) ;
#737 = CARTESIAN_POINT ( 'NONE',  ( 19.69408825100005345, 1.387778780781479597E-15, 0.000000000000000000 ) ) ;
#738 = CARTESIAN_POINT ( 'NONE',  ( -1.305911748999992295, -3.473752799298220229, -0.1671261443692455551 ) ) ;
#739 = EDGE_CURVE ( 'NONE', #518, #518, #1614, .T. ) ;
#740 = CARTESIAN_POINT ( 'NONE',  ( 2.834713248999999990, -3.323417656000000164, 0.000000000000000000 ) ) ;
#741 = CARTESIAN_POINT ( 'NONE',  ( 3.069088248999999546, -1.376604667000000060, -3.323417656000000608 ) ) ;
#742 = CARTESIAN_POINT ( 'NONE',  ( 3.850338251000000156, 2.828427124999999709, -2.828427124999999709 ) ) ;
#743 = DIRECTION ( 'NONE',  ( 0.000000000000000000, 0.000000000000000000, 1.000000000000000000 ) ) ;
#744 = CARTESIAN_POINT ( 'NONE',  ( 8.225338251144428625, -2.828427124823113203, 2.828427124823113203 ) ) ;
#745 = CARTESIAN_POINT ( 'NONE',  ( 1.194088248999999990, 1.376604667000000060, 3.323417656000000164 ) ) ;
#746 = CARTESIAN_POINT ( 'NONE',  ( 5.256588248999999102, -3.323417656000000608, 1.376604667000000060 ) ) ;
#747 = ORIENTED_EDGE ( 'NONE', *, *, #739, .F. ) ;
#748 = CARTESIAN_POINT ( 'NONE',  ( -0.2902867510000001205, 3.323417656000000164, 0.000000000000000000 ) ) ;
#749 = CARTESIAN_POINT ( 'NONE',  ( -1.305911748999998956, -2.500000000000012879, 0.000000000000000000 ) ) ;
#750 = CARTESIAN_POINT ( 'NONE',  ( 1.740963250999999712, 1.656854248999999779, 3.999999999999999112 ) ) ;
#751 = FACE_OUTER_BOUND ( 'NONE', #1331, .T. ) ;
#752 = CIRCLE ( 'NONE', #986, 4.000000000000000000 ) ;
#753 = CARTESIAN_POINT ( 'NONE',  ( 0.4128382489999999905, 1.376604667000000060, -3.323417656000000608 ) ) ;
#754 = CARTESIAN_POINT ( 'NONE',  ( -1.305911748999998956, -0.8661225269208655542, 3.215943185457688536 ) ) ;
#755 = CARTESIAN_POINT ( 'NONE',  ( 1.740963248999999990, -2.350011160999999849, -2.350011160999999849 ) ) ;
#756 = CARTESIAN_POINT ( 'NONE',  ( 6.584713248999999102, -3.323417656000000164, 0.000000000000000000 ) ) ;
#757 = ORIENTED_EDGE ( 'NONE', *, *, #400, .F. ) ;
#758 = CARTESIAN_POINT ( 'NONE',  ( 1.115963248999999768, 2.350011160999999849, 2.350011160999999849 ) ) ;
#759 = CARTESIAN_POINT ( 'NONE',  ( -0.9152867509999998985, 0.000000000000000000, -3.323417656000000164 ) ) ;
#760 = CARTESIAN_POINT ( 'NONE',  ( 2.209713251000000156, -3.999999999999999112, -1.656854248999999779 ) ) ;
#761 = CONICAL_SURFACE ( 'NONE', #46, 6.360138367999998543, 0.5692150237533183388 ) ;
#762 = FACE_BOUND ( 'NONE', #1176, .T. ) ;
#763 = CARTESIAN_POINT ( 'NONE',  ( 7.756588251144427737, 3.999999999749844992, 0.000000000000000000 ) ) ;
#764 = PRESENTATION_STYLE_ASSIGNMENT (( #1427 ) ) ;
#765 = DIRECTION ( 'NONE',  ( 0.000000000000000000, 0.000000000000000000, -1.000000000000000000 ) ) ;
#766 = CARTESIAN_POINT ( 'NONE',  ( 5.178463248999999990, -2.350011160999999849, 2.350011160999999849 ) ) ;
#767 = ORIENTED_EDGE ( 'NONE', *, *, #1109, .F. ) ;
#768 = CARTESIAN_POINT ( 'NONE',  ( 7.912838248999999990, -3.323417656000000608, -1.376604667000000060 ) ) ;
#769 = CARTESIAN_POINT ( 'NONE',  ( -0.2121617510000000095, -1.376604667000000060, 3.323417656000000164 ) ) ;
#770 = CARTESIAN_POINT ( 'NONE',  ( -0.6809117510000001205, -1.376604667000000060, -3.323417656000000608 ) ) ;
#771 = CARTESIAN_POINT ( 'NONE',  ( -0.7590367531442955285, -1.656854248896476589, 3.999999999750071478 ) ) ;
#772 = EDGE_CURVE ( 'NONE', #1711, #1703, #868, .T. ) ;
#773 = CARTESIAN_POINT ( 'NONE',  ( 9.592525747999999908, 0.000000000000000000, -3.661708828000000082 ) ) ;
#774 = CARTESIAN_POINT ( 'NONE',  ( -1.305911749000000066, 0.8661775040804412518, 3.238458880236933624 ) ) ;
#775 = CARTESIAN_POINT ( 'NONE',  ( -0.6027867510000000095, 0.000000000000000000, -3.323417656000000164 ) ) ;
#776 = CARTESIAN_POINT ( 'NONE',  ( 9.319088249000001767, -1.376604667000000060, -3.323417656000000608 ) ) ;
#777 = EDGE_LOOP ( 'NONE', ( #416 ) ) ;
#778 = CARTESIAN_POINT ( 'NONE',  ( 5.256588248999999102, -3.323417656000000608, 1.376604667000000060 ) ) ;
#779 = CARTESIAN_POINT ( 'NONE',  ( -0.1340367510000000095, -2.350011160999999849, 2.350011160999999849 ) ) ;
#780 = CARTESIAN_POINT ( 'NONE',  ( -0.5246617510000000095, 1.376604667000000060, -3.323417656000000608 ) ) ;
#781 = CARTESIAN_POINT ( 'NONE',  ( 4.631588246999998937, -2.828427124999999709, -2.828427124999999709 ) ) ;
#782 = CARTESIAN_POINT ( 'NONE',  ( 2.522213248999999990, -3.323417656000000164, 0.000000000000000000 ) ) ;
#783 = CARTESIAN_POINT ( 'NONE',  ( 7.678463246855703694, 3.999999999750071478, 1.656854248896476589 ) ) ;
#784 = CARTESIAN_POINT ( 'NONE',  ( 5.725338248999998214, 3.323417656000000164, 1.376604667000000060 ) ) ;
#785 = CARTESIAN_POINT ( 'NONE',  ( 1.819088251144427515, 0.000000000000000000, 3.999999999749844992 ) ) ;
#786 = CARTESIAN_POINT ( 'NONE',  ( 8.615963248999999990, 2.350011160999999849, 2.350011160999999849 ) ) ;
#787 = EDGE_LOOP ( 'NONE', ( #1157 ) ) ;
#788 = CARTESIAN_POINT ( 'NONE',  ( 6.506588248999998214, -3.323417656000000608, 1.376604667000000060 ) ) ;
#789 = DIRECTION ( 'NONE',  ( -1.000000000000000000, -0.000000000000000000, -0.000000000000000000 ) ) ;
#790 = CARTESIAN_POINT ( 'NONE',  ( 7.131588251000000156, -4.000000000000000000, 0.000000000000000000 ) ) ;
#791 = CARTESIAN_POINT ( 'NONE',  ( 4.240963246999998937, -1.656854248999999779, 3.999999999999999112 ) ) ;
#792 = CARTESIAN_POINT ( 'NONE',  ( 5.100338248999999102, -3.323417656000000608, -1.376604667000000060 ) ) ;
#793 = CARTESIAN_POINT ( 'NONE',  ( 8.615963246855702806, 1.656854248896476589, -3.999999999750071478 ) ) ;
#794 = CARTESIAN_POINT ( 'NONE',  ( 1.506588251144427293, 3.999999999749844992, 0.000000000000000000 ) ) ;
#795 = CARTESIAN_POINT ( 'NONE',  ( -1.305911750999999787, -3.323417656000000608, 1.376604667000000060 ) ) ;
#796 = EDGE_CURVE ( 'NONE', #881, #1044, #4, .T. ) ;
#797 = CARTESIAN_POINT ( 'NONE',  ( 7.678463248999999990, -2.350011160999999849, 2.350011160999999849 ) ) ;
#798 = CARTESIAN_POINT ( 'NONE',  ( 4.709713248999999990, 3.323417656000000164, 0.000000000000000000 ) ) ;
#799 =( GEOMETRIC_REPRESENTATION_CONTEXT ( 3 ) GLOBAL_UNCERTAINTY_ASSIGNED_CONTEXT ( ( #200 ) ) GLOBAL_UNIT_ASSIGNED_CONTEXT ( ( #1022, #63, #1290 ) ) REPRESENTATION_CONTEXT ( 'NONE', 'WORKASPACE' ) );
#800 = CARTESIAN_POINT ( 'NONE',  ( 9.397213248999999990, 0.000000000000000000, -3.323417656000000164 ) ) ;
#801 = CARTESIAN_POINT ( 'NONE',  ( 0.7253382470000000470, -4.000000000000000000, 0.000000000000000000 ) ) ;
#802 = CARTESIAN_POINT ( 'NONE',  ( 4.084713248999999102, 0.000000000000000000, -3.323417656000000164 ) ) ;
#803 = CARTESIAN_POINT ( 'NONE',  ( 5.256588246855702806, 2.828427124823273964, 2.828427124823273964 ) ) ;
#804 = CARTESIAN_POINT ( 'NONE',  ( 8.225338248999999990, 3.323417656000000164, 1.376604667000000060 ) ) ;
#805 = CARTESIAN_POINT ( 'NONE',  ( 1.194088251144427515, 0.000000000000000000, -3.999999999749844992 ) ) ;
#806 = CARTESIAN_POINT ( 'NONE',  ( -0.9934117509999995654, -1.376604667000000060, -3.323417656000000608 ) ) ;
#807 = CARTESIAN_POINT ( 'NONE',  ( 8.069088249000001767, -1.376604667000000060, -3.323417656000000164 ) ) ;
#808 = CARTESIAN_POINT ( 'NONE',  ( 5.803463248999999990, 2.350011160999999849, -2.350011160999999849 ) ) ;
#809 =( NAMED_UNIT ( * ) SI_UNIT ( $, .STERADIAN. ) SOLID_ANGLE_UNIT ( ) );
#810 = CARTESIAN_POINT ( 'NONE',  ( -1.149661750999999565, -1.376604667000000060, 3.323417656000000608 ) ) ;
#811 = CARTESIAN_POINT ( 'NONE',  ( 3.225338247000000713, -4.000000000000000000, 0.000000000000000000 ) ) ;
#812 = CARTESIAN_POINT ( 'NONE',  ( 6.662838248999998214, 1.376604667000000060, -3.323417656000000608 ) ) ;
#813 = CARTESIAN_POINT ( 'NONE',  ( 7.053463246855703694, -3.999999999750071478, -1.656854248896476589 ) ) ;
#814 = CARTESIAN_POINT ( 'NONE',  ( 0.7253382511444272929, -2.828427124823113203, 2.828427124823113203 ) ) ;
#815 = CARTESIAN_POINT ( 'NONE',  ( 3.615963248999999990, -2.350011160999999849, 2.350011160999999849 ) ) ;
#816 = DIRECTION ( 'NONE',  ( -1.000000000000000000, -6.938893903907229364E-16, -0.000000000000000000 ) ) ;
#817 = CARTESIAN_POINT ( 'NONE',  ( -1.305911749000004507, 3.568023922949817184, -1.525212595692539530 ) ) ;
#818 = CARTESIAN_POINT ( 'NONE',  ( 3.615963246999999825, 1.656854248999999779, -3.999999999999999112 ) ) ;
#819 = CARTESIAN_POINT ( 'NONE',  ( 5.881588248999999990, 1.376604667000000060, 3.323417656000000608 ) ) ;
#820 = CARTESIAN_POINT ( 'NONE',  ( 6.037838246855703694, 0.000000000000000000, -3.999999999750072366 ) ) ;
#821 = CARTESIAN_POINT ( 'NONE',  ( 0.9597132511444271818, -3.999999999749844104, -1.656854248896382220 ) ) ;
#822 = CARTESIAN_POINT ( 'NONE',  ( 3.069088248999999546, 3.323417656000000608, -1.376604667000000060 ) ) ;
#823 = ORIENTED_EDGE ( 'NONE', *, *, #1377, .T. ) ;
#824 = CARTESIAN_POINT ( 'NONE',  ( -1.305911749930623644, 2.828427161130556478, -2.828427090630018625 ) ) ;
#825 = DIRECTION ( 'NONE',  ( 0.000000000000000000, 0.000000000000000000, 1.000000000000000000 ) ) ;
#826 = CARTESIAN_POINT ( 'NONE',  ( 6.662838246999998937, 0.000000000000000000, 4.000000000000000000 ) ) ;
#827 = CARTESIAN_POINT ( 'NONE',  ( -1.759754374999999760, -3.039861342999998772, 2.599854421999998610 ) ) ;
#828 = CARTESIAN_POINT ( 'NONE',  ( 0.4128382468557043050, 0.000000000000000000, 3.999999999750072366 ) ) ;
#829 = CARTESIAN_POINT ( 'NONE',  ( 1.662838248999999990, 1.376604667000000060, -3.323417656000000164 ) ) ;
#830 = CARTESIAN_POINT ( 'NONE',  ( 5.725338251144425961, -2.828427124823113203, 2.828427124823113203 ) ) ;
#831 = CARTESIAN_POINT ( 'NONE',  ( 1.819088249000000213, 3.323417656000000608, -1.376604667000000060 ) ) ;
#832 = CARTESIAN_POINT ( 'NONE',  ( 17.69408825100000726, 0.000000000000000000, 0.000000000000000000 ) ) ;
#833 = CARTESIAN_POINT ( 'NONE',  ( -1.305911748999998734, 3.601384285651022310, 0.6962149688578476159 ) ) ;
#834 = CARTESIAN_POINT ( 'NONE',  ( 8.069088247000001601, -2.828427124999999709, 2.828427124999999709 ) ) ;
#835 = CARTESIAN_POINT ( 'NONE',  ( -1.462161748999999844, -2.828427124999999709, -2.828427124999999709 ) ) ;
#836 = CARTESIAN_POINT ( 'NONE',  ( 5.569088251144425961, 0.000000000000000000, 3.999999999749844992 ) ) ;
#837 = CARTESIAN_POINT ( 'NONE',  ( 6.194088248999997326, -3.323417656000000608, 1.376604667000000060 ) ) ;
#838 = CARTESIAN_POINT ( 'NONE',  ( 4.553463248999999990, 2.350011160999999849, -2.350011160999999849 ) ) ;
#839 = CARTESIAN_POINT ( 'NONE',  ( 0.02221324900000000088, 0.000000000000000000, 3.323417656000000164 ) ) ;
#840 = CARTESIAN_POINT ( 'NONE',  ( 5.959713246999998937, -1.656854248999999779, -3.999999999999999112 ) ) ;
#841 = CARTESIAN_POINT ( 'NONE',  ( 7.756588248999999102, -1.376604667000000060, -3.323417656000000608 ) ) ;
#842 = CARTESIAN_POINT ( 'NONE',  ( 3.850338246855704138, 3.999999999750072366, 0.000000000000000000 ) ) ;
#843 = CARTESIAN_POINT ( 'NONE',  ( 0.5690882489999999905, 3.323417656000000164, -1.376604667000000060 ) ) ;
#844 = CARTESIAN_POINT ( 'NONE',  ( 6.897213251144425961, -1.656854248896382220, 3.999999999749844104 ) ) ;
#845 = CARTESIAN_POINT ( 'NONE',  ( 8.069088249000001767, 3.323417656000000608, -1.376604667000000060 ) ) ;
#846 = CARTESIAN_POINT ( 'NONE',  ( 6.506588248999998214, -3.323417656000000164, 1.376604667000000060 ) ) ;
#847 = CARTESIAN_POINT ( 'NONE',  ( 1.350338248999999768, -1.376604667000000060, 3.323417656000000608 ) ) ;
#848 = EDGE_CURVE ( 'NONE', #920, #1044, #526, .T. ) ;
#849 = CARTESIAN_POINT ( 'NONE',  ( 8.303463247000003378, -3.999999999999999112, -1.656854248999999779 ) ) ;
#850 = CARTESIAN_POINT ( 'NONE',  ( 7.990963248999999990, 2.350011160999999849, -2.350011160999999849 ) ) ;
#851 = CARTESIAN_POINT ( 'NONE',  ( 1.897213246855703916, -3.999999999750071478, 1.656854248896476589 ) ) ;
#852 = CARTESIAN_POINT ( 'NONE',  ( 4.553463248999999990, 2.350011160999999849, 2.350011160999999849 ) ) ;
#853 = CARTESIAN_POINT ( 'NONE',  ( 6.662838251144425072, 2.828427124823113203, 2.828427124823113203 ) ) ;
#854 = CARTESIAN_POINT ( 'NONE',  ( 7.756588248999999102, -1.376604667000000060, -3.323417656000000608 ) ) ;
#855 = CARTESIAN_POINT ( 'NONE',  ( 4.709713248999999990, 3.323417656000000164, 0.000000000000000000 ) ) ;
#856 = CARTESIAN_POINT ( 'NONE',  ( 2.990963248999999990, -2.350011160999999849, -2.350011160999999849 ) ) ;
#857 = CARTESIAN_POINT ( 'NONE',  ( 7.912838246999998937, 0.000000000000000000, 4.000000000000000000 ) ) ;
#858 = CARTESIAN_POINT ( 'NONE',  ( -0.5246617489999999551, -2.828427124999999709, 2.828427124999999709 ) ) ;
#859 = CARTESIAN_POINT ( 'NONE',  ( 5.022213246855701030, 3.999999999750071478, -1.656854248896476589 ) ) ;
#860 = CARTESIAN_POINT ( 'NONE',  ( 18.69408825100005345, 0.000000000000000000, 6.999999999999968914 ) ) ;
#861 = CARTESIAN_POINT ( 'NONE',  ( 6.272213251144425961, 1.656854248896382220, -3.999999999749844104 ) ) ;
#862 = CARTESIAN_POINT ( 'NONE',  ( 4.944088248999999102, -3.323417656000000608, 1.376604667000000060 ) ) ;
#863 = CARTESIAN_POINT ( 'NONE',  ( 5.022213248999999990, 0.000000000000000000, 3.323417656000000164 ) ) ;
#864 = CARTESIAN_POINT ( 'NONE',  ( 2.444088248999999546, 1.376604667000000060, 3.323417656000000608 ) ) ;
#865 = CARTESIAN_POINT ( 'NONE',  ( 1.194088248999999990, 1.376604667000000060, 3.323417656000000608 ) ) ;
#866 = CARTESIAN_POINT ( 'NONE',  ( 4.865963250999998380, -1.656854248999999779, -3.999999999999999112 ) ) ;
#867 = CARTESIAN_POINT ( 'NONE',  ( -0.2902867530000001195, -1.656854248999999779, -3.999999999999999112 ) ) ;
#868 = B_SPLINE_CURVE_WITH_KNOTS ( 'NONE', 3,
 ( #1154, #774, #630, #621, #1708, #754, #896, #90, #1579, #475, #1598, #1031, #1014, #639, #1718, #206 ),
 .UNSPECIFIED., .F., .F.,
 ( 4, 2, 2, 2, 2, 2, 2, 4 ),
 ( 0.000000000000000000, 0.001311294119788770441, 0.001966941179683155336, 0.002622588239577540881, 0.003278235299471925993, 0.003933882359366310671, 0.004589529419260695783, 0.005245176479155082630 ),
 .UNSPECIFIED. ) ;
#869 = CARTESIAN_POINT ( 'NONE',  ( 7.365963251144425961, -1.656854248896382220, -3.999999999749844104 ) ) ;
#870 = CARTESIAN_POINT ( 'NONE',  ( 8.459713249000001767, 0.000000000000000000, 3.323417656000000164 ) ) ;
#871 = CARTESIAN_POINT ( 'NONE',  ( 0.5690882489999999905, -1.376604667000000060, -3.323417656000000164 ) ) ;
#872 = CARTESIAN_POINT ( 'NONE',  ( 0.9597132489999999905, 3.323417656000000164, 0.000000000000000000 ) ) ;
#873 = CARTESIAN_POINT ( 'NONE',  ( 2.756588248999999990, -3.323417656000000608, 1.376604667000000060 ) ) ;
#874 = CARTESIAN_POINT ( 'NONE',  ( 4.319088250999999268, 0.000000000000000000, 4.000000000000000000 ) ) ;
#875 = FACE_OUTER_BOUND ( 'NONE', #363, .T. ) ;
#876 = CARTESIAN_POINT ( 'NONE',  ( 7.678463251144426849, 3.999999999749844104, -1.656854248896382220 ) ) ;
#877 = CARTESIAN_POINT ( 'NONE',  ( 9.084713248999999990, 0.000000000000000000, -3.323417656000000164 ) ) ;
#878 = MECHANICAL_DESIGN_GEOMETRIC_PRESENTATION_REPRESENTATION (  '', ( #942 ), #799 ) ;
#879 = DIRECTION ( 'NONE',  ( -1.000000000000000000, -0.000000000000000000, -0.000000000000000000 ) ) ;
#880 = CARTESIAN_POINT ( 'NONE',  ( -1.683433092999999658, 2.183511137000000435, 2.505470820999999848 ) ) ;
#881 = VERTEX_POINT ( 'NONE', #1173 ) ;
#882 = CARTESIAN_POINT ( 'NONE',  ( 0.5690882489999999905, -1.376604667000000060, -3.323417656000000608 ) ) ;
#883 = CARTESIAN_POINT ( 'NONE',  ( 4.944088250999999268, 0.000000000000000000, -4.000000000000000000 ) ) ;
#884 = CARTESIAN_POINT ( 'NONE',  ( -0.9934117530000000640, 2.828427124999999709, 2.828427124999999709 ) ) ;
#885 = CARTESIAN_POINT ( 'NONE',  ( 1.037838248999999546, -1.376604667000000060, 3.323417656000000608 ) ) ;
#886 = CARTESIAN_POINT ( 'NONE',  ( 9.006588248999999990, -1.376604667000000060, -3.323417656000000608 ) ) ;
#887 = FACE_OUTER_BOUND ( 'NONE', #257, .T. ) ;
#888 = CARTESIAN_POINT ( 'NONE',  ( 6.272213248999999990, 0.000000000000000000, 3.323417656000000164 ) ) ;
#889 = ORIENTED_EDGE ( 'NONE', *, *, #400, .T. ) ;
#890 = CARTESIAN_POINT ( 'NONE',  ( -1.071536750999999787, -2.350011160999999849, 2.350011160999999849 ) ) ;
#891 =( LENGTH_UNIT ( ) NAMED_UNIT ( * ) SI_UNIT ( .MILLI., .METRE. ) );
#892 = CARTESIAN_POINT ( 'NONE',  ( 4.084713250999998380, 3.999999999999999112, 1.656854248999999779 ) ) ;
#893 = CARTESIAN_POINT ( 'NONE',  ( 0.1003382468557042356, 3.999999999750072366, 0.000000000000000000 ) ) ;
#894 = CONICAL_SURFACE ( 'NONE', #297, 2.500000000000000000, 0.7853981633974488341 ) ;
#895 = CARTESIAN_POINT ( 'NONE',  ( 1.584713248999999990, 0.000000000000000000, -3.323417656000000164 ) ) ;
#896 = CARTESIAN_POINT ( 'NONE',  ( -1.305911748999999844, -1.073151387693235037, 3.152883562588785882 ) ) ;
#897 = CARTESIAN_POINT ( 'NONE',  ( 1.428463248999999768, -2.350011160999999849, 2.350011160999999849 ) ) ;
#898 = CARTESIAN_POINT ( 'NONE',  ( 7.053463248999999990, 2.350011160999999849, -2.350011160999999849 ) ) ;
#899 = ORIENTED_EDGE ( 'NONE', *, *, #292, .F. ) ;
#900 = CARTESIAN_POINT ( 'NONE',  ( -1.384036751000000010, 2.350011160999999849, 2.350011160999999849 ) ) ;
#901 = EDGE_CURVE ( 'NONE', #490, #490, #350, .T. ) ;
#902 = CARTESIAN_POINT ( 'NONE',  ( 0.02221324900000000088, -3.323417656000000164, 0.000000000000000000 ) ) ;
#903 = CARTESIAN_POINT ( 'NONE',  ( 7.287838250999999268, -2.828427124999999709, -2.828427124999999709 ) ) ;
#904 = DIRECTION ( 'NONE',  ( 0.000000000000000000, 0.000000000000000000, 1.000000000000000000 ) ) ;
#905 = CARTESIAN_POINT ( 'NONE',  ( 8.537838251144428625, -2.828427124823113203, -2.828427124823113203 ) ) ;
#906 = CARTESIAN_POINT ( 'NONE',  ( 8.928463248999999990, -2.350011160999999849, -2.350011160999999849 ) ) ;
#907 = CARTESIAN_POINT ( 'NONE',  ( 1.115963248999999768, 2.350011160999999849, 2.350011160999999849 ) ) ;
#908 = CARTESIAN_POINT ( 'NONE',  ( 7.365963248999999102, 2.350011160999999849, 2.350011160999999849 ) ) ;
#909 = ORIENTED_EDGE ( 'NONE', *, *, #1354, .F. ) ;
#910 = CARTESIAN_POINT ( 'NONE',  ( 5.100338248999999102, -1.376604667000000060, 3.323417656000000608 ) ) ;
#911 = CARTESIAN_POINT ( 'NONE',  ( -0.6027867510000000095, 3.323417656000000164, 0.000000000000000000 ) ) ;
#912 = CARTESIAN_POINT ( 'NONE',  ( 6.740963250999999268, 1.656854248999999779, 3.999999999999999112 ) ) ;
#913 = CARTESIAN_POINT ( 'NONE',  ( 2.678463247000000713, 3.999999999999999112, 1.656854248999999779 ) ) ;
#914 = CARTESIAN_POINT ( 'NONE',  ( 4.319088248999999102, 3.323417656000000608, -1.376604667000000060 ) ) ;
#915 = DIRECTION ( 'NONE',  ( 0.000000000000000000, 0.000000000000000000, 1.000000000000000000 ) ) ;
#916 = CARTESIAN_POINT ( 'NONE',  ( 6.272213248999999990, -3.323417656000000164, 0.000000000000000000 ) ) ;
#917 = CARTESIAN_POINT ( 'NONE',  ( 0.3347132511444272374, 3.999999999749844104, 1.656854248896382220 ) ) ;
#918 = CARTESIAN_POINT ( 'NONE',  ( 6.662838248999998214, -3.323417656000000608, -1.376604667000000060 ) ) ;
#919 =( BOUNDED_SURFACE ( )  B_SPLINE_SURFACE ( 1, 2, ( 
 ( #1013, #1561, #72, #325, #457, #1282, #54, #1145, #1289, #1426, #1717, #1569, #620, #1163, #1453, #1699, #484, #62, #348, #610, #358, #1153, #1692, #753, #225, #1707, #1309, #1006, #474, #340, #1444, #885, #1435, #1030, #629, #1317, #1552, #1578, #895, #216, #394, #1776, #1635, #647, #675, #1745, #511, #658, #1597, #1202, #782, #1077, #1069, #1617, #1060, #252, #1336, #1364, #540, #531, #404, #126, #1766, #1211, #233, #1084, #1326, #110, #377, #638, #802, #368, #1461, #914, #99, #925, #1049, #1355, #243, #1219, #1756, #953, #521, #792, #1181, #1497, #386, #1192, #1607, #271, #1346, #1627, #1736, #819, #1472, #935, #502, #1480, #119, #666, #945, #1489, #261, #812, #584, #969, #298, #1644, #307, #682, #153, #1514, #565, #411, #38, #1663, #315, #841, #996, #1542, #850, #556, #1399, #1381, #1653, #133, #1391, #961, #1506, #1091, #279, #420, #549, #172, #287 ),
 ( #827, #1372, #439, #163, #835, #700, #143, #717, #30, #1264, #1127, #690, #1236, #1681, #447, #709, #858, #1100, #11, #1246, #1228, #20, #1110, #575, #1256, #2, #429, #1119, #978, #1523, #1672, #988, #1533, #1151, #1307, #52, #1160, #1567, #214, #1170, #356, #734, #1690, #1705, #593, #750, #600, #455, #1011, #1298, #1135, #760, #1272, #1280, #78, #70, #60, #1143, #194, #338, #628, #1019, #1697, #1038, #471, #1004, #1726, #608, #462, #346, #1550, #1576, #742, #1558, #331, #892, #203, #1442, #874, #491, #1585, #1408, #1423, #180, #1287, #866, #883, #726, #1433, #187, #617, #1028, #1714, #482, #44, #323, #1416, #509, #108, #562, #923, #1470, #1478, #97, #250, #1344, #1595, #519, #17, #912, #384, #943, #241, #1487, #790, #1057, #903, #1625, #1605, #366, #500, #149, #1067, #117, #1451, #696, #1743, #1200, #392, #1334, #656, #1734, #1615, #1764, #1179 ) ),
 .UNSPECIFIED., .F., .F., .F. ) 
 B_SPLINE_SURFACE_WITH_KNOTS ( ( 2, 2 ),
 ( 3, 2, 2, 2, 2, 2, 2, 2, 2, 2, 2, 2, 2, 2, 2, 2, 2, 2, 2, 2, 2, 2, 2, 2, 2, 2, 2, 2, 2, 2, 2, 2, 2, 2, 2, 2, 2, 2, 2, 2, 2, 2, 2, 2, 2, 2, 2, 2, 2, 2, 2, 2, 2, 2, 2, 2, 2, 2, 2, 2, 2, 2, 2, 2, 2, 2, 2, 3 ),
 ( 0.000000000000000000, 1.000000000000000000 ),
 ( 0.07084722236905409420, 0.08333333333333331483, 0.09722222222222225152, 0.1111111111111110217, 0.1250000000000000000, 0.1388888888888890061, 0.1527777777777780122, 0.1666666666666670182, 0.1805555555555559966, 0.1944444444444440867, 0.2083333333333330373, 0.2222222222222220434, 0.2361111111111110217, 0.2500000000000000000, 0.2638888888888891171, 0.2777777777777780677, 0.2916666666666670737, 0.3055555555555560243, 0.3194444444444440867, 0.3333333333333330373, 0.3472222222222220989, 0.3611111111111109939, 0.3750000000000000555, 0.3888888888888891726, 0.4027777777777780677, 0.4166666666666670737, 0.4305555555555560243, 0.4444444444444440867, 0.4583333333333329818, 0.4722222222222220434, 0.4861111111111109939, 0.5000000000000000000, 0.5138888888888890616, 0.5277777777777780122, 0.5416666666666669627, 0.5555555555555560243, 0.5694444444444440867, 0.5833333333333330373, 0.5972222222222219878, 0.6111111111111110494, 0.6250000000000001110, 0.6388888888888891726, 0.6527777777777781232, 0.6666666666666670737, 0.6805555555555561353, 0.6944444444444441977, 0.7083333333333330373, 0.7222222222222219878, 0.7361111111111110494, 0.7500000000000001110, 0.7638888888888891726, 0.7777777777777780122, 0.7916666666666669627, 0.8055555555555560243, 0.8194444444444440867, 0.8333333333333330373, 0.8472222222222219878, 0.8611111111111110494, 0.8750000000000001110, 0.8888888888888891726, 0.9027777777777780122, 0.9166666666666669627, 0.9305555555555560243, 0.9444444444444440867, 0.9583333333333330373, 0.9722222222222218768, 0.9861111111111109384, 1.000000000000000000 ),
 .UNSPECIFIED. ) 
 GEOMETRIC_REPRESENTATION_ITEM ( )  RATIONAL_B_SPLINE_SURFACE ( (
 ( 0.9861766740606239257, 0.9315677005323839133, 1.000000000000000000, 0.9238795325112871826, 1.000000000000000000, 0.9238795325112871826, 1.000000000000000000, 0.9238795325112871826, 1.000000000000000000, 0.9238795325112871826, 1.000000000000000000, 0.9238795325112871826, 1.000000000000000000, 0.9238795325112871826, 1.000000000000000000, 0.9238795325112871826, 1.000000000000000000, 0.9238795325112871826, 1.000000000000000000, 0.9238795325112871826, 1.000000000000000000, 0.9238795325112871826, 1.000000000000000000, 0.9238795325112871826, 1.000000000000000000, 0.9238795325112871826, 1.000000000000000000, 0.9238795325112871826, 1.000000000000000000, 0.9238795325112871826, 1.000000000000000000, 0.9238795325112871826, 1.000000000000000000, 0.9238795325112871826, 1.000000000000000000, 0.9238795325112871826, 1.000000000000000000, 0.9238795325112871826, 1.000000000000000000, 0.9238795325112871826, 1.000000000000000000, 0.9238795325112871826, 1.000000000000000000, 0.9238795325112871826, 1.000000000000000000, 0.9238795325112871826, 1.000000000000000000, 0.9238795325112871826, 1.000000000000000000, 0.9238795325112871826, 1.000000000000000000, 0.9238795325112871826, 1.000000000000000000, 0.9238795325112871826, 1.000000000000000000, 0.9238795325112871826, 1.000000000000000000, 0.9238795325112871826, 1.000000000000000000, 0.9238795325112871826, 1.000000000000000000, 0.9238795325112871826, 1.000000000000000000, 0.9238795325112871826, 1.000000000000000000, 0.9238795325112871826, 1.000000000000000000, 0.9238795325112871826, 1.000000000000000000, 0.9238795325112871826, 1.000000000000000000, 0.9238795325112871826, 1.000000000000000000, 0.9238795325112871826, 1.000000000000000000, 0.9238795325112871826, 1.000000000000000000, 0.9238795325112871826, 1.000000000000000000, 0.9238795325112871826, 1.000000000000000000, 0.9238795325112871826, 1.000000000000000000, 0.9238795325112871826, 1.000000000000000000, 0.9238795325112871826, 1.000000000000000000, 0.9238795325112871826, 1.000000000000000000, 0.9238795325112871826, 1.000000000000000000, 0.9238795325112871826, 1.000000000000000000, 0.9238795325112871826, 1.000000000000000000, 0.9238795325112871826, 1.000000000000000000, 0.9238795325112871826, 1.000000000000000000, 0.9238795325112871826, 1.000000000000000000, 0.9238795325112871826, 1.000000000000000000, 0.9238795325112871826, 1.000000000000000000, 0.9238795325112871826, 1.000000000000000000, 0.9238795325112871826, 1.000000000000000000, 0.9238795325112871826, 1.000000000000000000, 0.9238795325112871826, 1.000000000000000000, 0.9238795325112871826, 1.000000000000000000, 0.9238795325112871826, 1.000000000000000000, 0.9238795325112871826, 1.000000000000000000, 0.9238795325112871826, 1.000000000000000000, 0.9238795325112871826, 1.000000000000000000, 0.9238795325112871826, 1.000000000000000000, 0.9238795325112871826, 1.000000000000000000, 0.9238795325112871826, 1.000000000000000000, 0.9238795325112871826, 1.000000000000000000, 0.9238795325112871826, 1.000000000000000000, 0.9238795325112871826, 1.000000000000000000),
 ( 0.9861766740606239257, 0.9315677005323839133, 1.000000000000000000, 0.9238795325112871826, 1.000000000000000000, 0.9238795325112871826, 1.000000000000000000, 0.9238795325112871826, 1.000000000000000000, 0.9238795325112871826, 1.000000000000000000, 0.9238795325112871826, 1.000000000000000000, 0.9238795325112871826, 1.000000000000000000, 0.9238795325112871826, 1.000000000000000000, 0.9238795325112871826, 1.000000000000000000, 0.9238795325112871826, 1.000000000000000000, 0.9238795325112871826, 1.000000000000000000, 0.9238795325112871826, 1.000000000000000000, 0.9238795325112871826, 1.000000000000000000, 0.9238795325112871826, 1.000000000000000000, 0.9238795325112871826, 1.000000000000000000, 0.9238795325112871826, 1.000000000000000000, 0.9238795325112871826, 1.000000000000000000, 0.9238795325112871826, 1.000000000000000000, 0.9238795325112871826, 1.000000000000000000, 0.9238795325112871826, 1.000000000000000000, 0.9238795325112871826, 1.000000000000000000, 0.9238795325112871826, 1.000000000000000000, 0.9238795325112871826, 1.000000000000000000, 0.9238795325112871826, 1.000000000000000000, 0.9238795325112871826, 1.000000000000000000, 0.9238795325112871826, 1.000000000000000000, 0.9238795325112871826, 1.000000000000000000, 0.9238795325112871826, 1.000000000000000000, 0.9238795325112871826, 1.000000000000000000, 0.9238795325112871826, 1.000000000000000000, 0.9238795325112871826, 1.000000000000000000, 0.9238795325112871826, 1.000000000000000000, 0.9238795325112871826, 1.000000000000000000, 0.9238795325112871826, 1.000000000000000000, 0.9238795325112871826, 1.000000000000000000, 0.9238795325112871826, 1.000000000000000000, 0.9238795325112871826, 1.000000000000000000, 0.9238795325112871826, 1.000000000000000000, 0.9238795325112871826, 1.000000000000000000, 0.9238795325112871826, 1.000000000000000000, 0.9238795325112871826, 1.000000000000000000, 0.9238795325112871826, 1.000000000000000000, 0.9238795325112871826, 1.000000000000000000, 0.9238795325112871826, 1.000000000000000000, 0.9238795325112871826, 1.000000000000000000, 0.9238795325112871826, 1.000000000000000000, 0.9238795325112871826, 1.000000000000000000, 0.9238795325112871826, 1.000000000000000000, 0.9238795325112871826, 1.000000000000000000, 0.9238795325112871826, 1.000000000000000000, 0.9238795325112871826, 1.000000000000000000, 0.9238795325112871826, 1.000000000000000000, 0.9238795325112871826, 1.000000000000000000, 0.9238795325112871826, 1.000000000000000000, 0.9238795325112871826, 1.000000000000000000, 0.9238795325112871826, 1.000000000000000000, 0.9238795325112871826, 1.000000000000000000, 0.9238795325112871826, 1.000000000000000000, 0.9238795325112871826, 1.000000000000000000, 0.9238795325112871826, 1.000000000000000000, 0.9238795325112871826, 1.000000000000000000, 0.9238795325112871826, 1.000000000000000000, 0.9238795325112871826, 1.000000000000000000, 0.9238795325112871826, 1.000000000000000000, 0.9238795325112871826, 1.000000000000000000, 0.9238795325112871826, 1.000000000000000000, 0.9238795325112871826, 1.000000000000000000) ) ) 
 REPRESENTATION_ITEM ( '' )  SURFACE ( )  );
#920 = VERTEX_POINT ( 'NONE', #503 ) ;
#921 = CARTESIAN_POINT ( 'NONE',  ( 7.522213248999999102, 0.000000000000000000, 3.323417656000000164 ) ) ;
#922 = CARTESIAN_POINT ( 'NONE',  ( 9.599197220000046826, 3.429083089089501018E-15, 1.397740430342242490E-09 ) ) ;
#923 = CARTESIAN_POINT ( 'NONE',  ( 6.037838250999999268, -2.828427124999999709, -2.828427124999999709 ) ) ;
#924 = CARTESIAN_POINT ( 'NONE',  ( 3.147213247000000269, -3.999999999999999112, 1.656854248999999779 ) ) ;
#925 = CARTESIAN_POINT ( 'NONE',  ( 4.475338248999999102, 3.323417656000000608, 1.376604667000000060 ) ) ;
#926 = CARTESIAN_POINT ( 'NONE',  ( 8.694088250891267577, -8.204137140613247139E-10, -4.000000000000000000 ) ) ;
#927 = EDGE_CURVE ( 'NONE', #317, #317, #1384, .T. ) ;
#928 = CARTESIAN_POINT ( 'NONE',  ( 7.834713248999999102, 0.000000000000000000, -3.323417656000000164 ) ) ;
#929 = CARTESIAN_POINT ( 'NONE',  ( -1.305911749000000066, -2.192590976009078485, -3.101805372649220960 ) ) ;
#930 = CARTESIAN_POINT ( 'NONE',  ( -0.8371617509999997875, 1.376604667000000060, -3.323417656000000608 ) ) ;
#931 = CARTESIAN_POINT ( 'NONE',  ( 8.225338248999999990, 1.376604667000000060, -3.323417656000000164 ) ) ;
#932 = CARTESIAN_POINT ( 'NONE',  ( 4.084713248999999102, -3.323417656000000164, 0.000000000000000000 ) ) ;
#933 = CARTESIAN_POINT ( 'NONE',  ( -1.305911748999999844, 8.521151449378258330E-18, 0.000000000000000000 ) ) ;
#934 = CARTESIAN_POINT ( 'NONE',  ( 1.037838246999999603, 0.000000000000000000, -4.000000000000000000 ) ) ;
#935 = CARTESIAN_POINT ( 'NONE',  ( 6.037838248999999102, -1.376604667000000060, 3.323417656000000608 ) ) ;
#936 = CARTESIAN_POINT ( 'NONE',  ( 5.412838246855702806, 0.000000000000000000, 3.999999999750072366 ) ) ;
#937 = CARTESIAN_POINT ( 'NONE',  ( 6.194088248999997326, -3.323417656000000164, 1.376604667000000060 ) ) ;
#938 = CARTESIAN_POINT ( 'NONE',  ( -0.1340367488555727349, -1.656854248896382220, -3.999999999749844104 ) ) ;
#939 = CARTESIAN_POINT ( 'NONE',  ( 1.740963248999999990, 2.350011160999999849, -2.350011160999999849 ) ) ;
#940 = CARTESIAN_POINT ( 'NONE',  ( 8.459713249000001767, 3.323417656000000164, 0.000000000000000000 ) ) ;
#941 = CARTESIAN_POINT ( 'NONE',  ( 3.459713248999999990, 3.323417656000000164, 0.000000000000000000 ) ) ;
#942 = STYLED_ITEM ( 'NONE', ( #764 ), #721 ) ;
#943 = CARTESIAN_POINT ( 'NONE',  ( 6.897213250999998380, -1.656854248999999779, 3.999999999999999112 ) ) ;
#944 = CARTESIAN_POINT ( 'NONE',  ( 0.3347132470000000470, 1.656854248999999779, 3.999999999999999112 ) ) ;
#945 = CARTESIAN_POINT ( 'NONE',  ( 6.428463248999999990, -2.350011160999999849, -2.350011160999999849 ) ) ;
#946 = CARTESIAN_POINT ( 'NONE',  ( 8.381588246855706359, -2.828427124823273964, -2.828427124823273964 ) ) ;
#947 = CARTESIAN_POINT ( 'NONE',  ( 6.740963248999999990, 2.350011160999999849, -2.350011160999999849 ) ) ;
#948 = CARTESIAN_POINT ( 'NONE',  ( -1.305911748999998956, -3.411430050815548842, -1.070033305737345453 ) ) ;
#949 = CARTESIAN_POINT ( 'NONE',  ( 1.272213248999999990, -3.323417656000000164, 0.000000000000000000 ) ) ;
#950 = CARTESIAN_POINT ( 'NONE',  ( 8.303463249000001767, 2.350011160999999849, -2.350011160999999849 ) ) ;
#951 = CARTESIAN_POINT ( 'NONE',  ( 5.647213248999999102, 0.000000000000000000, -3.323417656000000164 ) ) ;
#952 = CARTESIAN_POINT ( 'NONE',  ( 2.209713247000000713, -1.656854248999999779, -3.999999999999999112 ) ) ;
#953 = CARTESIAN_POINT ( 'NONE',  ( 4.944088248999999102, -3.323417656000000608, 1.376604667000000060 ) ) ;
#954 = CARTESIAN_POINT ( 'NONE',  ( 9.162838246855706359, 0.000000000000000000, 3.999999999750072366 ) ) ;
#955 = CARTESIAN_POINT ( 'NONE',  ( 6.897213248999999990, 3.323417656000000164, 0.000000000000000000 ) ) ;
#956 = CARTESIAN_POINT ( 'NONE',  ( -1.305911749000000510, -1.164964222314630149, -3.730458283604647818 ) ) ;
#957 = CARTESIAN_POINT ( 'NONE',  ( 1.506588248999999768, -1.376604667000000060, -3.323417656000000608 ) ) ;
#958 = CARTESIAN_POINT ( 'NONE',  ( 7.209713248999999990, 3.323417656000000164, 0.000000000000000000 ) ) ;
#959 = DIRECTION ( 'NONE',  ( -1.000000000000000000, -6.938893903907229364E-16, -0.000000000000000000 ) ) ;
#960 = CARTESIAN_POINT ( 'NONE',  ( 7.365963246999998049, 1.656854248999999779, -3.999999999999999112 ) ) ;
#961 = CARTESIAN_POINT ( 'NONE',  ( 8.537838248999999990, -1.376604667000000060, 3.323417656000000608 ) ) ;
#962 = CARTESIAN_POINT ( 'NONE',  ( 0.5690882468557042495, -2.828427124823273964, 2.828427124823273964 ) ) ;
#963 = CARTESIAN_POINT ( 'NONE',  ( 2.209713249000000435, 0.000000000000000000, 3.323417656000000164 ) ) ;
#964 = CARTESIAN_POINT ( 'NONE',  ( 7.131588251144426849, -3.999999999749844992, 0.000000000000000000 ) ) ;
#965 = CARTESIAN_POINT ( 'NONE',  ( -0.2902867510000001205, 0.000000000000000000, 3.323417656000000164 ) ) ;
#966 = ORIENTED_EDGE ( 'NONE', *, *, #135, .T. ) ;
#967 = CARTESIAN_POINT ( 'NONE',  ( 9.240963248999999990, 0.000000000000000000, -4.000000000000000000 ) ) ;
#968 = CARTESIAN_POINT ( 'NONE',  ( 6.975338246999999825, -4.000000000000000000, 0.000000000000000000 ) ) ;
#969 = CARTESIAN_POINT ( 'NONE',  ( 6.819088248999998214, 3.323417656000000608, -1.376604667000000060 ) ) ;
#970 = CARTESIAN_POINT ( 'NONE',  ( 4.162838246855701918, 0.000000000000000000, 3.999999999750072366 ) ) ;
#971 = CARTESIAN_POINT ( 'NONE',  ( 2.444088248999999546, -3.323417656000000164, 1.376604667000000060 ) ) ;
#972 = CARTESIAN_POINT ( 'NONE',  ( 3.850338251144427293, 2.828427124823113203, -2.828427124823113203 ) ) ;
#973 = CARTESIAN_POINT ( 'NONE',  ( 4.475338248999999102, 3.323417656000000608, 1.376604667000000060 ) ) ;
#974 = CARTESIAN_POINT ( 'NONE',  ( 5.647213248999999102, 0.000000000000000000, -3.323417656000000164 ) ) ;
#975 = CARTESIAN_POINT ( 'NONE',  ( 4.397213248999999102, 0.000000000000000000, -3.323417656000000164 ) ) ;
#976 = DIRECTION ( 'NONE',  ( 0.000000000000000000, 0.000000000000000000, 1.000000000000000000 ) ) ;
#977 = CARTESIAN_POINT ( 'NONE',  ( 9.240963246999996272, -1.656854248999999779, 3.999999999999999112 ) ) ;
#978 = CARTESIAN_POINT ( 'NONE',  ( 0.4128382510000000449, 2.828427124999999709, 2.828427124999999709 ) ) ;
#979 = CARTESIAN_POINT ( 'NONE',  ( 1.272213246855704138, 3.999999999750071478, -1.656854248896476589 ) ) ;
#980 = CARTESIAN_POINT ( 'NONE',  ( 5.100338248999999102, -3.323417656000000164, -1.376604667000000060 ) ) ;
#981 = CARTESIAN_POINT ( 'NONE',  ( 6.428463251144425961, 3.999999999749844104, -1.656854248896382220 ) ) ;
#982 = CARTESIAN_POINT ( 'NONE',  ( 7.600338248999998214, -3.323417656000000608, -1.376604667000000060 ) ) ;
#983 = CARTESIAN_POINT ( 'NONE',  ( 2.834713248999999990, -3.323417656000000164, 0.000000000000000000 ) ) ;
#984 = CARTESIAN_POINT ( 'NONE',  ( 0.2565882490000001015, -3.323417656000000608, 1.376604667000000060 ) ) ;
#985 = LINE ( 'NONE', #1495, #1675 ) ;
#986 = AXIS2_PLACEMENT_3D ( 'NONE', #618, #1727, #743 ) ;
#987 = CARTESIAN_POINT ( 'NONE',  ( 9.319088247000001601, -2.828427124999999709, 2.828427124999999709 ) ) ;
#988 = CARTESIAN_POINT ( 'NONE',  ( 0.6472132509999999339, -1.656854248999999779, 3.999999999999999112 ) ) ;
#989 = CARTESIAN_POINT ( 'NONE',  ( 3.772213246855704138, 3.999999999750071478, -1.656854248896476589 ) ) ;
#990 = CARTESIAN_POINT ( 'NONE',  ( 3.772213249000000435, -3.323417656000000164, 0.000000000000000000 ) ) ;
#991 = CARTESIAN_POINT ( 'NONE',  ( 5.803463251144428625, -3.999999999749844104, 1.656854248896382220 ) ) ;
#992 = CARTESIAN_POINT ( 'NONE',  ( 6.428463248999999990, -2.350011160999999849, -2.350011160999999849 ) ) ;
#993 = CARTESIAN_POINT ( 'NONE',  ( 3.459713248999999990, 3.323417656000000164, 0.000000000000000000 ) ) ;
#994 = CARTESIAN_POINT ( 'NONE',  ( 4.240963248999999990, -2.350011160999999849, -2.350011160999999849 ) ) ;
#995 = CARTESIAN_POINT ( 'NONE',  ( 6.350338246999998937, 4.000000000000000000, 0.000000000000000000 ) ) ;
#996 = CARTESIAN_POINT ( 'NONE',  ( 7.834713248999999102, 0.000000000000000000, -3.323417656000000164 ) ) ;
#997 = CARTESIAN_POINT ( 'NONE',  ( 2.209713246855704138, -1.656854248896476589, -3.999999999750071478 ) ) ;
#998 = CARTESIAN_POINT ( 'NONE',  ( 1.897213249000000213, 3.323417656000000164, 0.000000000000000000 ) ) ;
#999 = CARTESIAN_POINT ( 'NONE',  ( 3.069088251144427293, 0.000000000000000000, 3.999999999749844992 ) ) ;
#1000 = CARTESIAN_POINT ( 'NONE',  ( 4.631588248999999102, 1.376604667000000060, 3.323417656000000608 ) ) ;
#1001 = CARTESIAN_POINT ( 'NONE',  ( 2.444088248999999546, 1.376604667000000060, 3.323417656000000164 ) ) ;
#1002 = CARTESIAN_POINT ( 'NONE',  ( 4.709713248999999990, 3.323417656000000164, 0.000000000000000000 ) ) ;
#1003 = CARTESIAN_POINT ( 'NONE',  ( -1.618411750999999787, 3.323417656000000608, -1.376604667000000060 ) ) ;
#1004 = CARTESIAN_POINT ( 'NONE',  ( 3.303463250999999712, -3.999999999999999112, 1.656854248999999779 ) ) ;
#1005 = CARTESIAN_POINT ( 'NONE',  ( -0.4465367530000000085, -3.999999999999999112, -1.656854248999999779 ) ) ;
#1006 = CARTESIAN_POINT ( 'NONE',  ( 0.7253382490000001015, 3.323417656000000608, 1.376604667000000060 ) ) ;
#1007 = CARTESIAN_POINT ( 'NONE',  ( 6.975338248999999990, 3.323417656000000608, 1.376604667000000060 ) ) ;
#1008 = CARTESIAN_POINT ( 'NONE',  ( 3.381588248999999990, 3.323417656000000164, -1.376604667000000060 ) ) ;
#1009 = CARTESIAN_POINT ( 'NONE',  ( 1.584713248999999990, -3.323417656000000164, 0.000000000000000000 ) ) ;
#1010 = CARTESIAN_POINT ( 'NONE',  ( 2.600338248999999990, -1.376604667000000060, 3.323417656000000608 ) ) ;
#1011 = CARTESIAN_POINT ( 'NONE',  ( 1.975338250999999934, -2.828427124999999709, 2.828427124999999709 ) ) ;
#1012 = PLANE ( 'NONE',  #671 ) ;
#1013 = CARTESIAN_POINT ( 'NONE',  ( -1.369129376999999481, -2.525682214999999342, 2.160100522000000467 ) ) ;
#1014 = CARTESIAN_POINT ( 'NONE',  ( -1.305911748999998512, -2.644448393138326914, 2.024492674561571448 ) ) ;
#1015 = CARTESIAN_POINT ( 'NONE',  ( 17.69408825100004989, 0.000000000000000000, 0.000000000000000000 ) ) ;
#1016 = CARTESIAN_POINT ( 'NONE',  ( 9.162838249000003543, -3.323417656000000608, -1.376604667000000060 ) ) ;
#1017 = ORIENTED_EDGE ( 'NONE', *, *, #927, .T. ) ;
#1018 = CARTESIAN_POINT ( 'NONE',  ( 1.506588248999999768, -3.323417656000000608, 1.376604667000000060 ) ) ;
#1019 = CARTESIAN_POINT ( 'NONE',  ( 2.990963251000000600, 1.656854248999999779, 3.999999999999999112 ) ) ;
#1020 = CARTESIAN_POINT ( 'NONE',  ( -1.372027174000000294, 1.745479381999999635, -3.599069564000000110 ) ) ;
#1021 = CARTESIAN_POINT ( 'NONE',  ( 8.147213251144426849, -1.656854248896382220, 3.999999999749844104 ) ) ;
#1022 =( LENGTH_UNIT ( ) NAMED_UNIT ( * ) SI_UNIT ( .MILLI., .METRE. ) );
#1023 = AXIS2_PLACEMENT_3D ( 'NONE', #1047, #1753, #1209 ) ;
#1024 = CARTESIAN_POINT ( 'NONE',  ( -1.149661750999999565, -1.376604667000000060, 3.323417656000000164 ) ) ;
#1025 = CARTESIAN_POINT ( 'NONE',  ( -1.384036751000000010, -2.350011160999999849, 2.350011160999999849 ) ) ;
#1026 = ORIENTED_EDGE ( 'NONE', *, *, #212, .T. ) ;
#1027 = CARTESIAN_POINT ( 'NONE',  ( 1.819088249000000213, -1.376604667000000060, -3.323417656000000608 ) ) ;
#1028 = CARTESIAN_POINT ( 'NONE',  ( 5.334713250999998380, 3.999999999999999112, 1.656854248999999779 ) ) ;
#1029 = CARTESIAN_POINT ( 'NONE',  ( 0.1784632468557042495, 3.999999999750071478, 1.656854248896476589 ) ) ;
#1030 = CARTESIAN_POINT ( 'NONE',  ( 1.194088248999999990, -3.323417656000000608, 1.376604667000000060 ) ) ;
#1031 = CARTESIAN_POINT ( 'NONE',  ( -1.305911748999999622, -2.506156462429332876, 2.193657874811083985 ) ) ;
#1032 = CARTESIAN_POINT ( 'NONE',  ( 1.584713248999999990, -3.323417656000000164, 0.000000000000000000 ) ) ;
#1033 = EDGE_CURVE ( 'NONE', #1432, #1432, #1294, .T. ) ;
#1034 = CARTESIAN_POINT ( 'NONE',  ( 5.803463248999999990, 2.350011160999999849, -2.350011160999999849 ) ) ;
#1035 = EDGE_LOOP ( 'NONE', ( #1511 ) ) ;
#1036 = CARTESIAN_POINT ( 'NONE',  ( 2.678463248999999990, -2.350011160999999849, 2.350011160999999849 ) ) ;
#1037 = CARTESIAN_POINT ( 'NONE',  ( 19.69408825099993976, 0.000000000000000000, 6.360138368000038511 ) ) ;
#1038 = CARTESIAN_POINT ( 'NONE',  ( 3.147213251000000600, -1.656854248999999779, 3.999999999999999112 ) ) ;
#1039 = CARTESIAN_POINT ( 'NONE',  ( 9.694088251000000156, -6.578000000000000291, 6.578000000000000291 ) ) ;
#1040 = FACE_OUTER_BOUND ( 'NONE', #624, .T. ) ;
#1041 = CARTESIAN_POINT ( 'NONE',  ( 19.69408825099993976, 0.000000000000000000, 0.000000000000000000 ) ) ;
#1042 = CARTESIAN_POINT ( 'NONE',  ( 0.02221324900000000088, 0.000000000000000000, 3.323417656000000164 ) ) ;
#1043 = CARTESIAN_POINT ( 'NONE',  ( 8.147213248999998214, 0.000000000000000000, -3.323417656000000164 ) ) ;
#1044 = VERTEX_POINT ( 'NONE', #465 ) ;
#1045 = CARTESIAN_POINT ( 'NONE',  ( 4.319088248999999102, -1.376604667000000060, -3.323417656000000608 ) ) ;
#1046 = FACE_OUTER_BOUND ( 'NONE', #687, .T. ) ;
#1047 = CARTESIAN_POINT ( 'NONE',  ( 18.69408825100000371, 0.000000000000000000, 0.000000000000000000 ) ) ;
#1048 = CARTESIAN_POINT ( 'NONE',  ( 4.319088246999998937, -2.828427124999999709, 2.828427124999999709 ) ) ;
#1049 = CARTESIAN_POINT ( 'NONE',  ( 4.553463248999999990, 2.350011160999999849, 2.350011160999999849 ) ) ;
#1050 = CARTESIAN_POINT ( 'NONE',  ( 18.69408825100005345, 0.000000000000000000, 0.000000000000000000 ) ) ;
#1051 = CARTESIAN_POINT ( 'NONE',  ( 7.678463248999999990, -2.350011160999999849, -2.350011160999999849 ) ) ;
#1052 = CARTESIAN_POINT ( 'NONE',  ( -1.305911748999999622, -3.422961095739186277, 0.2838756895929683832 ) ) ;
#1053 = CARTESIAN_POINT ( 'NONE',  ( 4.865963248999999102, 2.350011160999999849, 2.350011160999999849 ) ) ;
#1054 = ORIENTED_EDGE ( 'NONE', *, *, #1484, .T. ) ;
#1055 = CARTESIAN_POINT ( 'NONE',  ( 3.694088248999999990, 1.376604667000000060, 3.323417656000000608 ) ) ;
#1056 = CARTESIAN_POINT ( 'NONE',  ( -1.305911750716742148, 1.271816887635227378, 3.070437545635415155 ) ) ;
#1057 = CARTESIAN_POINT ( 'NONE',  ( 7.209713250999999268, -3.999999999999999112, -1.656854248999999779 ) ) ;
#1058 = CARTESIAN_POINT ( 'NONE',  ( 2.444088247000000269, 2.828427124999999709, -2.828427124999999709 ) ) ;
#1059 = ADVANCED_FACE ( 'NONE', ( #602, #1146 ), #894, .F. ) ;
#1060 = CARTESIAN_POINT ( 'NONE',  ( 2.834713248999999990, 0.000000000000000000, -3.323417656000000164 ) ) ;
#1061 = CARTESIAN_POINT ( 'NONE',  ( 8.928463246855702806, 3.999999999750071478, 1.656854248896476589 ) ) ;
#1062 = CARTESIAN_POINT ( 'NONE',  ( 5.959713249000000879, 0.000000000000000000, 3.323417656000000164 ) ) ;
#1063 = CARTESIAN_POINT ( 'NONE',  ( -1.305911749000000066, -2.806620849353885117, -2.440014923283539083 ) ) ;
#1064 = CARTESIAN_POINT ( 'NONE',  ( 2.600338248999999990, -3.323417656000000608, -1.376604667000000060 ) ) ;
#1065 = CARTESIAN_POINT ( 'NONE',  ( 5.725338248999998214, 1.376604667000000060, -3.323417656000000608 ) ) ;
#1066 = CARTESIAN_POINT ( 'NONE',  ( 9.694088251000000156, 0.000000000000000000, 6.500000000000000888 ) ) ;
#1067 = CARTESIAN_POINT ( 'NONE',  ( 7.756588250999999268, 4.000000000000000000, 0.000000000000000000 ) ) ;
#1068 = CARTESIAN_POINT ( 'NONE',  ( 1.428463246999999381, 3.999999999999999112, 1.656854248999999779 ) ) ;
#1069 = CARTESIAN_POINT ( 'NONE',  ( 2.678463248999999990, -2.350011160999999849, -2.350011160999999849 ) ) ;
#1070 = CARTESIAN_POINT ( 'NONE',  ( 7.287838246855702806, 0.000000000000000000, -3.999999999750072366 ) ) ;
#1071 = CARTESIAN_POINT ( 'NONE',  ( 8.381588248999999990, 1.376604667000000060, 3.323417656000000164 ) ) ;
#1072 = CARTESIAN_POINT ( 'NONE',  ( 0.02221325114442726512, 1.656854248896382220, -3.999999999749844104 ) ) ;
#1073 = CARTESIAN_POINT ( 'NONE',  ( 2.287838249000000879, -1.376604667000000060, 3.323417656000000608 ) ) ;
#1074 = CARTESIAN_POINT ( 'NONE',  ( 7.053463248999999990, 2.350011160999999849, -2.350011160999999849 ) ) ;
#1075 = CARTESIAN_POINT ( 'NONE',  ( 7.053463248999999990, 2.350011160999999849, -2.350011160999999849 ) ) ;
#1076 = CARTESIAN_POINT ( 'NONE',  ( 1.819088246999999825, -2.828427124999999709, 2.828427124999999709 ) ) ;
#1077 = CARTESIAN_POINT ( 'NONE',  ( 2.600338248999999990, -3.323417656000000608, -1.376604667000000060 ) ) ;
#1078 = CARTESIAN_POINT ( 'NONE',  ( 7.209713246855703694, -1.656854248896476589, -3.999999999750071478 ) ) ;
#1079 = CARTESIAN_POINT ( 'NONE',  ( -0.9934117488555723741, 3.999999999749844992, 0.000000000000000000 ) ) ;
#1080 = CARTESIAN_POINT ( 'NONE',  ( 2.990963248999999990, 2.350011160999999849, -2.350011160999999849 ) ) ;
#1081 = CARTESIAN_POINT ( 'NONE',  ( 6.662838248999997326, -3.323417656000000164, -1.376604667000000060 ) ) ;
#1082 = CARTESIAN_POINT ( 'NONE',  ( 3.147213249000000435, 0.000000000000000000, -3.323417656000000164 ) ) ;
#1083 = CARTESIAN_POINT ( 'NONE',  ( 1.740963246999999381, -1.656854248999999779, 3.999999999999999112 ) ) ;
#1084 = CARTESIAN_POINT ( 'NONE',  ( 3.694088248999999990, -3.323417656000000608, 1.376604667000000060 ) ) ;
#1085 = CARTESIAN_POINT ( 'NONE',  ( 7.990963246855702806, -1.656854248896476589, 3.999999999750071478 ) ) ;
#1086 = CARTESIAN_POINT ( 'NONE',  ( 2.053463251144426849, -3.999999999749844104, 1.656854248896382220 ) ) ;
#1087 = CARTESIAN_POINT ( 'NONE',  ( -0.6809117510000001205, 3.323417656000000608, -1.376604667000000060 ) ) ;
#1088 = EDGE_LOOP ( 'NONE', ( #478, #468 ) ) ;
#1089 = CARTESIAN_POINT ( 'NONE',  ( -1.305911749000004507, 3.707726044663483211, -0.9428697037953820415 ) ) ;
#1090 = CARTESIAN_POINT ( 'NONE',  ( 8.615963246999998049, 1.656854248999999779, -3.999999999999999112 ) ) ;
#1091 = CARTESIAN_POINT ( 'NONE',  ( 8.694088248999999990, -3.323417656000000608, 1.376604667000000060 ) ) ;
#1092 = CARTESIAN_POINT ( 'NONE',  ( 8.459713246855702806, -1.656854248896476589, -3.999999999750071478 ) ) ;
#1093 = CARTESIAN_POINT ( 'NONE',  ( 4.475338248999999102, 3.323417656000000164, 1.376604667000000060 ) ) ;
#1094 = CARTESIAN_POINT ( 'NONE',  ( -1.305911749000007838, -0.3024996859775244129, -3.975294633623863483 ) ) ;
#1095 = CARTESIAN_POINT ( 'NONE',  ( 0.2565882490000001015, -1.376604667000000060, -3.323417656000000608 ) ) ;
#1096 = VERTEX_POINT ( 'NONE', #926 ) ;
#1097 = CARTESIAN_POINT ( 'NONE',  ( -1.305911749000001620, 2.889427228539734660, 2.013018797665248716 ) ) ;
#1098 = CARTESIAN_POINT ( 'NONE',  ( 5.256588246999998937, 2.828427124999999709, 2.828427124999999709 ) ) ;
#1099 =( BOUNDED_CURVE ( )  B_SPLINE_CURVE ( 2, ( #683, #1229, #1628, #676, #1462, #3, #522, #1767, #954, #667, #1212, #1061, #395, #541, #1746, #793, #550, #1092, #946, #262, #1608, #1618, #234, #1085, #1645, #532, #412, #783, #1490, #1220, #1327, #100, #1070, #1078, #1498, #813, #1356, #378, #127, #1636, #1473, #405, #244, #1337, #1777, #272, #1365, #1481, #820, #648, #1193, #111, #659, #1203, #1757, #387, #936, #253, #803, #1543, #727, #859, #21, #440, #299, #288, #1382, #1673, #144, #280, #12, #691, #970, #566, #701, #1534, #842, #989, #1120, #1273, #1654, #576, #1247, #594, #31, #557, #1409, #1392, #1111, #1682, #1237, #1128, #164, #154, #1664, #448, #308, #997, #430, #316, #181, #851, #1524, #1101, #718, #45, #1136, #1515, #1691, #979, #710, #1257, #421, #1400, #173, #1265, #39, #585, #962, #1507, #828, #1373, #1424, #1029, #893, #1144, #71, #1316, #463, #1715, #79, #1577, #1171, #88, #637, #771, #204, #339, #609, #188, #1706, #347, #735 ),
 .UNSPECIFIED., .F., .T. ) 
 B_SPLINE_CURVE_WITH_KNOTS ( ( 3, 2, 2, 2, 2, 2, 2, 2, 2, 2, 2, 2, 2, 2, 2, 2, 2, 2, 2, 2, 2, 2, 2, 2, 2, 2, 2, 2, 2, 2, 2, 2, 2, 2, 2, 2, 2, 2, 2, 2, 2, 2, 2, 2, 2, 2, 2, 2, 2, 2, 2, 2, 2, 2, 2, 2, 2, 2, 2, 2, 2, 2, 2, 2, 2, 2, 2, 2, 2, 2, 2, 3 ),
 ( -0.2109465524002465120, -0.2096832293685538529, -0.2065535951369992240, -0.2034239609054446229, -0.2002943266738899941, -0.1971646924423355596, -0.1940350582107809307, -0.1909054239792263019, -0.1877757897476717008, -0.1846461555161170720, -0.1815165212845624154, -0.1783868870530077588, -0.1752572528214531578, -0.1721276185898985289, -0.1689979843583440944, -0.1658683501267894655, -0.1627387158952348367, -0.1596090816636802356, -0.1564794474321256068, -0.1533498132005709502, -0.1502201789690162936, -0.1470905447374616926, -0.1439609105059070915, -0.1408312762743526569, -0.1377016420427980004, -0.1345720078112433993, -0.1314423735796887704, -0.1283127393481341139, -0.1251831051165794850, -0.1220534708850248423, -0.1189238366534702135, -0.1157942024219155985, -0.1126645681903611779, -0.1095349339588065213, -0.1064052997272519063, -0.1032756654956972775, -0.1001460312641426348, -0.09701639703258799208, -0.09388676280103339100, -0.09075712856947874829, -0.08762749433792411946, -0.08449786010636969880, -0.08136822587481506996, -0.07823859164326046889, -0.07510895741170584006, -0.07197932318015118347, -0.06884968894859649913, -0.06572005471704192581, -0.06259042048548726922, -0.05946078625393266814, -0.05633115202237826136, -0.05320151779082360477, -0.05007188355926900369, -0.04694224932771434711, -0.04381261509615971828, -0.04068298086460506169, -0.03755334663305046061, -0.03442371240149580403, -0.03129407816994120295, -0.02816444393838676841, -0.02503480970683213958, -0.02190517547527748299, -0.01877554124372288191, -0.01564590701216825308, -0.01251627278061362425, -0.009386638549059023173, -0.006257004317504394342, -0.003127370085949821021, 2.264145604807810130E-06, 0.003131898377159381130, 0.006261532608714009962, 0.009391166789409072235 ),
 .UNSPECIFIED. ) 
 CURVE ( )  GEOMETRIC_REPRESENTATION_ITEM ( )  RATIONAL_B_SPLINE_CURVE ( ( 0.9633526351549834832, 0.9692728502289121861, 1.000000000000000000, 0.9238795325112871826, 1.000000000000000000, 0.9238795325112871826, 1.000000000000000000, 0.9238795325112871826, 1.000000000000000000, 0.9238795325112871826, 1.000000000000000000, 0.9238795325112871826, 1.000000000000000000, 0.9238795325112871826, 1.000000000000000000, 0.9238795325112871826, 1.000000000000000000, 0.9238795325112871826, 1.000000000000000000, 0.9238795325112871826, 1.000000000000000000, 0.9238795325112871826, 1.000000000000000000, 0.9238795325112871826, 1.000000000000000000, 0.9238795325112871826, 1.000000000000000000, 0.9238795325112871826, 1.000000000000000000, 0.9238795325112871826, 1.000000000000000000, 0.9238795325112871826, 1.000000000000000000, 0.9238795325112871826, 1.000000000000000000, 0.9238795325112871826, 1.000000000000000000, 0.9238795325112871826, 1.000000000000000000, 0.9238795325112871826, 1.000000000000000000, 0.9238795325112871826, 1.000000000000000000, 0.9238795325112871826, 1.000000000000000000, 0.9238795325112871826, 1.000000000000000000, 0.9238795325112871826, 1.000000000000000000, 0.9238795325112871826, 1.000000000000000000, 0.9238795325112871826, 1.000000000000000000, 0.9238795325112871826, 1.000000000000000000, 0.9238795325112871826, 1.000000000000000000, 0.9238795325112871826, 1.000000000000000000, 0.9238795325112871826, 1.000000000000000000, 0.9238795325112871826, 1.000000000000000000, 0.9238795325112871826, 1.000000000000000000, 0.9238795325112871826, 1.000000000000000000, 0.9238795325112871826, 1.000000000000000000, 0.9238795325112871826, 1.000000000000000000, 0.9238795325112871826, 1.000000000000000000, 0.9238795325112871826, 1.000000000000000000, 0.9238795325112871826, 1.000000000000000000, 0.9238795325112871826, 1.000000000000000000, 0.9238795325112871826, 1.000000000000000000, 0.9238795325112871826, 1.000000000000000000, 0.9238795325112871826, 1.000000000000000000, 0.9238795325112871826, 1.000000000000000000, 0.9238795325112871826, 1.000000000000000000, 0.9238795325112871826, 1.000000000000000000, 0.9238795325112871826, 1.000000000000000000, 0.9238795325112871826, 1.000000000000000000, 0.9238795325112871826, 1.000000000000000000, 0.9238795325112871826, 1.000000000000000000, 0.9238795325112871826, 1.000000000000000000, 0.9238795325112871826, 1.000000000000000000, 0.9238795325112871826, 1.000000000000000000, 0.9238795325112871826, 1.000000000000000000, 0.9238795325112871826, 1.000000000000000000, 0.9238795325112871826, 1.000000000000000000, 0.9238795325112871826, 1.000000000000000000, 0.9238795325112871826, 1.000000000000000000, 0.9238795325112871826, 1.000000000000000000, 0.9238795325112871826, 1.000000000000000000, 0.9238795325112871826, 1.000000000000000000, 0.9238795325112871826, 1.000000000000000000, 0.9238795325112871826, 1.000000000000000000, 0.9238795325112871826, 1.000000000000000000, 0.9238795325112871826, 1.000000000000000000, 0.9238795325112871826, 1.000000000000000000, 0.9238795325112871826, 1.000000000000000000, 0.9238795325112871826, 1.000000000000000000, 0.9238795325112871826, 1.000000000000000000, 0.9238795325112871826, 1.000000000000000000, 0.9238795325112871826, 1.000000000000000000, 0.9238795325112871826, 1.000000000000000000 ) ) 
 REPRESENTATION_ITEM ( '' )  );
#1100 = CARTESIAN_POINT ( 'NONE',  ( -0.4465367490000000106, -3.999999999999999112, 1.656854248999999779 ) ) ;
#1101 = CARTESIAN_POINT ( 'NONE',  ( 1.740963246855703472, -1.656854248896476589, 3.999999999750071478 ) ) ;
#1102 = CARTESIAN_POINT ( 'NONE',  ( 3.537838248999999546, -1.376604667000000060, 3.323417656000000164 ) ) ;
#1103 = CARTESIAN_POINT ( 'NONE',  ( 4.162838251144425961, 2.828427124823113203, 2.828427124823113203 ) ) ;
#1104 = CARTESIAN_POINT ( 'NONE',  ( 8.225338248999999990, 3.323417656000000608, 1.376604667000000060 ) ) ;
#1105 = CARTESIAN_POINT ( 'NONE',  ( 6.584713248999999102, -3.323417656000000164, 0.000000000000000000 ) ) ;
#1106 = CARTESIAN_POINT ( 'NONE',  ( -0.8371617509999997875, -3.323417656000000608, -1.376604667000000060 ) ) ;
#1107 = CARTESIAN_POINT ( 'NONE',  ( 8.537838248999999990, 3.323417656000000608, 1.376604667000000060 ) ) ;
#1108 = CARTESIAN_POINT ( 'NONE',  ( 9.709713246999998049, -1.656854248999999779, -3.999999999999999112 ) ) ;
#1109 = EDGE_CURVE ( 'NONE', #1044, #1167, #1099, .T. ) ;
#1110 = CARTESIAN_POINT ( 'NONE',  ( -0.05591174900000001058, 0.000000000000000000, -4.000000000000000000 ) ) ;
#1111 = CARTESIAN_POINT ( 'NONE',  ( 2.912838246855703694, 0.000000000000000000, 3.999999999750072366 ) ) ;
#1112 = CARTESIAN_POINT ( 'NONE',  ( 0.6472132489999999905, 3.323417656000000164, 0.000000000000000000 ) ) ;
#1113 = CARTESIAN_POINT ( 'NONE',  ( 6.037838251144426849, -2.828427124823113203, -2.828427124823113203 ) ) ;
#1114 = CARTESIAN_POINT ( 'NONE',  ( 5.881588248999999990, 1.376604667000000060, 3.323417656000000608 ) ) ;
#1115 = CARTESIAN_POINT ( 'NONE',  ( 2.053463248999999990, 2.350011160999999849, -2.350011160999999849 ) ) ;
#1116 = CARTESIAN_POINT ( 'NONE',  ( 0.1003382490000000044, -1.376604667000000060, 3.323417656000000608 ) ) ;
#1117 = CARTESIAN_POINT ( 'NONE',  ( 9.319088249000001767, -1.376604667000000060, -3.323417656000000608 ) ) ;
#1118 = CARTESIAN_POINT ( 'NONE',  ( 6.272213246999998937, 3.999999999999999112, -1.656854248999999779 ) ) ;
#1119 = CARTESIAN_POINT ( 'NONE',  ( 0.3347132510000001560, 3.999999999999999112, 1.656854248999999779 ) ) ;
#1120 = CARTESIAN_POINT ( 'NONE',  ( 3.694088246855704138, 2.828427124823273964, -2.828427124823273964 ) ) ;
#1121 = CARTESIAN_POINT ( 'NONE',  ( 0.9597132489999999905, 0.000000000000000000, 3.323417656000000164 ) ) ;
#1122 = CARTESIAN_POINT ( 'NONE',  ( 4.084713251144426849, 3.999999999749844104, 1.656854248896382220 ) ) ;
#1123 = CARTESIAN_POINT ( 'NONE',  ( 6.115963248999999102, -2.350011160999999849, 2.350011160999999849 ) ) ;
#1124 = CARTESIAN_POINT ( 'NONE',  ( 4.865963248999999102, 2.350011160999999849, 2.350011160999999849 ) ) ;
#1125 = CARTESIAN_POINT ( 'NONE',  ( 3.928463249000000435, -2.350011160999999849, 2.350011160999999849 ) ) ;
#1126 = CARTESIAN_POINT ( 'NONE',  ( 6.194088246999998049, 2.828427124999999709, -2.828427124999999709 ) ) ;
#1127 = CARTESIAN_POINT ( 'NONE',  ( -0.9934117489999998440, 4.000000000000000000, 0.000000000000000000 ) ) ;
#1128 = CARTESIAN_POINT ( 'NONE',  ( 2.678463246855704583, 3.999999999750071478, 1.656854248896476589 ) ) ;
#1129 = CARTESIAN_POINT ( 'NONE',  ( 3.303463248999999990, 2.350011160999999849, 2.350011160999999849 ) ) ;
#1130 = CARTESIAN_POINT ( 'NONE',  ( 4.240963251144426849, 1.656854248896382220, 3.999999999749844104 ) ) ;
#1131 = CARTESIAN_POINT ( 'NONE',  ( 6.272213248999999990, -3.323417656000000164, 0.000000000000000000 ) ) ;
#1132 = CARTESIAN_POINT ( 'NONE',  ( 3.225338248999999990, 1.376604667000000060, -3.323417656000000164 ) ) ;
#1133 = CARTESIAN_POINT ( 'NONE',  ( 0.7253382490000001015, 1.376604667000000060, -3.323417656000000608 ) ) ;
#1134 = CARTESIAN_POINT ( 'NONE',  ( 2.912838248999999546, -3.323417656000000608, -1.376604667000000060 ) ) ;
#1135 = CARTESIAN_POINT ( 'NONE',  ( 2.131588251000000156, -4.000000000000000000, 0.000000000000000000 ) ) ;
#1136 = CARTESIAN_POINT ( 'NONE',  ( 1.506588246855703916, 2.828427124823273964, 2.828427124823273964 ) ) ;
#1137 = PRODUCT_DEFINITION_SHAPE ( 'NONE', 'NONE',  #619 ) ;
#1138 = CARTESIAN_POINT ( 'NONE',  ( 7.834713251144425072, 3.999999999749844104, 1.656854248896382220 ) ) ;
#1139 = CARTESIAN_POINT ( 'NONE',  ( 5.725338248999998214, 3.323417656000000608, 1.376604667000000060 ) ) ;
#1140 = CARTESIAN_POINT ( 'NONE',  ( 6.350338248999999102, -1.376604667000000060, 3.323417656000000164 ) ) ;
#1141 = CARTESIAN_POINT ( 'NONE',  ( 0.1784632490000000460, -2.350011160999999849, 2.350011160999999849 ) ) ;
#1142 = CARTESIAN_POINT ( 'NONE',  ( -0.9934117509999995654, -3.323417656000000608, 1.376604667000000060 ) ) ;
#1143 = CARTESIAN_POINT ( 'NONE',  ( 2.678463250999999712, 3.999999999999999112, -1.656854248999999779 ) ) ;
#1144 = CARTESIAN_POINT ( 'NONE',  ( 0.02221324685570423910, 3.999999999750071478, -1.656854248896476589 ) ) ;
#1145 = CARTESIAN_POINT ( 'NONE',  ( -0.8371617509999997875, 1.376604667000000060, -3.323417656000000608 ) ) ;
#1146 = FACE_BOUND ( 'NONE', #1650, .T. ) ;
#1147 = CARTESIAN_POINT ( 'NONE',  ( 0.4909632490000000460, -2.350011160999999849, -2.350011160999999849 ) ) ;
#1148 = CARTESIAN_POINT ( 'NONE',  ( 1.740963248999999990, -2.350011160999999849, -2.350011160999999849 ) ) ;
#1149 = ORIENTED_EDGE ( 'NONE', *, *, #419, .F. ) ;
#1150 = CARTESIAN_POINT ( 'NONE',  ( 2.053463248999999990, 2.350011160999999849, -2.350011160999999849 ) ) ;
#1151 = CARTESIAN_POINT ( 'NONE',  ( 0.8034632509999998229, -3.999999999999999112, 1.656854248999999779 ) ) ;
#1152 = CARTESIAN_POINT ( 'NONE',  ( -1.071536752999999731, 3.999999999999999112, 1.656854248999999779 ) ) ;
#1153 = CARTESIAN_POINT ( 'NONE',  ( 0.2565882490000001015, -1.376604667000000060, -3.323417656000000608 ) ) ;
#1154 = CARTESIAN_POINT ( 'NONE',  ( -1.305911750716742148, 1.271816887635227378, 3.070437545635415155 ) ) ;
#1155 = CARTESIAN_POINT ( 'NONE',  ( -0.7590367510000001205, -2.350011160999999849, -2.350011160999999849 ) ) ;
#1156 = CARTESIAN_POINT ( 'NONE',  ( 6.819088248999998214, -1.376604667000000060, -3.323417656000000608 ) ) ;
#1157 = ORIENTED_EDGE ( 'NONE', *, *, #1407, .F. ) ;
#1158 = CARTESIAN_POINT ( 'NONE',  ( 1.584713248999999990, -3.323417656000000164, 0.000000000000000000 ) ) ;
#1159 = FACE_OUTER_BOUND ( 'NONE', #220, .T. ) ;
#1160 = CARTESIAN_POINT ( 'NONE',  ( 1.037838250999999712, -2.828427124999999709, -2.828427124999999709 ) ) ;
#1161 = DIRECTION ( 'NONE',  ( 1.000000000000000000, -0.000000000000000000, 0.000000000000000000 ) ) ;
#1162 = ADVANCED_FACE ( 'NONE', ( #751 ), #1012, .F. ) ;
#1163 = CARTESIAN_POINT ( 'NONE',  ( -0.3684117509999999540, 1.376604667000000060, 3.323417656000000608 ) ) ;
#1164 = FILL_AREA_STYLE_COLOUR ( '', #396 ) ;
#1165 = DIRECTION ( 'NONE',  ( 0.000000000000000000, 0.000000000000000000, -1.000000000000000000 ) ) ;
#1166 = CARTESIAN_POINT ( 'NONE',  ( 6.740963248999999990, -2.350011160999999849, -2.350011160999999849 ) ) ;
#1167 = VERTEX_POINT ( 'NONE', #1434 ) ;
#1168 = CARTESIAN_POINT ( 'NONE',  ( -0.7590367510000001205, -2.350011160999999849, -2.350011160999999849 ) ) ;
#1169 = CARTESIAN_POINT ( 'NONE',  ( 9.240963248999999990, 0.000000000000000000, -4.000000000000000000 ) ) ;
#1170 = CARTESIAN_POINT ( 'NONE',  ( 1.272213250999999934, 1.656854248999999779, -3.999999999999999112 ) ) ;
#1171 = CARTESIAN_POINT ( 'NONE',  ( -0.5246617531442957505, -3.999999999750072366, 0.000000000000000000 ) ) ;
#1172 = CARTESIAN_POINT ( 'NONE',  ( 7.287838251144426849, -2.828427124823113203, -2.828427124823113203 ) ) ;
#1173 = CARTESIAN_POINT ( 'NONE',  ( 9.787838247030867578, 0.000000000000000000, -4.000000000053463900 ) ) ;
#1174 = CARTESIAN_POINT ( 'NONE',  ( -1.265303699627918554, 0.6610688802873044834, 3.323417656000000608 ) ) ;
#1175 = CARTESIAN_POINT ( 'NONE',  ( 8.537838248999999990, 3.323417656000000608, 1.376604667000000060 ) ) ;
#1176 = EDGE_LOOP ( 'NONE', ( #1732 ) ) ;
#1177 = CARTESIAN_POINT ( 'NONE',  ( 4.162838248999998214, -3.323417656000000608, -1.376604667000000060 ) ) ;
#1178 = DIRECTION ( 'NONE',  ( 0.000000000000000000, 0.000000000000000000, 1.000000000000000000 ) ) ;
#1179 = CARTESIAN_POINT ( 'NONE',  ( 8.694088251000001932, 0.000000000000000000, -4.000000000000000000 ) ) ;
#1180 = FACE_BOUND ( 'NONE', #1088, .T. ) ;
#1181 = CARTESIAN_POINT ( 'NONE',  ( 5.178463248999999990, -2.350011160999999849, -2.350011160999999849 ) ) ;
#1182 = DIRECTION ( 'NONE',  ( 0.000000000000000000, 0.000000000000000000, 1.000000000000000000 ) ) ;
#1183 = CARTESIAN_POINT ( 'NONE',  ( 7.365963248999999102, -2.350011160999999849, 2.350011160999999849 ) ) ;
#1184 = PLANE ( 'NONE',  #713 ) ;
#1185 = CARTESIAN_POINT ( 'NONE',  ( 6.037838248999999102, 3.323417656000000608, 1.376604667000000060 ) ) ;
#1186 = ADVANCED_FACE ( 'NONE', ( #762, #195 ), #215, .F. ) ;
#1187 = EDGE_LOOP ( 'NONE', ( #353 ) ) ;
#1188 = CARTESIAN_POINT ( 'NONE',  ( 5.412838248999998214, -3.323417656000000608, -1.376604667000000060 ) ) ;
#1189 = CARTESIAN_POINT ( 'NONE',  ( -1.305911749217268047, -3.070437558556111668, 1.271816855555356840 ) ) ;
#1190 = CARTESIAN_POINT ( 'NONE',  ( -0.2121617510000000095, 3.323417656000000608, 1.376604667000000060 ) ) ;
#1191 = CARTESIAN_POINT ( 'NONE',  ( 1.350338246999999825, 4.000000000000000000, 0.000000000000000000 ) ) ;
#1192 = CARTESIAN_POINT ( 'NONE',  ( 5.412838248999998214, 1.376604667000000060, -3.323417656000000608 ) ) ;
#1193 = CARTESIAN_POINT ( 'NONE',  ( 5.881588246855702806, -2.828427124823273964, -2.828427124823273964 ) ) ;
#1194 = CARTESIAN_POINT ( 'NONE',  ( 7.287838248999998214, -1.376604667000000060, 3.323417656000000164 ) ) ;
#1195 = CARTESIAN_POINT ( 'NONE',  ( -0.8371617488555725961, 2.828427124823113203, 2.828427124823113203 ) ) ;
#1196 = CARTESIAN_POINT ( 'NONE',  ( 3.303463248999999990, 2.350011160999999849, 2.350011160999999849 ) ) ;
#1197 = CARTESIAN_POINT ( 'NONE',  ( 8.381588248999999990, 3.323417656000000164, -1.376604667000000060 ) ) ;
#1198 = CARTESIAN_POINT ( 'NONE',  ( 6.037838248999999102, 3.323417656000000608, 1.376604667000000060 ) ) ;
#1199 = CARTESIAN_POINT ( 'NONE',  ( 18.69408825100000371, 0.000000000000000000, 6.500000000000000888 ) ) ;
#1200 = CARTESIAN_POINT ( 'NONE',  ( 8.147213250999998380, -1.656854248999999779, 3.999999999999999112 ) ) ;
#1201 = CARTESIAN_POINT ( 'NONE',  ( 4.162838246999998049, 0.000000000000000000, 4.000000000000000000 ) ) ;
#1202 = CARTESIAN_POINT ( 'NONE',  ( 2.444088248999999546, -3.323417656000000608, 1.376604667000000060 ) ) ;
#1203 = CARTESIAN_POINT ( 'NONE',  ( 5.647213246855702806, -3.999999999750071478, 1.656854248896476589 ) ) ;
#1204 = CARTESIAN_POINT ( 'NONE',  ( 5.256588248999999102, -1.376604667000000060, -3.323417656000000164 ) ) ;
#1205 = CARTESIAN_POINT ( 'NONE',  ( -1.149661748855572485, 2.828427124823113203, -2.828427124823113203 ) ) ;
#1206 = CARTESIAN_POINT ( 'NONE',  ( -0.4465367510000000650, 2.350011160999999849, 2.350011160999999849 ) ) ;
#1207 = CARTESIAN_POINT ( 'NONE',  ( 8.850338248999999990, -1.376604667000000060, 3.323417656000000164 ) ) ;
#1208 = CARTESIAN_POINT ( 'NONE',  ( 5.334713248999999102, -3.323417656000000164, 0.000000000000000000 ) ) ;
#1209 = DIRECTION ( 'NONE',  ( 0.000000000000000000, 0.000000000000000000, 1.000000000000000000 ) ) ;
#1210 = CARTESIAN_POINT ( 'NONE',  ( -0.1340367529999999530, 1.656854248999999779, -3.999999999999999112 ) ) ;
#1211 = CARTESIAN_POINT ( 'NONE',  ( 3.537838248999999990, -1.376604667000000060, 3.323417656000000608 ) ) ;
#1212 = CARTESIAN_POINT ( 'NONE',  ( 9.006588246855704583, 2.828427124823273964, 2.828427124823273964 ) ) ;
#1213 = CARTESIAN_POINT ( 'NONE',  ( 6.662838248999997326, 1.376604667000000060, -3.323417656000000164 ) ) ;
#1214 = CARTESIAN_POINT ( 'NONE',  ( 1.740963251144427071, 1.656854248896382220, 3.999999999749844104 ) ) ;
#1215 = CARTESIAN_POINT ( 'NONE',  ( 0.7253382490000001015, 3.323417656000000608, 1.376604667000000060 ) ) ;
#1216 = CARTESIAN_POINT ( 'NONE',  ( 6.897213248999999990, 0.000000000000000000, -3.323417656000000164 ) ) ;
#1217 = CARTESIAN_POINT ( 'NONE',  ( 7.209713248999999990, 3.323417656000000164, 0.000000000000000000 ) ) ;
#1218 = CARTESIAN_POINT ( 'NONE',  ( 3.694088247000000269, 2.828427124999999709, -2.828427124999999709 ) ) ;
#1219 = CARTESIAN_POINT ( 'NONE',  ( 4.787838248999999990, -1.376604667000000060, 3.323417656000000608 ) ) ;
#1220 = CARTESIAN_POINT ( 'NONE',  ( 7.522213246855703694, 3.999999999750071478, -1.656854248896476589 ) ) ;
#1221 = EDGE_CURVE ( 'NONE', #920, #1044, #752, .T. ) ;
#1222 = CARTESIAN_POINT ( 'NONE',  ( 7.209713248999999990, 0.000000000000000000, 3.323417656000000164 ) ) ;
#1223 = CARTESIAN_POINT ( 'NONE',  ( 0.8034632511444271818, -3.999999999749844104, 1.656854248896382220 ) ) ;
#1224 = CARTESIAN_POINT ( 'NONE',  ( 0.8034632489999998795, 2.350011160999999849, 2.350011160999999849 ) ) ;
#1225 = CARTESIAN_POINT ( 'NONE',  ( 7.600338248999997326, -1.376604667000000060, 3.323417656000000164 ) ) ;
#1226 = CARTESIAN_POINT ( 'NONE',  ( -1.305911748999998734, 3.024873827433156581, -2.597038837505340148 ) ) ;
#1227 = CARTESIAN_POINT ( 'NONE',  ( 8.225338247000001601, -4.000000000000000000, 0.000000000000000000 ) ) ;
#1228 = CARTESIAN_POINT ( 'NONE',  ( -0.2121617490000000106, -2.828427124999999709, -2.828427124999999709 ) ) ;
#1229 = CARTESIAN_POINT ( 'NONE',  ( 9.661647636542596729, -2.377652524835079273, -3.279201724426707543 ) ) ;
#1230 = CARTESIAN_POINT ( 'NONE',  ( 1.194088248999999990, -3.323417656000000164, 1.376604667000000060 ) ) ;
#1231 = CARTESIAN_POINT ( 'NONE',  ( -0.5246617510000000095, 3.323417656000000608, 1.376604667000000060 ) ) ;
#1232 = FACE_OUTER_BOUND ( 'NONE', #1631, .T. ) ;
#1233 = CARTESIAN_POINT ( 'NONE',  ( -1.305911748999999844, 3.462192077085092468, -1.812732573637765077 ) ) ;
#1234 = CARTESIAN_POINT ( 'NONE',  ( 5.022213246999997160, 3.999999999999999112, -1.656854248999999779 ) ) ;
#1235 = APPLICATION_CONTEXT ( 'automotive_design' ) ;
#1236 = CARTESIAN_POINT ( 'NONE',  ( -0.8371617489999999551, 2.828427124999999709, 2.828427124999999709 ) ) ;
#1237 = CARTESIAN_POINT ( 'NONE',  ( 2.756588246855704583, 2.828427124823273964, 2.828427124823273964 ) ) ;
#1238 = CARTESIAN_POINT ( 'NONE',  ( 4.162838248999998214, 1.376604667000000060, -3.323417656000000164 ) ) ;
#1239 = CARTESIAN_POINT ( 'NONE',  ( 2.365963251144427737, -1.656854248896382220, -3.999999999749844104 ) ) ;
#1240 = CARTESIAN_POINT ( 'NONE',  ( 6.740963248999999990, 2.350011160999999849, -2.350011160999999849 ) ) ;
#1241 = CARTESIAN_POINT ( 'NONE',  ( 3.850338248999999546, -1.376604667000000060, 3.323417656000000164 ) ) ;
#1242 = CARTESIAN_POINT ( 'NONE',  ( -0.9934117509999995654, -3.323417656000000608, 1.376604667000000060 ) ) ;
#1243 = CARTESIAN_POINT ( 'NONE',  ( -1.305911748999999400, 2.353460295694625337, 2.536781701640673514 ) ) ;
#1244 = ADVANCED_FACE ( 'NONE', ( #1180, #224 ), #1299, .F. ) ;
#1245 = CARTESIAN_POINT ( 'NONE',  ( 5.334713246999999825, 1.656854248999999779, 3.999999999999999112 ) ) ;
#1246 = CARTESIAN_POINT ( 'NONE',  ( -0.2902867490000000661, -3.999999999999999112, -1.656854248999999779 ) ) ;
#1247 = CARTESIAN_POINT ( 'NONE',  ( 3.381588246855704138, -2.828427124823273964, -2.828427124823273964 ) ) ;
#1248 = CARTESIAN_POINT ( 'NONE',  ( 2.834713248999999990, 0.000000000000000000, -3.323417656000000164 ) ) ;
#1249 = CARTESIAN_POINT ( 'NONE',  ( 2.678463251144427293, 3.999999999749844104, -1.656854248896382220 ) ) ;
#1250 = CARTESIAN_POINT ( 'NONE',  ( 7.444088248999999102, -3.323417656000000608, 1.376604667000000060 ) ) ;
#1251 = CARTESIAN_POINT ( 'NONE',  ( 2.522213248999999990, 0.000000000000000000, 3.323417656000000164 ) ) ;
#1252 = CARTESIAN_POINT ( 'NONE',  ( 2.287838249000000879, 3.323417656000000608, 1.376604667000000060 ) ) ;
#1253 = CARTESIAN_POINT ( 'NONE',  ( 8.459713249000001767, 3.323417656000000164, 0.000000000000000000 ) ) ;
#1254 = CARTESIAN_POINT ( 'NONE',  ( 9.084713246999999825, 1.656854248999999779, 3.999999999999999112 ) ) ;
#1255 = CIRCLE ( 'NONE', #1398, 2.500000000000000000 ) ;
#1256 = CARTESIAN_POINT ( 'NONE',  ( 0.1003382510000000033, 2.828427124999999709, -2.828427124999999709 ) ) ;
#1257 = CARTESIAN_POINT ( 'NONE',  ( 1.115963246855703916, 1.656854248896476589, -3.999999999750071478 ) ) ;
#1258 = CARTESIAN_POINT ( 'NONE',  ( 2.912838248999999546, 1.376604667000000060, -3.323417656000000164 ) ) ;
#1259 = CARTESIAN_POINT ( 'NONE',  ( 7.053463251144427737, -3.999999999749844104, 1.656854248896382220 ) ) ;
#1260 = CARTESIAN_POINT ( 'NONE',  ( 4.865963248999999102, -2.350011160999999849, 2.350011160999999849 ) ) ;
#1261 = CARTESIAN_POINT ( 'NONE',  ( 2.678463248999999990, -2.350011160999999849, 2.350011160999999849 ) ) ;
#1262 = CARTESIAN_POINT ( 'NONE',  ( 3.381588248999999102, 3.323417656000000608, -1.376604667000000060 ) ) ;
#1263 = CARTESIAN_POINT ( 'NONE',  ( 5.100338246999998937, 4.000000000000000000, 0.000000000000000000 ) ) ;
#1264 = CARTESIAN_POINT ( 'NONE',  ( -1.071536748999999622, 3.999999999999999112, -1.656854248999999779 ) ) ;
#1265 = CARTESIAN_POINT ( 'NONE',  ( 0.8034632468557041385, -3.999999999750071478, -1.656854248896476589 ) ) ;
#1266 = CARTESIAN_POINT ( 'NONE',  ( 2.990963248999999990, 2.350011160999999849, -2.350011160999999849 ) ) ;
#1267 = CARTESIAN_POINT ( 'NONE',  ( 6.740963251144426849, 1.656854248896382220, 3.999999999749844104 ) ) ;
#1268 = CARTESIAN_POINT ( 'NONE',  ( 7.209713248999999990, 0.000000000000000000, 3.323417656000000164 ) ) ;
#1269 = CARTESIAN_POINT ( 'NONE',  ( 4.240963248999999990, -2.350011160999999849, -2.350011160999999849 ) ) ;
#1270 = CARTESIAN_POINT ( 'NONE',  ( 0.8815882489999997684, 3.323417656000000608, -1.376604667000000060 ) ) ;
#1271 = CARTESIAN_POINT ( 'NONE',  ( -1.762652172000000572, 1.450239249000000008, -2.990302833999999521 ) ) ;
#1272 = CARTESIAN_POINT ( 'NONE',  ( 2.287838251000000600, -2.828427124999999709, -2.828427124999999709 ) ) ;
#1273 = CARTESIAN_POINT ( 'NONE',  ( 3.615963246855703694, 1.656854248896476589, -3.999999999750071478 ) ) ;
#1274 = CARTESIAN_POINT ( 'NONE',  ( 6.819088251144427737, 0.000000000000000000, 3.999999999749844992 ) ) ;
#1275 = CARTESIAN_POINT ( 'NONE',  ( 4.162838248999998214, 1.376604667000000060, -3.323417656000000608 ) ) ;
#1276 = EDGE_CURVE ( 'NONE', #1096, #1449, #1559, .T. ) ;
#1277 = CARTESIAN_POINT ( 'NONE',  ( 4.084713248999999102, -3.323417656000000164, 0.000000000000000000 ) ) ;
#1278 = CARTESIAN_POINT ( 'NONE',  ( 4.006588248999998214, -3.323417656000000608, 1.376604667000000060 ) ) ;
#1279 = CARTESIAN_POINT ( 'NONE',  ( 0.8815882489999997684, 3.323417656000000608, -1.376604667000000060 ) ) ;
#1280 = CARTESIAN_POINT ( 'NONE',  ( 2.365963251000000600, -1.656854248999999779, -3.999999999999999112 ) ) ;
#1281 = CARTESIAN_POINT ( 'NONE',  ( -0.6809117530000001750, -2.828427124999999709, 2.828427124999999709 ) ) ;
#1282 = CARTESIAN_POINT ( 'NONE',  ( -0.9934117509999995654, -1.376604667000000060, -3.323417656000000608 ) ) ;
#1283 = DIRECTION ( 'NONE',  ( 1.000000000000000000, 6.938893903907229364E-16, -0.000000000000000000 ) ) ;
#1284 = CARTESIAN_POINT ( 'NONE',  ( -1.305911748999987410, -3.477694771418849307, -0.3171694888507843868 ) ) ;
#1285 = CARTESIAN_POINT ( 'NONE',  ( 3.147213249000000435, 0.000000000000000000, -3.323417656000000164 ) ) ;
#1286 = CARTESIAN_POINT ( 'NONE',  ( 2.131588249000000435, 3.323417656000000608, -1.376604667000000060 ) ) ;
#1287 = CARTESIAN_POINT ( 'NONE',  ( 4.787838250999999268, -2.828427124999999709, -2.828427124999999709 ) ) ;
#1288 = CARTESIAN_POINT ( 'NONE',  ( -1.305911752999999731, 2.828427124999999709, -2.828427124999999709 ) ) ;
#1289 = CARTESIAN_POINT ( 'NONE',  ( -0.7590367510000001205, 2.350011160999999849, -2.350011160999999849 ) ) ;
#1290 =( NAMED_UNIT ( * ) SI_UNIT ( $, .STERADIAN. ) SOLID_ANGLE_UNIT ( ) );
#1291 = CARTESIAN_POINT ( 'NONE',  ( 0.4128382489999999905, -3.323417656000000164, -1.376604667000000060 ) ) ;
#1292 = CARTESIAN_POINT ( 'NONE',  ( -1.540286751000000010, 0.000000000000000000, 3.323417656000000164 ) ) ;
#1293 = ORIENTED_EDGE ( 'NONE', *, *, #848, .T. ) ;
#1294 = CIRCLE ( 'NONE', #1357, 4.500000000000050626 ) ;
#1295 = CARTESIAN_POINT ( 'NONE',  ( 0.3347132490000000460, -3.323417656000000164, 0.000000000000000000 ) ) ;
#1296 = ADVANCED_FACE ( 'NONE', ( #875 ), #1468, .T. ) ;
#1297 = CARTESIAN_POINT ( 'NONE',  ( 0.1003382489999999905, -3.323417656000000164, -1.376604667000000060 ) ) ;
#1298 = CARTESIAN_POINT ( 'NONE',  ( 2.053463251000000156, -3.999999999999999112, 1.656854248999999779 ) ) ;
#1299 = PLANE ( 'NONE',  #207 ) ;
#1300 = LINE ( 'NONE', #773, #626 ) ;
#1301 = CARTESIAN_POINT ( 'NONE',  ( 8.694088248999999990, -3.323417656000000608, 1.376604667000000060 ) ) ;
#1302 = CARTESIAN_POINT ( 'NONE',  ( -1.305911748999999844, -3.533225410999999649, 3.387390322000000342 ) ) ;
#1303 = CARTESIAN_POINT ( 'NONE',  ( 5.959713249000000879, 3.323417656000000164, 0.000000000000000000 ) ) ;
#1304 = ORIENTED_EDGE ( 'NONE', *, *, #1484, .F. ) ;
#1305 = CARTESIAN_POINT ( 'NONE',  ( 1.428463248999999768, -2.350011160999999849, 2.350011160999999849 ) ) ;
#1306 = CARTESIAN_POINT ( 'NONE',  ( -0.6809117510000002316, 3.323417656000000164, -1.376604667000000060 ) ) ;
#1307 = CARTESIAN_POINT ( 'NONE',  ( 0.8815882510000000449, -4.000000000000000000, 0.000000000000000000 ) ) ;
#1308 = CARTESIAN_POINT ( 'NONE',  ( 19.69408825100000371, -6.436460028000001721, -6.436460028000001721 ) ) ;
#1309 = CARTESIAN_POINT ( 'NONE',  ( 0.6472132489999999905, 3.323417656000000164, 0.000000000000000000 ) ) ;
#1310 = CARTESIAN_POINT ( 'NONE',  ( -1.305911749217268047, -3.070437558556111668, 1.271816855555356840 ) ) ;
#1311 = CARTESIAN_POINT ( 'NONE',  ( 4.944088248999999102, 1.376604667000000060, 3.323417656000000608 ) ) ;
#1312 = EDGE_LOOP ( 'NONE', ( #123, #966, #266, #1740 ) ) ;
#1313 = CARTESIAN_POINT ( 'NONE',  ( 4.240963248999999990, -2.350011160999999849, -2.350011160999999849 ) ) ;
#1314 = CARTESIAN_POINT ( 'NONE',  ( -0.2902867510000001205, 0.000000000000000000, 3.323417656000000164 ) ) ;
#1315 = CARTESIAN_POINT ( 'NONE',  ( -0.6027867510000000095, 0.000000000000000000, -3.323417656000000164 ) ) ;
#1316 = CARTESIAN_POINT ( 'NONE',  ( -0.1340367531442957227, 1.656854248896476589, -3.999999999750071478 ) ) ;
#1317 = CARTESIAN_POINT ( 'NONE',  ( 1.350338248999999768, -3.323417656000000608, -1.376604667000000060 ) ) ;
#1318 = CARTESIAN_POINT ( 'NONE',  ( 8.850338248999999990, -3.323417656000000164, -1.376604667000000060 ) ) ;
#1319 = CARTESIAN_POINT ( 'NONE',  ( -0.2902867510000001205, 3.323417656000000164, 0.000000000000000000 ) ) ;
#1320 = CARTESIAN_POINT ( 'NONE',  ( 7.287838248999998214, 3.323417656000000608, 1.376604667000000060 ) ) ;
#1321 = CARTESIAN_POINT ( 'NONE',  ( 3.928463249000000435, -2.350011160999999849, 2.350011160999999849 ) ) ;
#1322 = CARTESIAN_POINT ( 'NONE',  ( -0.8371617510000000095, 1.376604667000000060, -3.323417656000000164 ) ) ;
#1323 = CARTESIAN_POINT ( 'NONE',  ( -0.4465367510000000650, 2.350011160999999849, -2.350011160999999849 ) ) ;
#1324 = CARTESIAN_POINT ( 'NONE',  ( 1.975338246999999603, -4.000000000000000000, 0.000000000000000000 ) ) ;
#1325 = AXIS2_PLACEMENT_3D ( 'NONE', #1575, #825, #547 ) ;
#1326 = CARTESIAN_POINT ( 'NONE',  ( 3.772213249000000435, -3.323417656000000164, 0.000000000000000000 ) ) ;
#1327 = CARTESIAN_POINT ( 'NONE',  ( 7.444088246855702806, 2.828427124823273964, -2.828427124823273964 ) ) ;
#1328 = CARTESIAN_POINT ( 'NONE',  ( 5.647213248999999102, 3.323417656000000164, 0.000000000000000000 ) ) ;
#1329 = CARTESIAN_POINT ( 'NONE',  ( -0.7590367488555727071, 1.656854248896382220, 3.999999999749844104 ) ) ;
#1330 = CARTESIAN_POINT ( 'NONE',  ( 5.100338248999999102, -1.376604667000000060, 3.323417656000000608 ) ) ;
#1331 = EDGE_LOOP ( 'NONE', ( #1582, #1304, #1149, #909, #84 ) ) ;
#1332 = CARTESIAN_POINT ( 'NONE',  ( 3.850338248999999546, -1.376604667000000060, 3.323417656000000608 ) ) ;
#1333 = VERTEX_POINT ( 'NONE', #654 ) ;
#1334 = CARTESIAN_POINT ( 'NONE',  ( 8.303463251000001932, -3.999999999999999112, 1.656854248999999779 ) ) ;
#1335 = CARTESIAN_POINT ( 'NONE',  ( 4.709713246999998937, -1.656854248999999779, -3.999999999999999112 ) ) ;
#1336 = CARTESIAN_POINT ( 'NONE',  ( 2.990963248999999990, 2.350011160999999849, -2.350011160999999849 ) ) ;
#1337 = CARTESIAN_POINT ( 'NONE',  ( 6.428463246855703694, 3.999999999750071478, 1.656854248896476589 ) ) ;
#1338 = CARTESIAN_POINT ( 'NONE',  ( 5.490963248999999990, 2.350011160999999849, -2.350011160999999849 ) ) ;
#1339 = CARTESIAN_POINT ( 'NONE',  ( 1.584713251144427293, 3.999999999749844104, 1.656854248896382220 ) ) ;
#1340 = CARTESIAN_POINT ( 'NONE',  ( -1.227786750999999787, -3.323417656000000164, 0.000000000000000000 ) ) ;
#1341 = AXIS2_PLACEMENT_3D ( 'NONE', #486, #504, #765 ) ;
#1342 = CARTESIAN_POINT ( 'NONE',  ( 7.522213248999999102, 0.000000000000000000, 3.323417656000000164 ) ) ;
#1343 = CARTESIAN_POINT ( 'NONE',  ( 5.178463248999999990, -2.350011160999999849, 2.350011160999999849 ) ) ;
#1344 = CARTESIAN_POINT ( 'NONE',  ( 6.428463250999999268, 3.999999999999999112, -1.656854248999999779 ) ) ;
#1345 = CARTESIAN_POINT ( 'NONE',  ( 2.990963247000000269, -1.656854248999999779, 3.999999999999999112 ) ) ;
#1346 = CARTESIAN_POINT ( 'NONE',  ( 5.647213248999999102, 3.323417656000000164, 0.000000000000000000 ) ) ;
#1347 = CARTESIAN_POINT ( 'NONE',  ( 7.756588248999998214, -1.376604667000000060, -3.323417656000000164 ) ) ;
#1348 = CARTESIAN_POINT ( 'NONE',  ( -0.6809117488555729292, 0.000000000000000000, 3.999999999749844992 ) ) ;
#1349 = CARTESIAN_POINT ( 'NONE',  ( -0.9152867509999998985, 0.000000000000000000, -3.323417656000000164 ) ) ;
#1350 = EDGE_LOOP ( 'NONE', ( #747 ) ) ;
#1351 = CARTESIAN_POINT ( 'NONE',  ( 6.740963248999999990, -2.350011160999999849, -2.350011160999999849 ) ) ;
#1352 = CARTESIAN_POINT ( 'NONE',  ( -1.071536750999999787, -2.350011160999999849, 2.350011160999999849 ) ) ;
#1353 = CARTESIAN_POINT ( 'NONE',  ( 1.662838246999999825, 0.000000000000000000, 4.000000000000000000 ) ) ;
#1354 = EDGE_CURVE ( 'NONE', #1449, #488, #985, .T. ) ;
#1355 = CARTESIAN_POINT ( 'NONE',  ( 4.631588248999999102, 1.376604667000000060, 3.323417656000000608 ) ) ;
#1356 = CARTESIAN_POINT ( 'NONE',  ( 6.975338246855703694, -3.999999999750072366, 0.000000000000000000 ) ) ;
#1357 = AXIS2_PLACEMENT_3D ( 'NONE', #737, #1283, #55 ) ;
#1358 = CARTESIAN_POINT ( 'NONE',  ( 8.537838248999998214, -1.376604667000000060, 3.323417656000000164 ) ) ;
#1359 = CARTESIAN_POINT ( 'NONE',  ( -1.305911748999998956, -1.954688088069077567, -3.288774838623033769 ) ) ;
#1360 = CARTESIAN_POINT ( 'NONE',  ( -1.071536750999999787, -2.350011160999999849, -2.350011160999999849 ) ) ;
#1361 = ORIENTED_EDGE ( 'NONE', *, *, #135, .F. ) ;
#1362 = CARTESIAN_POINT ( 'NONE',  ( -1.305911748999998290, 3.320379632239750745, 1.395306981955694248 ) ) ;
#1363 = CARTESIAN_POINT ( 'NONE',  ( 3.772213246999999825, 3.999999999999999112, -1.656854248999999779 ) ) ;
#1364 = CARTESIAN_POINT ( 'NONE',  ( 3.069088248999999546, 3.323417656000000608, -1.376604667000000060 ) ) ;
#1365 = CARTESIAN_POINT ( 'NONE',  ( 6.194088246855701918, 2.828427124823273964, -2.828427124823273964 ) ) ;
#1366 = CARTESIAN_POINT ( 'NONE',  ( 1.428463248999999768, -2.350011160999999849, -2.350011160999999849 ) ) ;
#1367 = CARTESIAN_POINT ( 'NONE',  ( 2.287838251144428181, -2.828427124823113203, -2.828427124823113203 ) ) ;
#1368 = CARTESIAN_POINT ( 'NONE',  ( 1.662838248999999990, 1.376604667000000060, -3.323417656000000608 ) ) ;
#1369 = CARTESIAN_POINT ( 'NONE',  ( -0.6771617490000000350, 0.000000000000000000, 0.000000000000000000 ) ) ;
#1370 = CARTESIAN_POINT ( 'NONE',  ( 9.240963248999998214, -2.350011160999999849, -2.350011160999999849 ) ) ;
#1371 = CARTESIAN_POINT ( 'NONE',  ( 5.569088246999998937, -2.828427124999999709, 2.828427124999999709 ) ) ;
#1372 = CARTESIAN_POINT ( 'NONE',  ( -1.688066483999999923, -4.000000000000000000, 1.477219107000000031 ) ) ;
#1373 = CARTESIAN_POINT ( 'NONE',  ( 0.3347132468557041940, 1.656854248896476589, 3.999999999750071478 ) ) ;
#1374 = CARTESIAN_POINT ( 'NONE',  ( 4.787838248999999102, -1.376604667000000060, 3.323417656000000164 ) ) ;
#1375 = CARTESIAN_POINT ( 'NONE',  ( 2.834713251144426849, 3.999999999749844104, 1.656854248896382220 ) ) ;
#1376 = CARTESIAN_POINT ( 'NONE',  ( 1.975338248999999990, 3.323417656000000608, 1.376604667000000060 ) ) ;
#1377 = EDGE_CURVE ( 'NONE', #1167, #1711, #1719, .T. ) ;
#1378 = CARTESIAN_POINT ( 'NONE',  ( 6.428463248999999990, -2.350011160999999849, 2.350011160999999849 ) ) ;
#1379 = CARTESIAN_POINT ( 'NONE',  ( 8.225338248999999990, 1.376604667000000060, -3.323417656000000608 ) ) ;
#1380 = CARTESIAN_POINT ( 'NONE',  ( 9.397213247000001601, -3.999999999999999112, 1.656854248999999779 ) ) ;
#1381 = CARTESIAN_POINT ( 'NONE',  ( 8.225338248999999990, 3.323417656000000608, 1.376604667000000060 ) ) ;
#1382 = CARTESIAN_POINT ( 'NONE',  ( 4.631588246855703694, -2.828427124823273964, -2.828427124823273964 ) ) ;
#1383 = CARTESIAN_POINT ( 'NONE',  ( 2.756588249000000435, -1.376604667000000060, -3.323417656000000164 ) ) ;
#1384 = CIRCLE ( 'NONE', #1439, 6.999999999999968914 ) ;
#1385 = CARTESIAN_POINT ( 'NONE',  ( 5.881588251144427737, -3.999999999749844992, 0.000000000000000000 ) ) ;
#1386 = CARTESIAN_POINT ( 'NONE',  ( 7.287838248999998214, -1.376604667000000060, 3.323417656000000608 ) ) ;
#1387 = CARTESIAN_POINT ( 'NONE',  ( 4.319088248999999102, -1.376604667000000060, -3.323417656000000164 ) ) ;
#1388 = CARTESIAN_POINT ( 'NONE',  ( 2.053463248999999990, 2.350011160999999849, -2.350011160999999849 ) ) ;
#1389 = CARTESIAN_POINT ( 'NONE',  ( -1.305911748999999844, 3.190494186934614618, -2.347372083113229202 ) ) ;
#1390 = CARTESIAN_POINT ( 'NONE',  ( 8.459713247000001601, -1.656854248999999779, -3.999999999999999112 ) ) ;
#1391 = CARTESIAN_POINT ( 'NONE',  ( 8.459713249000001767, 0.000000000000000000, 3.323417656000000164 ) ) ;
#1392 = CARTESIAN_POINT ( 'NONE',  ( 2.990963246855704138, -1.656854248896476589, 3.999999999750071478 ) ) ;
#1393 = CARTESIAN_POINT ( 'NONE',  ( 3.459713251144427293, -3.999999999749844104, -1.656854248896382220 ) ) ;
#1394 = CARTESIAN_POINT ( 'NONE',  ( 6.662838248999998214, 1.376604667000000060, -3.323417656000000608 ) ) ;
#1395 = CARTESIAN_POINT ( 'NONE',  ( 4.006588248999999102, -3.323417656000000164, 1.376604667000000060 ) ) ;
#1396 = CARTESIAN_POINT ( 'NONE',  ( -0.05591175100000000259, 1.376604667000000060, 3.323417656000000608 ) ) ;
#1397 = CARTESIAN_POINT ( 'NONE',  ( 9.787838246999999825, 0.000000000000000000, -4.000000000000000000 ) ) ;
#1398 = AXIS2_PLACEMENT_3D ( 'NONE', #1015, #879, #56 ) ;
#1399 = CARTESIAN_POINT ( 'NONE',  ( 8.147213248999998214, 3.323417656000000164, 0.000000000000000000 ) ) ;
#1400 = CARTESIAN_POINT ( 'NONE',  ( 0.9597132468557042495, -1.656854248896476589, -3.999999999750071478 ) ) ;
#1401 = CARTESIAN_POINT ( 'NONE',  ( 3.459713248999999990, 0.000000000000000000, 3.323417656000000164 ) ) ;
#1402 = CARTESIAN_POINT ( 'NONE',  ( 5.100338251144426849, 2.828427124823113203, -2.828427124823113203 ) ) ;
#1403 = CARTESIAN_POINT ( 'NONE',  ( 8.147213248999998214, 3.323417656000000164, 0.000000000000000000 ) ) ;
#1404 = CARTESIAN_POINT ( 'NONE',  ( 4.162838248999998214, -3.323417656000000164, -1.376604667000000060 ) ) ;
#1405 = CARTESIAN_POINT ( 'NONE',  ( 4.553463248999999990, 2.350011160999999849, -2.350011160999999849 ) ) ;
#1406 = CARTESIAN_POINT ( 'NONE',  ( 8.147213246999998049, -3.999999999999999112, 1.656854248999999779 ) ) ;
#1407 = EDGE_CURVE ( 'NONE', #202, #202, #1448, .T. ) ;
#1408 = CARTESIAN_POINT ( 'NONE',  ( 4.553463251000000156, -3.999999999999999112, 1.656854248999999779 ) ) ;
#1409 = CARTESIAN_POINT ( 'NONE',  ( 3.069088246855705027, -2.828427124823273964, 2.828427124823273964 ) ) ;
#1410 = CARTESIAN_POINT ( 'NONE',  ( 3.381588251144427293, -3.999999999749844992, 0.000000000000000000 ) ) ;
#1411 = CARTESIAN_POINT ( 'NONE',  ( 5.022213248999999990, -3.323417656000000164, 0.000000000000000000 ) ) ;
#1412 =( BOUNDED_SURFACE ( )  B_SPLINE_SURFACE ( 1, 2, ( 
 ( #1459, #231, #259, #810, #1352, #1242, #636, #1106, #1659, #770, #1315, #780, #1323, #87, #645, #1190, #1695, #1396, #839, #1116, #1141, #984, #1669, #321, #591, #329, #445, #1133, #1520, #1270, #872, #460, #1687, #178, #1421, #847, #185, #453, #1009, #192, #1148, #1530, #706, #724, #1388, #1548, #169, #1252, #36, #864, #159, #1555, #294, #304, #740, #1413, #856, #715, #1285, #57, #426, #1262, #26, #42, #572, #731, #581, #435, #1125, #1278, #1679, #604, #994, #1540, #975, #50, #1405, #313, #1002, #598, #1053, #1311, #209, #1330, #766, #746, #372, #352, #1437, #642, #198, #93, #1034, #343, #1303, #1185, #496, #1739, #888, #505, #1601, #1465, #756, #918, #1166, #1156, #1572, #237, #898, #477, #74, #1320, #908, #83, #623, #487, #1456, #1721, #1447, #103, #1581, #219, #1043, #632, #1590, #362, #613, #1175, #786, #1710, #1731, #651, #227, #1702, #467, #1016, #1564, #776, #335 ),
 ( #880, #1429, #1292, #66, #1025, #795, #1340, #1501, #1360, #806, #1349, #930, #138, #1087, #552, #1231, #1206, #113, #965, #7, #129, #686, #390, #1611, #661, #1095, #1760, #525, #1639, #678, #1649, #1215, #1224, #515, #265, #415, #1510, #1780, #949, #283, #1622, #957, #544, #1368, #939, #831, #670, #1376, #256, #407, #536, #1073, #1483, #275, #381, #1064, #247, #1475, #122, #1771, #1080, #822, #1630, #147, #1196, #1749, #399, #1493, #815, #1685, #569, #729, #424, #1419, #1537, #1275, #433, #319, #694, #973, #1677, #1000, #157, #34, #1260, #862, #1411, #48, #41, #579, #291, #451, #596, #1693, #704, #1139, #24, #1114, #712, #1657, #1123, #837, #1131, #443, #992, #1667, #311, #1394, #1240, #458, #588, #1007, #183, #1546, #1268, #1386, #1553, #1250, #167, #982, #15, #854, #1518, #1528, #302, #845, #1403, #1104, #326, #176, #870, #722, #560, #1301, #341, #190, #906, #886, #877 ) ),
 .UNSPECIFIED., .F., .F., .F. ) 
 B_SPLINE_SURFACE_WITH_KNOTS ( ( 2, 2 ),
 ( 3, 2, 2, 2, 2, 2, 2, 2, 2, 2, 2, 2, 2, 2, 2, 2, 2, 2, 2, 2, 2, 2, 2, 2, 2, 2, 2, 2, 2, 2, 2, 2, 2, 2, 2, 2, 2, 2, 2, 2, 2, 2, 2, 2, 2, 2, 2, 2, 2, 2, 2, 2, 2, 2, 2, 2, 2, 2, 2, 2, 2, 2, 2, 2, 2, 2, 2, 2, 2, 3 ),
 ( 0.000000000000000000, 1.000000000000000000 ),
 ( 0.04290277792461121009, 0.05555555555555560798, 0.06944444444444441977, 0.08333333333333331483, 0.09722222222222225152, 0.1111111111111110217, 0.1250000000000000000, 0.1388888888888890061, 0.1527777777777780122, 0.1666666666666670182, 0.1805555555555559966, 0.1944444444444440867, 0.2083333333333330373, 0.2222222222222220434, 0.2361111111111110217, 0.2500000000000000000, 0.2638888888888891171, 0.2777777777777780677, 0.2916666666666670737, 0.3055555555555560243, 0.3194444444444440867, 0.3333333333333330373, 0.3472222222222220989, 0.3611111111111109939, 0.3750000000000000555, 0.3888888888888891726, 0.4027777777777780677, 0.4166666666666670737, 0.4305555555555560243, 0.4444444444444440867, 0.4583333333333329818, 0.4722222222222220434, 0.4861111111111109939, 0.5000000000000000000, 0.5138888888888890616, 0.5277777777777780122, 0.5416666666666669627, 0.5555555555555560243, 0.5694444444444440867, 0.5833333333333330373, 0.5972222222222219878, 0.6111111111111110494, 0.6250000000000001110, 0.6388888888888891726, 0.6527777777777781232, 0.6666666666666670737, 0.6805555555555561353, 0.6944444444444441977, 0.7083333333333330373, 0.7222222222222219878, 0.7361111111111110494, 0.7500000000000001110, 0.7638888888888891726, 0.7777777777777780122, 0.7916666666666669627, 0.8055555555555560243, 0.8194444444444440867, 0.8333333333333330373, 0.8472222222222219878, 0.8611111111111110494, 0.8750000000000001110, 0.8888888888888891726, 0.9027777777777780122, 0.9166666666666669627, 0.9305555555555560243, 0.9444444444444440867, 0.9583333333333330373, 0.9722222222222218768, 0.9861111111111109384, 1.000000000000000000 ),
 .UNSPECIFIED. ) 
 GEOMETRIC_REPRESENTATION_ITEM ( )  RATIONAL_B_SPLINE_SURFACE ( (
 ( 0.9876564559099628715, 0.9306542549225280681, 1.000000000000000000, 0.9238795325112871826, 1.000000000000000000, 0.9238795325112871826, 1.000000000000000000, 0.9238795325112871826, 1.000000000000000000, 0.9238795325112871826, 1.000000000000000000, 0.9238795325112871826, 1.000000000000000000, 0.9238795325112871826, 1.000000000000000000, 0.9238795325112871826, 1.000000000000000000, 0.9238795325112871826, 1.000000000000000000, 0.9238795325112871826, 1.000000000000000000, 0.9238795325112871826, 1.000000000000000000, 0.9238795325112871826, 1.000000000000000000, 0.9238795325112871826, 1.000000000000000000, 0.9238795325112871826, 1.000000000000000000, 0.9238795325112871826, 1.000000000000000000, 0.9238795325112871826, 1.000000000000000000, 0.9238795325112871826, 1.000000000000000000, 0.9238795325112871826, 1.000000000000000000, 0.9238795325112871826, 1.000000000000000000, 0.9238795325112871826, 1.000000000000000000, 0.9238795325112871826, 1.000000000000000000, 0.9238795325112871826, 1.000000000000000000, 0.9238795325112871826, 1.000000000000000000, 0.9238795325112871826, 1.000000000000000000, 0.9238795325112871826, 1.000000000000000000, 0.9238795325112871826, 1.000000000000000000, 0.9238795325112871826, 1.000000000000000000, 0.9238795325112871826, 1.000000000000000000, 0.9238795325112871826, 1.000000000000000000, 0.9238795325112871826, 1.000000000000000000, 0.9238795325112871826, 1.000000000000000000, 0.9238795325112871826, 1.000000000000000000, 0.9238795325112871826, 1.000000000000000000, 0.9238795325112871826, 1.000000000000000000, 0.9238795325112871826, 1.000000000000000000, 0.9238795325112871826, 1.000000000000000000, 0.9238795325112871826, 1.000000000000000000, 0.9238795325112871826, 1.000000000000000000, 0.9238795325112871826, 1.000000000000000000, 0.9238795325112871826, 1.000000000000000000, 0.9238795325112871826, 1.000000000000000000, 0.9238795325112871826, 1.000000000000000000, 0.9238795325112871826, 1.000000000000000000, 0.9238795325112871826, 1.000000000000000000, 0.9238795325112871826, 1.000000000000000000, 0.9238795325112871826, 1.000000000000000000, 0.9238795325112871826, 1.000000000000000000, 0.9238795325112871826, 1.000000000000000000, 0.9238795325112871826, 1.000000000000000000, 0.9238795325112871826, 1.000000000000000000, 0.9238795325112871826, 1.000000000000000000, 0.9238795325112871826, 1.000000000000000000, 0.9238795325112871826, 1.000000000000000000, 0.9238795325112871826, 1.000000000000000000, 0.9238795325112871826, 1.000000000000000000, 0.9238795325112871826, 1.000000000000000000, 0.9238795325112871826, 1.000000000000000000, 0.9238795325112871826, 1.000000000000000000, 0.9238795325112871826, 1.000000000000000000, 0.9238795325112871826, 1.000000000000000000, 0.9238795325112871826, 1.000000000000000000, 0.9238795325112871826, 1.000000000000000000, 0.9238795325112871826, 1.000000000000000000, 0.9238795325112871826, 1.000000000000000000, 0.9238795325112871826, 1.000000000000000000, 0.9238795325112871826, 1.000000000000000000, 0.9238795325112871826, 1.000000000000000000, 0.9238795325112871826, 1.000000000000000000, 0.9238795325112871826, 1.000000000000000000),
 ( 0.9876564559099628715, 0.9306542549225280681, 1.000000000000000000, 0.9238795325112871826, 1.000000000000000000, 0.9238795325112871826, 1.000000000000000000, 0.9238795325112871826, 1.000000000000000000, 0.9238795325112871826, 1.000000000000000000, 0.9238795325112871826, 1.000000000000000000, 0.9238795325112871826, 1.000000000000000000, 0.9238795325112871826, 1.000000000000000000, 0.9238795325112871826, 1.000000000000000000, 0.9238795325112871826, 1.000000000000000000, 0.9238795325112871826, 1.000000000000000000, 0.9238795325112871826, 1.000000000000000000, 0.9238795325112871826, 1.000000000000000000, 0.9238795325112871826, 1.000000000000000000, 0.9238795325112871826, 1.000000000000000000, 0.9238795325112871826, 1.000000000000000000, 0.9238795325112871826, 1.000000000000000000, 0.9238795325112871826, 1.000000000000000000, 0.9238795325112871826, 1.000000000000000000, 0.9238795325112871826, 1.000000000000000000, 0.9238795325112871826, 1.000000000000000000, 0.9238795325112871826, 1.000000000000000000, 0.9238795325112871826, 1.000000000000000000, 0.9238795325112871826, 1.000000000000000000, 0.9238795325112871826, 1.000000000000000000, 0.9238795325112871826, 1.000000000000000000, 0.9238795325112871826, 1.000000000000000000, 0.9238795325112871826, 1.000000000000000000, 0.9238795325112871826, 1.000000000000000000, 0.9238795325112871826, 1.000000000000000000, 0.9238795325112871826, 1.000000000000000000, 0.9238795325112871826, 1.000000000000000000, 0.9238795325112871826, 1.000000000000000000, 0.9238795325112871826, 1.000000000000000000, 0.9238795325112871826, 1.000000000000000000, 0.9238795325112871826, 1.000000000000000000, 0.9238795325112871826, 1.000000000000000000, 0.9238795325112871826, 1.000000000000000000, 0.9238795325112871826, 1.000000000000000000, 0.9238795325112871826, 1.000000000000000000, 0.9238795325112871826, 1.000000000000000000, 0.9238795325112871826, 1.000000000000000000, 0.9238795325112871826, 1.000000000000000000, 0.9238795325112871826, 1.000000000000000000, 0.9238795325112871826, 1.000000000000000000, 0.9238795325112871826, 1.000000000000000000, 0.9238795325112871826, 1.000000000000000000, 0.9238795325112871826, 1.000000000000000000, 0.9238795325112871826, 1.000000000000000000, 0.9238795325112871826, 1.000000000000000000, 0.9238795325112871826, 1.000000000000000000, 0.9238795325112871826, 1.000000000000000000, 0.9238795325112871826, 1.000000000000000000, 0.9238795325112871826, 1.000000000000000000, 0.9238795325112871826, 1.000000000000000000, 0.9238795325112871826, 1.000000000000000000, 0.9238795325112871826, 1.000000000000000000, 0.9238795325112871826, 1.000000000000000000, 0.9238795325112871826, 1.000000000000000000, 0.9238795325112871826, 1.000000000000000000, 0.9238795325112871826, 1.000000000000000000, 0.9238795325112871826, 1.000000000000000000, 0.9238795325112871826, 1.000000000000000000, 0.9238795325112871826, 1.000000000000000000, 0.9238795325112871826, 1.000000000000000000, 0.9238795325112871826, 1.000000000000000000, 0.9238795325112871826, 1.000000000000000000, 0.9238795325112871826, 1.000000000000000000, 0.9238795325112871826, 1.000000000000000000) ) ) 
 REPRESENTATION_ITEM ( '' )  SURFACE ( )  );
#1413 = CARTESIAN_POINT ( 'NONE',  ( 2.912838248999999546, -3.323417656000000608, -1.376604667000000060 ) ) ;
#1414 = AXIS2_PLACEMENT_3D ( 'NONE', #922, #1469, #1713 ) ;
#1415 = CARTESIAN_POINT ( 'NONE',  ( 0.7253382490000001015, 1.376604667000000060, -3.323417656000000608 ) ) ;
#1416 = CARTESIAN_POINT ( 'NONE',  ( 5.725338250999999268, -2.828427124999999709, 2.828427124999999709 ) ) ;
#1417 = CARTESIAN_POINT ( 'NONE',  ( -0.8371617530000000640, 0.000000000000000000, 4.000000000000000000 ) ) ;
#1418 = CARTESIAN_POINT ( 'NONE',  ( 7.912838251144425072, 2.828427124823113203, 2.828427124823113203 ) ) ;
#1419 = CARTESIAN_POINT ( 'NONE',  ( 4.006588248999998214, -1.376604667000000060, -3.323417656000000608 ) ) ;
#1420 = CARTESIAN_POINT ( 'NONE',  ( -1.305911748999992072, -3.446862212342288956, 0.1329347187364434413 ) ) ;
#1421 = CARTESIAN_POINT ( 'NONE',  ( 1.272213248999999990, 0.000000000000000000, 3.323417656000000164 ) ) ;
#1422 = CARTESIAN_POINT ( 'NONE',  ( 2.990963248999999990, -2.350011160999999849, -2.350011160999999849 ) ) ;
#1423 = CARTESIAN_POINT ( 'NONE',  ( 4.631588250999999268, -4.000000000000000000, 0.000000000000000000 ) ) ;
#1424 = CARTESIAN_POINT ( 'NONE',  ( 0.2565882468557043050, 2.828427124823273964, 2.828427124823273964 ) ) ;
#1425 = CIRCLE ( 'NONE', #1023, 6.500000000000000888 ) ;
#1426 = CARTESIAN_POINT ( 'NONE',  ( -0.6809117510000001205, 3.323417656000000608, -1.376604667000000060 ) ) ;
#1427 = SURFACE_STYLE_USAGE ( .BOTH. , #359 ) ;
#1428 = ADVANCED_FACE ( 'NONE', ( #1521, #427 ), #761, .T. ) ;
#1429 = CARTESIAN_POINT ( 'NONE',  ( -1.610940528000000427, 1.244957678000000012, 3.323417656000000164 ) ) ;
#1430 = ORIENTED_EDGE ( 'NONE', *, *, #589, .F. ) ;
#1431 = CARTESIAN_POINT ( 'NONE',  ( -1.305911750999999787, 1.376604667000000060, 3.323417656000000608 ) ) ;
#1432 = VERTEX_POINT ( 'NONE', #1584 ) ;
#1433 = CARTESIAN_POINT ( 'NONE',  ( 5.100338250999999268, 2.828427124999999709, -2.828427124999999709 ) ) ;
#1434 = CARTESIAN_POINT ( 'NONE',  ( -1.305911749930623644, 2.828427161130556478, -2.828427090630018625 ) ) ;
#1435 = CARTESIAN_POINT ( 'NONE',  ( 1.115963248999999768, -2.350011160999999849, 2.350011160999999849 ) ) ;
#1436 = CARTESIAN_POINT ( 'NONE',  ( 0.1003382489999999905, -1.376604667000000060, 3.323417656000000164 ) ) ;
#1437 = CARTESIAN_POINT ( 'NONE',  ( 5.490963248999999990, -2.350011160999999849, -2.350011160999999849 ) ) ;
#1438 = ORIENTED_EDGE ( 'NONE', *, *, #1755, .T. ) ;
#1439 = AXIS2_PLACEMENT_3D ( 'NONE', #1050, #369, #915 ) ;
#1440 = CARTESIAN_POINT ( 'NONE',  ( -0.9152867509999998985, -3.323417656000000164, 0.000000000000000000 ) ) ;
#1441 = CARTESIAN_POINT ( 'NONE',  ( 0.3347132490000000460, 0.000000000000000000, -3.323417656000000164 ) ) ;
#1442 = CARTESIAN_POINT ( 'NONE',  ( 4.240963251000001044, 1.656854248999999779, 3.999999999999999112 ) ) ;
#1443 = CARTESIAN_POINT ( 'NONE',  ( 8.694088251000001932, 0.000000000000000000, -4.000000000000000000 ) ) ;
#1444 = CARTESIAN_POINT ( 'NONE',  ( 0.9597132489999999905, 0.000000000000000000, 3.323417656000000164 ) ) ;
#1445 = CARTESIAN_POINT ( 'NONE',  ( 9.694088251000000156, 0.000000000000000000, 0.000000000000000000 ) ) ;
#1446 = FACE_BOUND ( 'NONE', #777, .T. ) ;
#1447 = CARTESIAN_POINT ( 'NONE',  ( 7.834713248999999102, -3.323417656000000164, 0.000000000000000000 ) ) ;
#1448 = CIRCLE ( 'NONE', #360, 2.500000000000000000 ) ;
#1449 = VERTEX_POINT ( 'NONE', #295 ) ;
#1450 = CARTESIAN_POINT ( 'NONE',  ( 1.272213248999999990, 0.000000000000000000, 3.323417656000000164 ) ) ;
#1451 = CARTESIAN_POINT ( 'NONE',  ( 7.912838250999998380, 2.828427124999999709, 2.828427124999999709 ) ) ;
#1452 = CARTESIAN_POINT ( 'NONE',  ( -0.9152867529999998419, 1.656854248999999779, 3.999999999999999112 ) ) ;
#1453 = CARTESIAN_POINT ( 'NONE',  ( -0.2902867510000001205, 0.000000000000000000, 3.323417656000000164 ) ) ;
#1454 = DIRECTION ( 'NONE',  ( 0.000000000000000000, -8.881784197001252323E-16, -1.000000000000000000 ) ) ;
#1455 = CARTESIAN_POINT ( 'NONE',  ( 0.8034632489999998795, 2.350011160999999849, -2.350011160999999849 ) ) ;
#1456 = CARTESIAN_POINT ( 'NONE',  ( 7.678463248999999990, -2.350011160999999849, 2.350011160999999849 ) ) ;
#1457 = ORIENTED_EDGE ( 'NONE', *, *, #1377, .F. ) ;
#1458 = CARTESIAN_POINT ( 'NONE',  ( 6.350338248999999990, -1.376604667000000060, 3.323417656000000608 ) ) ;
#1459 = CARTESIAN_POINT ( 'NONE',  ( -1.370933092999999658, 2.183511137000000435, 2.505470820999999848 ) ) ;
#1460 = CARTESIAN_POINT ( 'NONE',  ( 0.5690882470000000470, -2.828427124999999709, 2.828427124999999709 ) ) ;
#1461 = CARTESIAN_POINT ( 'NONE',  ( 4.240963248999999990, 2.350011160999999849, -2.350011160999999849 ) ) ;
#1462 = CARTESIAN_POINT ( 'NONE',  ( 9.475338246855706359, -3.999999999750072366, 0.000000000000000000 ) ) ;
#1463 = CARTESIAN_POINT ( 'NONE',  ( 6.115963248999999102, -2.350011160999999849, 2.350011160999999849 ) ) ;
#1464 = CARTESIAN_POINT ( 'NONE',  ( 1.272213251144427293, 1.656854248896382220, -3.999999999749844104 ) ) ;
#1465 = CARTESIAN_POINT ( 'NONE',  ( 6.506588248999998214, -3.323417656000000608, 1.376604667000000060 ) ) ;
#1466 = ORIENTED_EDGE ( 'NONE', *, *, #901, .T. ) ;
#1467 = CARTESIAN_POINT ( 'NONE',  ( 3.537838248999999990, 3.323417656000000608, 1.376604667000000060 ) ) ;
#1468 =( BOUNDED_SURFACE ( )  B_SPLINE_SURFACE ( 1, 2, ( 
 ( #1020, #357, #1288, #1586, #1568, #1152, #884, #1452, #1417, #1551, #1281, #601, #456, #1005, #324, #867, #1698, #1210, #118, #1496, #646, #1765, #510, #944, #1606, #1775, #1460, #681, #801, #539, #1479, #530, #934, #665, #251, #260, #1191, #1068, #520, #125, #1353, #1083, #1076, #1616, #1324, #1488, #1634, #952, #1744, #403, #1058, #376, #1754, #913, #385, #98, #393, #1345, #1626, #924, #811, #657, #1735, #269, #674, #818, #1218, #1363, #132, #1471, #501, #242, #1201, #791, #1048, #1596, #367, #232, #781, #1335, #109, #582, #446, #1234, #1263, #555, #1098, #1245, #410, #19, #1371, #1671, #1662, #428, #1652, #840, #152, #179, #1126, #1118, #995, #716, #574, #28, #826, #1680, #141, #699, #968, #1541, #314, #708, #171, #960, #278, #1513, #1643, #1504, #296, #689, #857, #1522, #834, #1406, #1227, #849, #1, #1390, #548, #1090, #162, #437, #10, #418, #286, #1254, #37, #977, #987, #1380, #1532, #306, #564, #1108, #1397 ),
 ( #1271, #1549, #1704, #1003, #625, #470, #900, #1431, #1583, #354, #890, #1142, #1440, #193, #1168, #1557, #201, #59, #51, #599, #748, #1688, #43, #322, #454, #732, #330, #461, #1295, #606, #68, #882, #489, #1415, #615, #1279, #1712, #1696, #758, #865, #1450, #1566, #1305, #1018, #1158, #337, #479, #1027, #1574, #186, #1150, #1286, #211, #345, #76, #1723, #592, #1010, #1036, #873, #725, #1134, #1422, #741, #1082, #1632, #391, #644, #941, #1467, #124, #1055, #1477, #1332, #1321, #95, #932, #1177, #1313, #1045, #1733, #229, #1603, #1741, #798, #106, #249, #383, #1773, #910, #1343, #778, #1208, #1188, #258, #498, #951, #1065, #808, #1751, #115, #1198, #663, #517, #528, #1458, #653, #788, #1486, #1624, #1351, #1762, #1613, #1592, #1075, #673, #1217, #507, #538, #374, #921, #239, #364, #402, #221, #768, #85, #634, #277, #1379, #9, #305, #1253, #1107, #1670, #160, #1660, #18, #1782, #573, #546, #554, #1370, #1117, #436 ) ),
 .UNSPECIFIED., .F., .F., .F. ) 
 B_SPLINE_SURFACE_WITH_KNOTS ( ( 2, 2 ),
 ( 3, 2, 2, 2, 2, 2, 2, 2, 2, 2, 2, 2, 2, 2, 2, 2, 2, 2, 2, 2, 2, 2, 2, 2, 2, 2, 2, 2, 2, 2, 2, 2, 2, 2, 2, 2, 2, 2, 2, 2, 2, 2, 2, 2, 2, 2, 2, 2, 2, 2, 2, 2, 2, 2, 2, 2, 2, 2, 2, 2, 2, 2, 2, 2, 2, 2, 2, 2, 2, 2, 2, 2, 3 ),
 ( 0.000000000000000000, 1.000000000000000000 ),
 ( 0.007972222527508213488, 0.01388888888888890373, 0.02777777777777780746, 0.04166666666666671293, 0.05555555555555560798, 0.06944444444444441977, 0.08333333333333331483, 0.09722222222222225152, 0.1111111111111110217, 0.1250000000000000000, 0.1388888888888890061, 0.1527777777777780122, 0.1666666666666670182, 0.1805555555555559966, 0.1944444444444440867, 0.2083333333333330373, 0.2222222222222220434, 0.2361111111111110217, 0.2500000000000000000, 0.2638888888888891171, 0.2777777777777780677, 0.2916666666666670737, 0.3055555555555560243, 0.3194444444444440867, 0.3333333333333330373, 0.3472222222222220989, 0.3611111111111109939, 0.3750000000000000555, 0.3888888888888891726, 0.4027777777777780677, 0.4166666666666670737, 0.4305555555555560243, 0.4444444444444440867, 0.4583333333333329818, 0.4722222222222220434, 0.4861111111111109939, 0.5000000000000000000, 0.5138888888888890616, 0.5277777777777780122, 0.5416666666666669627, 0.5555555555555560243, 0.5694444444444440867, 0.5833333333333330373, 0.5972222222222219878, 0.6111111111111110494, 0.6250000000000001110, 0.6388888888888891726, 0.6527777777777781232, 0.6666666666666670737, 0.6805555555555561353, 0.6944444444444441977, 0.7083333333333330373, 0.7222222222222219878, 0.7361111111111110494, 0.7500000000000001110, 0.7638888888888891726, 0.7777777777777780122, 0.7916666666666669627, 0.8055555555555560243, 0.8194444444444440867, 0.8333333333333330373, 0.8472222222222219878, 0.8611111111111110494, 0.8750000000000001110, 0.8888888888888891726, 0.9027777777777780122, 0.9166666666666669627, 0.9305555555555560243, 0.9444444444444440867, 0.9583333333333330373, 0.9722222222222218768, 0.9861111111111109384, 1.000000000000000000 ),
 .UNSPECIFIED. ) 
 GEOMETRIC_REPRESENTATION_ITEM ( )  RATIONAL_B_SPLINE_SURFACE ( (
 ( 0.9627734381108391526, 0.9675726825229810091, 1.000000000000000000, 0.9238795325112871826, 1.000000000000000000, 0.9238795325112871826, 1.000000000000000000, 0.9238795325112871826, 1.000000000000000000, 0.9238795325112871826, 1.000000000000000000, 0.9238795325112871826, 1.000000000000000000, 0.9238795325112871826, 1.000000000000000000, 0.9238795325112871826, 1.000000000000000000, 0.9238795325112871826, 1.000000000000000000, 0.9238795325112871826, 1.000000000000000000, 0.9238795325112871826, 1.000000000000000000, 0.9238795325112871826, 1.000000000000000000, 0.9238795325112871826, 1.000000000000000000, 0.9238795325112871826, 1.000000000000000000, 0.9238795325112871826, 1.000000000000000000, 0.9238795325112871826, 1.000000000000000000, 0.9238795325112871826, 1.000000000000000000, 0.9238795325112871826, 1.000000000000000000, 0.9238795325112871826, 1.000000000000000000, 0.9238795325112871826, 1.000000000000000000, 0.9238795325112871826, 1.000000000000000000, 0.9238795325112871826, 1.000000000000000000, 0.9238795325112871826, 1.000000000000000000, 0.9238795325112871826, 1.000000000000000000, 0.9238795325112871826, 1.000000000000000000, 0.9238795325112871826, 1.000000000000000000, 0.9238795325112871826, 1.000000000000000000, 0.9238795325112871826, 1.000000000000000000, 0.9238795325112871826, 1.000000000000000000, 0.9238795325112871826, 1.000000000000000000, 0.9238795325112871826, 1.000000000000000000, 0.9238795325112871826, 1.000000000000000000, 0.9238795325112871826, 1.000000000000000000, 0.9238795325112871826, 1.000000000000000000, 0.9238795325112871826, 1.000000000000000000, 0.9238795325112871826, 1.000000000000000000, 0.9238795325112871826, 1.000000000000000000, 0.9238795325112871826, 1.000000000000000000, 0.9238795325112871826, 1.000000000000000000, 0.9238795325112871826, 1.000000000000000000, 0.9238795325112871826, 1.000000000000000000, 0.9238795325112871826, 1.000000000000000000, 0.9238795325112871826, 1.000000000000000000, 0.9238795325112871826, 1.000000000000000000, 0.9238795325112871826, 1.000000000000000000, 0.9238795325112871826, 1.000000000000000000, 0.9238795325112871826, 1.000000000000000000, 0.9238795325112871826, 1.000000000000000000, 0.9238795325112871826, 1.000000000000000000, 0.9238795325112871826, 1.000000000000000000, 0.9238795325112871826, 1.000000000000000000, 0.9238795325112871826, 1.000000000000000000, 0.9238795325112871826, 1.000000000000000000, 0.9238795325112871826, 1.000000000000000000, 0.9238795325112871826, 1.000000000000000000, 0.9238795325112871826, 1.000000000000000000, 0.9238795325112871826, 1.000000000000000000, 0.9238795325112871826, 1.000000000000000000, 0.9238795325112871826, 1.000000000000000000, 0.9238795325112871826, 1.000000000000000000, 0.9238795325112871826, 1.000000000000000000, 0.9238795325112871826, 1.000000000000000000, 0.9238795325112871826, 1.000000000000000000, 0.9238795325112871826, 1.000000000000000000, 0.9238795325112871826, 1.000000000000000000, 0.9238795325112871826, 1.000000000000000000, 0.9238795325112871826, 1.000000000000000000, 0.9238795325112871826, 1.000000000000000000, 0.9238795325112871826, 1.000000000000000000, 0.9238795325112871826, 1.000000000000000000, 0.9238795325112871826, 1.000000000000000000, 0.9238795325112871826, 1.000000000000000000),
 ( 0.9627734381108391526, 0.9675726825229810091, 1.000000000000000000, 0.9238795325112871826, 1.000000000000000000, 0.9238795325112871826, 1.000000000000000000, 0.9238795325112871826, 1.000000000000000000, 0.9238795325112871826, 1.000000000000000000, 0.9238795325112871826, 1.000000000000000000, 0.9238795325112871826, 1.000000000000000000, 0.9238795325112871826, 1.000000000000000000, 0.9238795325112871826, 1.000000000000000000, 0.9238795325112871826, 1.000000000000000000, 0.9238795325112871826, 1.000000000000000000, 0.9238795325112871826, 1.000000000000000000, 0.9238795325112871826, 1.000000000000000000, 0.9238795325112871826, 1.000000000000000000, 0.9238795325112871826, 1.000000000000000000, 0.9238795325112871826, 1.000000000000000000, 0.9238795325112871826, 1.000000000000000000, 0.9238795325112871826, 1.000000000000000000, 0.9238795325112871826, 1.000000000000000000, 0.9238795325112871826, 1.000000000000000000, 0.9238795325112871826, 1.000000000000000000, 0.9238795325112871826, 1.000000000000000000, 0.9238795325112871826, 1.000000000000000000, 0.9238795325112871826, 1.000000000000000000, 0.9238795325112871826, 1.000000000000000000, 0.9238795325112871826, 1.000000000000000000, 0.9238795325112871826, 1.000000000000000000, 0.9238795325112871826, 1.000000000000000000, 0.9238795325112871826, 1.000000000000000000, 0.9238795325112871826, 1.000000000000000000, 0.9238795325112871826, 1.000000000000000000, 0.9238795325112871826, 1.000000000000000000, 0.9238795325112871826, 1.000000000000000000, 0.9238795325112871826, 1.000000000000000000, 0.9238795325112871826, 1.000000000000000000, 0.9238795325112871826, 1.000000000000000000, 0.9238795325112871826, 1.000000000000000000, 0.9238795325112871826, 1.000000000000000000, 0.9238795325112871826, 1.000000000000000000, 0.9238795325112871826, 1.000000000000000000, 0.9238795325112871826, 1.000000000000000000, 0.9238795325112871826, 1.000000000000000000, 0.9238795325112871826, 1.000000000000000000, 0.9238795325112871826, 1.000000000000000000, 0.9238795325112871826, 1.000000000000000000, 0.9238795325112871826, 1.000000000000000000, 0.9238795325112871826, 1.000000000000000000, 0.9238795325112871826, 1.000000000000000000, 0.9238795325112871826, 1.000000000000000000, 0.9238795325112871826, 1.000000000000000000, 0.9238795325112871826, 1.000000000000000000, 0.9238795325112871826, 1.000000000000000000, 0.9238795325112871826, 1.000000000000000000, 0.9238795325112871826, 1.000000000000000000, 0.9238795325112871826, 1.000000000000000000, 0.9238795325112871826, 1.000000000000000000, 0.9238795325112871826, 1.000000000000000000, 0.9238795325112871826, 1.000000000000000000, 0.9238795325112871826, 1.000000000000000000, 0.9238795325112871826, 1.000000000000000000, 0.9238795325112871826, 1.000000000000000000, 0.9238795325112871826, 1.000000000000000000, 0.9238795325112871826, 1.000000000000000000, 0.9238795325112871826, 1.000000000000000000, 0.9238795325112871826, 1.000000000000000000, 0.9238795325112871826, 1.000000000000000000, 0.9238795325112871826, 1.000000000000000000, 0.9238795325112871826, 1.000000000000000000, 0.9238795325112871826, 1.000000000000000000, 0.9238795325112871826, 1.000000000000000000, 0.9238795325112871826, 1.000000000000000000, 0.9238795325112871826, 1.000000000000000000) ) ) 
 REPRESENTATION_ITEM ( '' )  SURFACE ( )  );
#1469 = DIRECTION ( 'NONE',  ( 1.000000000000000000, 0.000000000000000000, 0.000000000000000000 ) ) ;
#1470 = CARTESIAN_POINT ( 'NONE',  ( 6.115963250999998380, -1.656854248999999779, -3.999999999999999112 ) ) ;
#1471 = CARTESIAN_POINT ( 'NONE',  ( 3.928463246999999381, 3.999999999999999112, 1.656854248999999779 ) ) ;
#1472 = CARTESIAN_POINT ( 'NONE',  ( 5.959713249000000879, 0.000000000000000000, 3.323417656000000164 ) ) ;
#1473 = CARTESIAN_POINT ( 'NONE',  ( 6.662838246855702806, 0.000000000000000000, 3.999999999750072366 ) ) ;
#1474 = CARTESIAN_POINT ( 'NONE',  ( -0.6027867488555725961, -1.656854248896382220, 3.999999999749844104 ) ) ;
#1475 = CARTESIAN_POINT ( 'NONE',  ( 2.756588248999999990, -1.376604667000000060, -3.323417656000000608 ) ) ;
#1476 = CARTESIAN_POINT ( 'NONE',  ( 7.990963248999999990, -2.350011160999999849, -2.350011160999999849 ) ) ;
#1477 = CARTESIAN_POINT ( 'NONE',  ( 3.772213249000000435, 0.000000000000000000, 3.323417656000000164 ) ) ;
#1478 = CARTESIAN_POINT ( 'NONE',  ( 6.194088250999999268, 0.000000000000000000, -4.000000000000000000 ) ) ;
#1479 = CARTESIAN_POINT ( 'NONE',  ( 0.8815882470000000470, -2.828427124999999709, -2.828427124999999709 ) ) ;
#1480 = CARTESIAN_POINT ( 'NONE',  ( 6.194088248999997326, -3.323417656000000608, 1.376604667000000060 ) ) ;
#1481 = CARTESIAN_POINT ( 'NONE',  ( 6.115963246855701030, 1.656854248896476589, -3.999999999750071478 ) ) ;
#1482 = CARTESIAN_POINT ( 'NONE',  ( 1.115963251144426849, -1.656854248896382220, -3.999999999749844104 ) ) ;
#1483 = CARTESIAN_POINT ( 'NONE',  ( 2.365963248999999990, -2.350011160999999849, 2.350011160999999849 ) ) ;
#1484 = EDGE_CURVE ( 'NONE', #881, #920, #417, .T. ) ;
#1485 = CARTESIAN_POINT ( 'NONE',  ( 6.975338248999999990, 1.376604667000000060, -3.323417656000000164 ) ) ;
#1486 = CARTESIAN_POINT ( 'NONE',  ( 6.584713248999999102, -3.323417656000000164, 0.000000000000000000 ) ) ;
#1487 = CARTESIAN_POINT ( 'NONE',  ( 7.053463250999999268, -3.999999999999999112, 1.656854248999999779 ) ) ;
#1488 = CARTESIAN_POINT ( 'NONE',  ( 2.053463247000000269, -3.999999999999999112, -1.656854248999999779 ) ) ;
#1489 = CARTESIAN_POINT ( 'NONE',  ( 6.506588248999998214, -1.376604667000000060, -3.323417656000000608 ) ) ;
#1490 = CARTESIAN_POINT ( 'NONE',  ( 7.600338246855703694, 3.999999999750072366, 0.000000000000000000 ) ) ;
#1491 = CARTESIAN_POINT ( 'NONE',  ( 7.600338248999997326, -3.323417656000000164, -1.376604667000000060 ) ) ;
#1492 = CARTESIAN_POINT ( 'NONE',  ( -0.2902867488555727626, -3.999999999749844104, -1.656854248896382220 ) ) ;
#1493 = CARTESIAN_POINT ( 'NONE',  ( 3.537838248999999990, -1.376604667000000060, 3.323417656000000608 ) ) ;
#1494 = CARTESIAN_POINT ( 'NONE',  ( 8.537838248999998214, 3.323417656000000164, 1.376604667000000060 ) ) ;
#1495 = CARTESIAN_POINT ( 'NONE',  ( 9.240963248999999990, 0.000000000000000000, -3.323417656000000164 ) ) ;
#1496 = CARTESIAN_POINT ( 'NONE',  ( 0.02221324699999999500, 3.999999999999999112, -1.656854248999999779 ) ) ;
#1497 = CARTESIAN_POINT ( 'NONE',  ( 5.256588248999999102, -1.376604667000000060, -3.323417656000000608 ) ) ;
#1498 = CARTESIAN_POINT ( 'NONE',  ( 7.131588246855702806, -2.828427124823273964, -2.828427124823273964 ) ) ;
#1499 = CARTESIAN_POINT ( 'NONE',  ( 6.584713248999999102, 0.000000000000000000, -3.323417656000000164 ) ) ;
#1500 = CARTESIAN_POINT ( 'NONE',  ( 0.4128382511444272929, 2.828427124823113203, 2.828427124823113203 ) ) ;
#1501 = CARTESIAN_POINT ( 'NONE',  ( -1.149661750999999565, -3.323417656000000608, -1.376604667000000060 ) ) ;
#1502 = CARTESIAN_POINT ( 'NONE',  ( 7.287838248999998214, 3.323417656000000164, 1.376604667000000060 ) ) ;
#1503 = DIRECTION ( 'NONE',  ( 6.938893903907228378E-16, -1.000000000000000000, 0.000000000000000000 ) ) ;
#1504 = CARTESIAN_POINT ( 'NONE',  ( 7.678463246999999825, 3.999999999999999112, 1.656854248999999779 ) ) ;
#1505 = VECTOR ( 'NONE', #1512, 1000.000000000000000 ) ;
#1506 = CARTESIAN_POINT ( 'NONE',  ( 8.615963248999999990, -2.350011160999999849, 2.350011160999999849 ) ) ;
#1507 = CARTESIAN_POINT ( 'NONE',  ( 0.4909632468557042495, -1.656854248896476589, 3.999999999750071478 ) ) ;
#1508 = CARTESIAN_POINT ( 'NONE',  ( 4.944088248999999102, -3.323417656000000164, 1.376604667000000060 ) ) ;
#1509 = CARTESIAN_POINT ( 'NONE',  ( 6.350338251144426849, 2.828427124823113203, -2.828427124823113203 ) ) ;
#1510 = CARTESIAN_POINT ( 'NONE',  ( 1.115963248999999768, -2.350011160999999849, 2.350011160999999849 ) ) ;
#1511 = ORIENTED_EDGE ( 'NONE', *, *, #901, .F. ) ;
#1512 = DIRECTION ( 'NONE',  ( -1.000000000000000000, -0.000000000000000000, -0.000000000000000000 ) ) ;
#1513 = CARTESIAN_POINT ( 'NONE',  ( 7.522213246999998049, 3.999999999999999112, -1.656854248999999779 ) ) ;
#1514 = CARTESIAN_POINT ( 'NONE',  ( 7.287838248999998214, -1.376604667000000060, 3.323417656000000608 ) ) ;
#1515 = CARTESIAN_POINT ( 'NONE',  ( 1.428463246855703916, 3.999999999750071478, 1.656854248896476589 ) ) ;
#1516 = CARTESIAN_POINT ( 'NONE',  ( 1.975338248999999990, 3.323417656000000164, 1.376604667000000060 ) ) ;
#1517 = CARTESIAN_POINT ( 'NONE',  ( 5.490963251144426849, 1.656854248896382220, 3.999999999749844104 ) ) ;
#1518 = CARTESIAN_POINT ( 'NONE',  ( 7.834713248999999102, 0.000000000000000000, -3.323417656000000164 ) ) ;
#1519 = CARTESIAN_POINT ( 'NONE',  ( 2.209713249000000435, 3.323417656000000164, 0.000000000000000000 ) ) ;
#1520 = CARTESIAN_POINT ( 'NONE',  ( 0.8034632489999998795, 2.350011160999999849, -2.350011160999999849 ) ) ;
#1521 = FACE_OUTER_BOUND ( 'NONE', #344, .T. ) ;
#1522 = CARTESIAN_POINT ( 'NONE',  ( 7.990963247000000713, -1.656854248999999779, 3.999999999999999112 ) ) ;
#1523 = CARTESIAN_POINT ( 'NONE',  ( 0.4909632509999999339, 1.656854248999999779, 3.999999999999999112 ) ) ;
#1524 = CARTESIAN_POINT ( 'NONE',  ( 1.819088246855703694, -2.828427124823273964, 2.828427124823273964 ) ) ;
#1525 = CARTESIAN_POINT ( 'NONE',  ( 2.678463248999999990, -2.350011160999999849, -2.350011160999999849 ) ) ;
#1526 = AXIS2_PLACEMENT_3D ( 'NONE', #1308, #53, #904 ) ;
#1527 = CARTESIAN_POINT ( 'NONE',  ( 6.584713251144426849, 3.999999999749844104, 1.656854248896382220 ) ) ;
#1528 = CARTESIAN_POINT ( 'NONE',  ( 7.912838248999999990, 1.376604667000000060, -3.323417656000000608 ) ) ;
#1529 = CARTESIAN_POINT ( 'NONE',  ( 6.037838248999999102, 3.323417656000000164, 1.376604667000000060 ) ) ;
#1530 = CARTESIAN_POINT ( 'NONE',  ( 1.819088249000000213, -1.376604667000000060, -3.323417656000000608 ) ) ;
#1531 = CARTESIAN_POINT ( 'NONE',  ( -1.305911748999999400, 3.709888926304034218, 0.2589238233394403066 ) ) ;
#1532 = CARTESIAN_POINT ( 'NONE',  ( 9.475338247000001601, -4.000000000000000000, 0.000000000000000000 ) ) ;
#1533 = CARTESIAN_POINT ( 'NONE',  ( 0.7253382510000000449, -2.828427124999999709, 2.828427124999999709 ) ) ;
#1534 = CARTESIAN_POINT ( 'NONE',  ( 3.928463246855703694, 3.999999999750071478, 1.656854248896476589 ) ) ;
#1535 = CARTESIAN_POINT ( 'NONE',  ( 4.240963248999999990, 2.350011160999999849, -2.350011160999999849 ) ) ;
#1536 = CARTESIAN_POINT ( 'NONE',  ( 2.990963251144427737, 1.656854248896382220, 3.999999999749844104 ) ) ;
#1537 = CARTESIAN_POINT ( 'NONE',  ( 4.084713248999999102, 0.000000000000000000, -3.323417656000000164 ) ) ;
#1538 =( BOUNDED_CURVE ( )  B_SPLINE_CURVE ( 2, ( #1748, #1621, #1205, #371, #1079, #650, #1195, #1329, #1348, #1474, #1759, #1779, #128, #1492, #524, #938, #677, #1072, #121, #6, #389, #917, #1500, #264, #685, #1638, #814, #1223, #514, #821, #1610, #1482, #805, #1464, #543, #380, #794, #1339, #669, #1214, #785, #236, #551, #1086, #274, #1770, #1367, #1239, #14, #175, #33, #1249, #23, #1375, #587, #1536, #999, #1684, #1656, #559, #1410, #1393, #693, #578, #720, #146, #972, #318, #703, #1122, #1103, #1130, #414, #1666, #568, #301, #423, #1545, #166, #47, #1676, #290, #1402, #442, #450, #182, #595, #1517, #836, #711, #830, #991, #1385, #156, #1113, #310, #432, #861, #1509, #981, #728, #1527, #853, #1267, #1274, #844, #1648, #1259, #964, #282, #1172, #869, #89, #205, #1728, #876, #763, #1138, #1418, #464, #189, #1021, #744, #333, #80, #493, #905, #196, #1587 ),
 .UNSPECIFIED., .F., .T. ) 
 B_SPLINE_CURVE_WITH_KNOTS ( ( 3, 2, 2, 2, 2, 2, 2, 2, 2, 2, 2, 2, 2, 2, 2, 2, 2, 2, 2, 2, 2, 2, 2, 2, 2, 2, 2, 2, 2, 2, 2, 2, 2, 2, 2, 2, 2, 2, 2, 2, 2, 2, 2, 2, 2, 2, 2, 2, 2, 2, 2, 2, 2, 2, 2, 2, 2, 2, 2, 2, 2, 2, 2, 2, 3 ),
 ( -0.1877789645817088127, -0.1846493111377326968, -0.1815196577072371587, -0.1783900042767415928, -0.1752603508462460546, -0.1721306974157505165, -0.1690010439852551727, -0.1658713905547596623, -0.1627417371242640964, -0.1596120836937685583, -0.1564824302632730202, -0.1533527768327774543, -0.1502231234022819162, -0.1470934699717863781, -0.1439638165412908399, -0.1408341631107954961, -0.1377045096802999857, -0.1345748562498044198, -0.1314452028193089095, -0.1283155493888133436, -0.1251858959583177777, -0.1220562425278222535, -0.1189265890973267153, -0.1157969356668311772, -0.1126672822363358473, -0.1095376288058403369, -0.1064079753753447710, -0.1032783219448492329, -0.1001486685143536948, -0.09701901508385812889, -0.09388936165336260464, -0.09075970822286706652, -0.08763005479237151452, -0.08450040136187618456, -0.08137074793138064643, -0.07824109450088512219, -0.07511144107038957018, -0.07198178763989401818, -0.06885213420939846618, -0.06572248077890291418, -0.06259282734840737605, -0.05946317391791183793, -0.05633352048741649409, -0.05320386705692101148, -0.05007421362642547336, -0.04694456019592990748, -0.04381490676543434160, -0.04068525333493877572, -0.03755559990444329310, -0.03442594647394775498, -0.03129629304345218910, -0.02816663961295684526, -0.02503698618246130714, -0.02190733275196579677, -0.01877767932147023089, -0.01564802589097469276, -0.01251837246047912688, -0.009388719029983644271, -0.006259065599488078391, -0.003129412168992540266, 2.412615028035691722E-07, 0.003129894691998341694, 0.006259548122493824307, 0.009389201552989390187, 0.01251885498348495607 ),
 .UNSPECIFIED. ) 
 CURVE ( )  GEOMETRIC_REPRESENTATION_ITEM ( )  RATIONAL_B_SPLINE_CURVE ( ( 1.000000000000000000, 0.9238795325112871826, 1.000000000000000000, 0.9238795325112871826, 1.000000000000000000, 0.9238795325112871826, 1.000000000000000000, 0.9238795325112871826, 1.000000000000000000, 0.9238795325112871826, 1.000000000000000000, 0.9238795325112871826, 1.000000000000000000, 0.9238795325112871826, 1.000000000000000000, 0.9238795325112871826, 1.000000000000000000, 0.9238795325112871826, 1.000000000000000000, 0.9238795325112871826, 1.000000000000000000, 0.9238795325112871826, 1.000000000000000000, 0.9238795325112871826, 1.000000000000000000, 0.9238795325112871826, 1.000000000000000000, 0.9238795325112871826, 1.000000000000000000, 0.9238795325112871826, 1.000000000000000000, 0.9238795325112871826, 1.000000000000000000, 0.9238795325112871826, 1.000000000000000000, 0.9238795325112871826, 1.000000000000000000, 0.9238795325112871826, 1.000000000000000000, 0.9238795325112871826, 1.000000000000000000, 0.9238795325112871826, 1.000000000000000000, 0.9238795325112871826, 1.000000000000000000, 0.9238795325112871826, 1.000000000000000000, 0.9238795325112871826, 1.000000000000000000, 0.9238795325112871826, 1.000000000000000000, 0.9238795325112871826, 1.000000000000000000, 0.9238795325112871826, 1.000000000000000000, 0.9238795325112871826, 1.000000000000000000, 0.9238795325112871826, 1.000000000000000000, 0.9238795325112871826, 1.000000000000000000, 0.9238795325112871826, 1.000000000000000000, 0.9238795325112871826, 1.000000000000000000, 0.9238795325112871826, 1.000000000000000000, 0.9238795325112871826, 1.000000000000000000, 0.9238795325112871826, 1.000000000000000000, 0.9238795325112871826, 1.000000000000000000, 0.9238795325112871826, 1.000000000000000000, 0.9238795325112871826, 1.000000000000000000, 0.9238795325112871826, 1.000000000000000000, 0.9238795325112871826, 1.000000000000000000, 0.9238795325112871826, 1.000000000000000000, 0.9238795325112871826, 1.000000000000000000, 0.9238795325112871826, 1.000000000000000000, 0.9238795325112871826, 1.000000000000000000, 0.9238795325112871826, 1.000000000000000000, 0.9238795325112871826, 1.000000000000000000, 0.9238795325112871826, 1.000000000000000000, 0.9238795325112871826, 1.000000000000000000, 0.9238795325112871826, 1.000000000000000000, 0.9238795325112871826, 1.000000000000000000, 0.9238795325112871826, 1.000000000000000000, 0.9238795325112871826, 1.000000000000000000, 0.9238795325112871826, 1.000000000000000000, 0.9238795325112871826, 1.000000000000000000, 0.9238795325112871826, 1.000000000000000000, 0.9238795325112871826, 1.000000000000000000, 0.9238795325112871826, 1.000000000000000000, 0.9238795325112871826, 1.000000000000000000, 0.9238795325112871826, 1.000000000000000000, 0.9238795325112871826, 1.000000000000000000, 0.9238795325112871826, 1.000000000000000000, 0.9238795325112871826, 1.000000000000000000, 0.9238795325112871826, 1.000000000000000000, 0.9238795325112871826, 1.000000000000000000 ) ) 
 REPRESENTATION_ITEM ( '' )  );
#1539 = CARTESIAN_POINT ( 'NONE',  ( 6.272213248999999990, 0.000000000000000000, 3.323417656000000164 ) ) ;
#1540 = CARTESIAN_POINT ( 'NONE',  ( 4.319088248999999102, -1.376604667000000060, -3.323417656000000608 ) ) ;
#1541 = CARTESIAN_POINT ( 'NONE',  ( 7.053463246999998937, -3.999999999999999112, -1.656854248999999779 ) ) ;
#1542 = CARTESIAN_POINT ( 'NONE',  ( 7.912838248999999990, 1.376604667000000060, -3.323417656000000608 ) ) ;
#1543 = CARTESIAN_POINT ( 'NONE',  ( 5.178463246855702806, 3.999999999750071478, 1.656854248896476589 ) ) ;
#1544 = CARTESIAN_POINT ( 'NONE',  ( 4.397213248999999102, 3.323417656000000164, 0.000000000000000000 ) ) ;
#1545 = CARTESIAN_POINT ( 'NONE',  ( 4.709713251144425961, -3.999999999749844104, -1.656854248896382220 ) ) ;
#1546 = CARTESIAN_POINT ( 'NONE',  ( 7.131588248999999990, 1.376604667000000060, 3.323417656000000608 ) ) ;
#1547 = CARTESIAN_POINT ( 'NONE',  ( 3.069088248999999546, -1.376604667000000060, -3.323417656000000164 ) ) ;
#1548 = CARTESIAN_POINT ( 'NONE',  ( 2.131588249000000435, 3.323417656000000608, -1.376604667000000060 ) ) ;
#1549 = CARTESIAN_POINT ( 'NONE',  ( -1.728315102000000048, 1.954065523000000137, -2.745956799999999642 ) ) ;
#1550 = CARTESIAN_POINT ( 'NONE',  ( 3.694088251000000156, 0.000000000000000000, -4.000000000000000000 ) ) ;
#1551 = CARTESIAN_POINT ( 'NONE',  ( -0.7590367529999999530, -1.656854248999999779, 3.999999999999999112 ) ) ;
#1552 = CARTESIAN_POINT ( 'NONE',  ( 1.428463248999999768, -2.350011160999999849, -2.350011160999999849 ) ) ;
#1553 = CARTESIAN_POINT ( 'NONE',  ( 7.365963248999999102, -2.350011160999999849, 2.350011160999999849 ) ) ;
#1554 = CARTESIAN_POINT ( 'NONE',  ( 2.912838248999999546, -3.323417656000000164, -1.376604667000000060 ) ) ;
#1555 = CARTESIAN_POINT ( 'NONE',  ( 2.600338248999999990, -1.376604667000000060, 3.323417656000000608 ) ) ;
#1556 = PRODUCT_DEFINITION_FORMATION_WITH_SPECIFIED_SOURCE ( 'Symmetric', '', #1689, .NOT_KNOWN. ) ;
#1557 = CARTESIAN_POINT ( 'NONE',  ( -0.6809117510000001205, -1.376604667000000060, -3.323417656000000608 ) ) ;
#1558 = CARTESIAN_POINT ( 'NONE',  ( 3.928463251000000600, 3.999999999999999112, -1.656854248999999779 ) ) ;
#1559 = LINE ( 'NONE', #61, #438 ) ;
#1560 = EDGE_CURVE ( 'NONE', #1449, #1703, #1724, .T. ) ;
#1561 = CARTESIAN_POINT ( 'NONE',  ( -1.297441485000000005, -3.323417656000000608, 1.227354015999999826 ) ) ;
#1562 = DIRECTION ( 'NONE',  ( -1.000000000000000000, 0.000000000000000000, 0.000000000000000000 ) ) ;
#1563 = CARTESIAN_POINT ( 'NONE',  ( 1.506588248999999768, -3.323417656000000164, 1.376604667000000060 ) ) ;
#1564 = CARTESIAN_POINT ( 'NONE',  ( 9.240963248999998214, -2.350011160999999849, -2.350011160999999849 ) ) ;
#1565 = ORIENTED_EDGE ( 'NONE', *, *, #1109, .T. ) ;
#1566 = CARTESIAN_POINT ( 'NONE',  ( 1.350338248999999768, -1.376604667000000060, 3.323417656000000608 ) ) ;
#1567 = CARTESIAN_POINT ( 'NONE',  ( 1.115963250999999712, -1.656854248999999779, -3.999999999999999112 ) ) ;
#1568 = CARTESIAN_POINT ( 'NONE',  ( -1.149661752999999731, 4.000000000000000000, 0.000000000000000000 ) ) ;
#1569 = CARTESIAN_POINT ( 'NONE',  ( -0.5246617510000000095, 3.323417656000000608, 1.376604667000000060 ) ) ;
#1570 = FILL_AREA_STYLE ('',( #1164 ) ) ;
#1571 = CARTESIAN_POINT ( 'NONE',  ( -1.305911750716742148, 1.271816887635227378, 3.070437545635415155 ) ) ;
#1572 = CARTESIAN_POINT ( 'NONE',  ( 6.897213248999999990, 0.000000000000000000, -3.323417656000000164 ) ) ;
#1573 = EDGE_LOOP ( 'NONE', ( #67 ) ) ;
#1574 = CARTESIAN_POINT ( 'NONE',  ( 1.897213249000000213, 0.000000000000000000, -3.323417656000000164 ) ) ;
#1575 = CARTESIAN_POINT ( 'NONE',  ( 0.000000000000000000, 0.000000000000000000, 0.000000000000000000 ) ) ;
#1576 = CARTESIAN_POINT ( 'NONE',  ( 3.772213251000000600, 1.656854248999999779, -3.999999999999999112 ) ) ;
#1577 = CARTESIAN_POINT ( 'NONE',  ( -0.4465367531442956950, -3.999999999750071478, -1.656854248896476589 ) ) ;
#1578 = CARTESIAN_POINT ( 'NONE',  ( 1.506588248999999768, -1.376604667000000060, -3.323417656000000608 ) ) ;
#1579 = CARTESIAN_POINT ( 'NONE',  ( -1.305911749000000954, -1.669467063751871150, 2.881828575893425448 ) ) ;
#1580 = CARTESIAN_POINT ( 'NONE',  ( -1.071536750999999787, -2.350011160999999849, 2.350011160999999849 ) ) ;
#1581 = CARTESIAN_POINT ( 'NONE',  ( 7.990963248999999990, -2.350011160999999849, -2.350011160999999849 ) ) ;
#1582 = ORIENTED_EDGE ( 'NONE', *, *, #1755, .F. ) ;
#1583 = CARTESIAN_POINT ( 'NONE',  ( -1.227786750999999787, 0.000000000000000000, 3.323417656000000164 ) ) ;
#1584 = CARTESIAN_POINT ( 'NONE',  ( 19.69408825100004989, 4.500000000000052403, 0.000000000000000000 ) ) ;
#1585 = CARTESIAN_POINT ( 'NONE',  ( 4.475338251000000156, -2.828427124999999709, 2.828427124999999709 ) ) ;
#1586 = CARTESIAN_POINT ( 'NONE',  ( -1.227786752999999731, 3.999999999999999112, -1.656854248999999779 ) ) ;
#1587 = CARTESIAN_POINT ( 'NONE',  ( 8.694088250891267577, -8.204137140613247139E-10, -4.000000000000000000 ) ) ;
#1588 = DIRECTION ( 'NONE',  ( -1.000000000000000000, 0.000000000000000000, 0.000000000000000000 ) ) ;
#1589 = CARTESIAN_POINT ( 'NONE',  ( -0.9152867509999998985, -3.323417656000000164, 0.000000000000000000 ) ) ;
#1590 = CARTESIAN_POINT ( 'NONE',  ( 8.303463249000001767, 2.350011160999999849, -2.350011160999999849 ) ) ;
#1591 = ORIENTED_EDGE ( 'NONE', *, *, #212, .F. ) ;
#1592 = CARTESIAN_POINT ( 'NONE',  ( 6.975338248999999990, 1.376604667000000060, -3.323417656000000608 ) ) ;
#1593 =( BOUNDED_CURVE ( )  B_SPLINE_CURVE ( 2, ( #1612, #8, #1750, #1761, #553, #545, #537, #1207, #672, #130, #652, #1494, #940, #1197, #950, #931, #516, #807, #1476, #248, #1781, #1640, #797, #1225, #1342, #527, #408, #1502, #958, #139, #1074, #1485, #1216, #401, #1772, #1081, #1105, #846, #1378, #1140, #1539, #184, #714, #1529, #148, #320, #303, #293, #974, #597, #312, #590, #695, #1694, #434, #1678, #863, #35, #1124, #425, #855, #16, #838, #730, #158, #1387, #1269, #1404, #1277, #1395, #177, #1241, #444, #49, #459, #723, #993, #1008, #25, #1132, #1686, #1547, #168, #1554, #983, #452, #1261, #705, #1251, #1001, #561, #1658, #1519, #571, #1115, #580, #1668, #328, #755, #351, #1032, #1563, #897, #197, #82, #745, #907, #603, #1600, #1720, #1455, #612, #495, #871, #1147, #1291, #1701, #466, #73, #1436, #1042, #226, #641, #1709, #1319, #342, #334, #65, #775, #622, #1155, #476, #1589, #631, #1580, #1024, #208, #1174, #1571 ),
 .UNSPECIFIED., .F., .F. ) 
 B_SPLINE_CURVE_WITH_KNOTS ( ( 3, 2, 2, 2, 2, 2, 2, 2, 2, 2, 2, 2, 2, 2, 2, 2, 2, 2, 2, 2, 2, 2, 2, 2, 2, 2, 2, 2, 2, 2, 2, 2, 2, 2, 2, 2, 2, 2, 2, 2, 2, 2, 2, 2, 2, 2, 2, 2, 2, 2, 2, 2, 2, 2, 2, 2, 2, 2, 2, 2, 2, 2, 2, 2, 2, 2, 2, 2, 2, 3 ),
 ( 0.04290277792461121009, 0.05679166681350027168, 0.07068055570238933327, 0.08456944459127817282, 0.09845833348016712339, 0.1123472223690551858, 0.1262361112579442612, 0.1401250001468332118, 0.1540138890357220514, 0.1679027779246111129, 0.1817916668135001745, 0.1956805557023892361, 0.2095694445912781867, 0.2234583334801671373, 0.2373472223690551997, 0.2512361112579442612, 0.2651250001468332118, 0.2790138890357220514, 0.2929027779246111129, 0.3067916668135001745, 0.3206805557023892361, 0.3345694445912781867, 0.3484583334801670262, 0.3623472223690550886, 0.3762361112579441502, 0.3901250001468331008, 0.4040138890357220514, 0.4179027779246111129, 0.4317916668135001745, 0.4456805557023892361, 0.4595694445912781867, 0.4734583334801671373, 0.4873472223690551997, 0.5012361112579442057, 0.5151250001468331563, 0.5290138890357221069, 0.5429027779246111685, 0.5567916668135002300, 0.5706805557023890696, 0.5845694445912781312, 0.5984583334801670818, 0.6123472223690551441, 0.6262361112579440947, 0.6401250001468330453, 0.6540138890357219958, 0.6679027779246111685, 0.6817916668135002300, 0.6956805557023890696, 0.7095694445912781312, 0.7234583334801670818, 0.7373472223690551441, 0.7512361112579440947, 0.7651250001468330453, 0.7790138890357221069, 0.7929027779246111685, 0.8067916668135001190, 0.8206805557023890696, 0.8345694445912781312, 0.8484583334801670818, 0.8623472223690551441, 0.8762361112579442057, 0.8901250001468331563, 0.9040138890357221069, 0.9179027779246111685, 0.9317916668135001190, 0.9456805557023890696, 0.9595694445912779091, 0.9734583334801667487, 0.9873472223690555882, 0.9942916668805282798 ),
 .UNSPECIFIED. ) 
 CURVE ( )  GEOMETRIC_REPRESENTATION_ITEM ( )  RATIONAL_B_SPLINE_CURVE ( ( 1.000000000000000000, 0.9238795325112871826, 1.000000000000000000, 0.9238795325112871826, 1.000000000000000000, 0.9238795325112871826, 1.000000000000000000, 0.9238795325112871826, 1.000000000000000000, 0.9238795325112871826, 1.000000000000000000, 0.9238795325112871826, 1.000000000000000000, 0.9238795325112871826, 1.000000000000000000, 0.9238795325112871826, 1.000000000000000000, 0.9238795325112871826, 1.000000000000000000, 0.9238795325112871826, 1.000000000000000000, 0.9238795325112871826, 1.000000000000000000, 0.9238795325112871826, 1.000000000000000000, 0.9238795325112871826, 1.000000000000000000, 0.9238795325112871826, 1.000000000000000000, 0.9238795325112871826, 1.000000000000000000, 0.9238795325112871826, 1.000000000000000000, 0.9238795325112871826, 1.000000000000000000, 0.9238795325112871826, 1.000000000000000000, 0.9238795325112871826, 1.000000000000000000, 0.9238795325112871826, 1.000000000000000000, 0.9238795325112871826, 1.000000000000000000, 0.9238795325112871826, 1.000000000000000000, 0.9238795325112871826, 1.000000000000000000, 0.9238795325112871826, 1.000000000000000000, 0.9238795325112871826, 1.000000000000000000, 0.9238795325112871826, 1.000000000000000000, 0.9238795325112871826, 1.000000000000000000, 0.9238795325112871826, 1.000000000000000000, 0.9238795325112871826, 1.000000000000000000, 0.9238795325112871826, 1.000000000000000000, 0.9238795325112871826, 1.000000000000000000, 0.9238795325112871826, 1.000000000000000000, 0.9238795325112871826, 1.000000000000000000, 0.9238795325112871826, 1.000000000000000000, 0.9238795325112871826, 1.000000000000000000, 0.9238795325112871826, 1.000000000000000000, 0.9238795325112871826, 1.000000000000000000, 0.9238795325112871826, 1.000000000000000000, 0.9238795325112871826, 1.000000000000000000, 0.9238795325112871826, 1.000000000000000000, 0.9238795325112871826, 1.000000000000000000, 0.9238795325112871826, 1.000000000000000000, 0.9238795325112871826, 1.000000000000000000, 0.9238795325112871826, 1.000000000000000000, 0.9238795325112871826, 1.000000000000000000, 0.9238795325112871826, 1.000000000000000000, 0.9238795325112871826, 1.000000000000000000, 0.9238795325112871826, 1.000000000000000000, 0.9238795325112871826, 1.000000000000000000, 0.9238795325112871826, 1.000000000000000000, 0.9238795325112871826, 1.000000000000000000, 0.9238795325112871826, 1.000000000000000000, 0.9238795325112871826, 1.000000000000000000, 0.9238795325112871826, 1.000000000000000000, 0.9238795325112871826, 1.000000000000000000, 0.9238795325112871826, 1.000000000000000000, 0.9238795325112871826, 1.000000000000000000, 0.9238795325112871826, 1.000000000000000000, 0.9238795325112871826, 1.000000000000000000, 0.9238795325112871826, 1.000000000000000000, 0.9238795325112871826, 1.000000000000000000, 0.9238795325112871826, 1.000000000000000000, 0.9238795325112871826, 1.000000000000000000, 0.9238795325112871826, 1.000000000000000000, 0.9238795325112871826, 1.000000000000000000, 0.9238795325112871826, 1.000000000000000000, 0.9238795325112871826, 1.000000000000000000, 0.9238795325112871826, 1.000000000000000000, 0.9619397658882834490, 0.9619397662556432582 ) ) 
 REPRESENTATION_ITEM ( '' )  );
#1594 = CARTESIAN_POINT ( 'NONE',  ( 0.4909632490000000460, 2.350011160999999849, -2.350011160999999849 ) ) ;
#1595 = CARTESIAN_POINT ( 'NONE',  ( 6.506588250999999268, 4.000000000000000000, 0.000000000000000000 ) ) ;
#1596 = CARTESIAN_POINT ( 'NONE',  ( 4.397213246999998937, -3.999999999999999112, 1.656854248999999779 ) ) ;
#1597 = CARTESIAN_POINT ( 'NONE',  ( 2.365963248999999990, -2.350011160999999849, 2.350011160999999849 ) ) ;
#1598 = CARTESIAN_POINT ( 'NONE',  ( -1.305911748999999622, -2.197008744553076820, 2.503219459169119698 ) ) ;
#1599 = CARTESIAN_POINT ( 'NONE',  ( 8.069088249000001767, 3.323417656000000164, -1.376604667000000060 ) ) ;
#1600 = CARTESIAN_POINT ( 'NONE',  ( 0.9597132489999999905, 3.323417656000000164, 0.000000000000000000 ) ) ;
#1601 = CARTESIAN_POINT ( 'NONE',  ( 6.428463248999999990, -2.350011160999999849, 2.350011160999999849 ) ) ;
#1602 = ORIENTED_EDGE ( 'NONE', *, *, #1221, .F. ) ;
#1603 = CARTESIAN_POINT ( 'NONE',  ( 4.553463248999999990, 2.350011160999999849, -2.350011160999999849 ) ) ;
#1604 = CYLINDRICAL_SURFACE ( 'NONE', #1414, 4.000000001504670166 ) ;
#1605 = CARTESIAN_POINT ( 'NONE',  ( 7.444088250999999268, 0.000000000000000000, -4.000000000000000000 ) ) ;
#1606 = CARTESIAN_POINT ( 'NONE',  ( 0.4128382470000000470, 0.000000000000000000, 4.000000000000000000 ) ) ;
#1607 = CARTESIAN_POINT ( 'NONE',  ( 5.490963248999999990, 2.350011160999999849, -2.350011160999999849 ) ) ;
#1608 = CARTESIAN_POINT ( 'NONE',  ( 8.225338246855704583, -3.999999999750072366, 0.000000000000000000 ) ) ;
#1609 = CARTESIAN_POINT ( 'NONE',  ( 5.412838248999998214, 1.376604667000000060, -3.323417656000000164 ) ) ;
#1610 = CARTESIAN_POINT ( 'NONE',  ( 1.037838251144427071, -2.828427124823113203, -2.828427124823113203 ) ) ;
#1611 = CARTESIAN_POINT ( 'NONE',  ( 0.1003382490000000044, -3.323417656000000608, -1.376604667000000060 ) ) ;
#1612 = CARTESIAN_POINT ( 'NONE',  ( 9.397213248999999990, 0.000000000000000000, -3.323417656000000164 ) ) ;
#1613 = CARTESIAN_POINT ( 'NONE',  ( 6.897213248999999990, 0.000000000000000000, -3.323417656000000164 ) ) ;
#1614 = CIRCLE ( 'NONE', #1763, 6.500000000000000888 ) ;
#1615 = CARTESIAN_POINT ( 'NONE',  ( 8.537838251000000156, -2.828427124999999709, -2.828427124999999709 ) ) ;
#1616 = CARTESIAN_POINT ( 'NONE',  ( 1.897213246999999603, -3.999999999999999112, 1.656854248999999779 ) ) ;
#1617 = CARTESIAN_POINT ( 'NONE',  ( 2.756588248999999990, -1.376604667000000060, -3.323417656000000608 ) ) ;
#1618 = CARTESIAN_POINT ( 'NONE',  ( 8.147213246855702806, -3.999999999750071478, 1.656854248896476589 ) ) ;
#1619 = ADVANCED_FACE ( 'NONE', ( #499, #1159 ), #627, .T. ) ;
#1620 = CARTESIAN_POINT ( 'NONE',  ( 8.615963248999999990, -2.350011160999999849, 2.350011160999999849 ) ) ;
#1621 = CARTESIAN_POINT ( 'NONE',  ( -1.227786748855572707, 1.656854248896382220, -3.999999999749844104 ) ) ;
#1622 = CARTESIAN_POINT ( 'NONE',  ( 1.428463248999999768, -2.350011160999999849, -2.350011160999999849 ) ) ;
#1623 = CYLINDRICAL_SURFACE ( 'NONE', #170, 4.000000000000000000 ) ;
#1624 = CARTESIAN_POINT ( 'NONE',  ( 6.662838248999998214, -3.323417656000000608, -1.376604667000000060 ) ) ;
#1625 = CARTESIAN_POINT ( 'NONE',  ( 7.365963250999998380, -1.656854248999999779, -3.999999999999999112 ) ) ;
#1626 = CARTESIAN_POINT ( 'NONE',  ( 3.069088247000000713, -2.828427124999999709, 2.828427124999999709 ) ) ;
#1627 = CARTESIAN_POINT ( 'NONE',  ( 5.725338248999998214, 3.323417656000000608, 1.376604667000000060 ) ) ;
#1628 = CARTESIAN_POINT ( 'NONE',  ( 9.631588246855704583, -2.828427124823273964, -2.828427124823273964 ) ) ;
#1629 = CARTESIAN_POINT ( 'NONE',  ( -1.305911749000000066, -3.231448596019008690, -1.641683629728371452 ) ) ;
#1630 = CARTESIAN_POINT ( 'NONE',  ( 3.147213249000000435, 3.323417656000000164, 0.000000000000000000 ) ) ;
#1631 = EDGE_LOOP ( 'NONE', ( #210 ) ) ;
#1632 = CARTESIAN_POINT ( 'NONE',  ( 3.225338248999999990, 1.376604667000000060, -3.323417656000000608 ) ) ;
#1633 = ADVANCED_BREP_SHAPE_REPRESENTATION ( 'Side Screw Inserts', ( #721, #1325 ), #327 ) ;
#1634 = CARTESIAN_POINT ( 'NONE',  ( 2.131588247000000269, -2.828427124999999709, -2.828427124999999709 ) ) ;
#1635 = CARTESIAN_POINT ( 'NONE',  ( 1.897213249000000213, 3.323417656000000164, 0.000000000000000000 ) ) ;
#1636 = CARTESIAN_POINT ( 'NONE',  ( 6.740963246855704583, -1.656854248896476589, 3.999999999750071478 ) ) ;
#1637 = CARTESIAN_POINT ( 'NONE',  ( 8.772213248999999990, -3.323417656000000164, 0.000000000000000000 ) ) ;
#1638 = CARTESIAN_POINT ( 'NONE',  ( 0.6472132511444270708, -1.656854248896382220, 3.999999999749844104 ) ) ;
#1639 = CARTESIAN_POINT ( 'NONE',  ( 0.4909632490000000460, 2.350011160999999849, -2.350011160999999849 ) ) ;
#1640 = CARTESIAN_POINT ( 'NONE',  ( 7.756588248999998214, -3.323417656000000164, 1.376604667000000060 ) ) ;
#1641 = APPLICATION_CONTEXT ( 'automotive_design' ) ;
#1642 = CARTESIAN_POINT ( 'NONE',  ( -1.305911748999999400, 3.744391673142683175, -0.03815694862455656228 ) ) ;
#1643 = CARTESIAN_POINT ( 'NONE',  ( 7.600338246999998937, 4.000000000000000000, 0.000000000000000000 ) ) ;
#1644 = CARTESIAN_POINT ( 'NONE',  ( 6.975338248999999990, 3.323417656000000608, 1.376604667000000060 ) ) ;
#1645 = CARTESIAN_POINT ( 'NONE',  ( 7.912838246855702806, 0.000000000000000000, 3.999999999750072366 ) ) ;
#1646 = VECTOR ( 'NONE', #789, 1000.000000000000000 ) ;
#1647 = CARTESIAN_POINT ( 'NONE',  ( 4.006588248999999102, -1.376604667000000060, -3.323417656000000164 ) ) ;
#1648 = CARTESIAN_POINT ( 'NONE',  ( 6.975338251144427737, -2.828427124823113203, 2.828427124823113203 ) ) ;
#1649 = CARTESIAN_POINT ( 'NONE',  ( 0.6472132489999999905, 3.323417656000000164, 0.000000000000000000 ) ) ;
#1650 = EDGE_LOOP ( 'NONE', ( #1026 ) ) ;
#1651 = CARTESIAN_POINT ( 'NONE',  ( 19.69408825100000371, 0.000000000000000000, 0.000000000000000000 ) ) ;
#1652 = CARTESIAN_POINT ( 'NONE',  ( 5.881588246999998937, -2.828427124999999709, -2.828427124999999709 ) ) ;
#1653 = CARTESIAN_POINT ( 'NONE',  ( 8.303463249000001767, 2.350011160999999849, 2.350011160999999849 ) ) ;
#1654 = CARTESIAN_POINT ( 'NONE',  ( 3.537838246855705027, 0.000000000000000000, -3.999999999750072366 ) ) ;
#1655 = CARTESIAN_POINT ( 'NONE',  ( 3.069088248999999546, 3.323417656000000164, -1.376604667000000060 ) ) ;
#1656 = CARTESIAN_POINT ( 'NONE',  ( 3.225338251144428181, -2.828427124823113203, 2.828427124823113203 ) ) ;
#1657 = CARTESIAN_POINT ( 'NONE',  ( 6.037838248999999102, -1.376604667000000060, 3.323417656000000608 ) ) ;
#1658 = CARTESIAN_POINT ( 'NONE',  ( 2.287838249000000879, 3.323417656000000164, 1.376604667000000060 ) ) ;
#1659 = CARTESIAN_POINT ( 'NONE',  ( -0.7590367510000001205, -2.350011160999999849, -2.350011160999999849 ) ) ;
#1660 = CARTESIAN_POINT ( 'NONE',  ( 8.772213248999999990, 0.000000000000000000, 3.323417656000000164 ) ) ;
#1661 = PRESENTATION_LAYER_ASSIGNMENT (  '', '', ( #942 ) ) ;
#1662 = CARTESIAN_POINT ( 'NONE',  ( 5.725338246999999825, -4.000000000000000000, 0.000000000000000000 ) ) ;
#1663 = CARTESIAN_POINT ( 'NONE',  ( 7.600338248999998214, -3.323417656000000608, -1.376604667000000060 ) ) ;
#1664 = CARTESIAN_POINT ( 'NONE',  ( 2.444088246855704138, 2.828427124823273964, -2.828427124823273964 ) ) ;
#1665 = CARTESIAN_POINT ( 'NONE',  ( 2.287838249000000879, -1.376604667000000060, 3.323417656000000164 ) ) ;
#1666 = CARTESIAN_POINT ( 'NONE',  ( 4.397213251144425961, -1.656854248896382220, 3.999999999749844104 ) ) ;
#1667 = CARTESIAN_POINT ( 'NONE',  ( 6.506588248999998214, -1.376604667000000060, -3.323417656000000608 ) ) ;
#1668 = CARTESIAN_POINT ( 'NONE',  ( 1.897213249000000213, 0.000000000000000000, -3.323417656000000164 ) ) ;
#1669 = CARTESIAN_POINT ( 'NONE',  ( 0.3347132490000000460, -3.323417656000000164, 0.000000000000000000 ) ) ;
#1670 = CARTESIAN_POINT ( 'NONE',  ( 8.615963248999999990, 2.350011160999999849, 2.350011160999999849 ) ) ;
#1671 = CARTESIAN_POINT ( 'NONE',  ( 5.647213246999999825, -3.999999999999999112, 1.656854248999999779 ) ) ;
#1672 = CARTESIAN_POINT ( 'NONE',  ( 0.5690882510000000449, 0.000000000000000000, 4.000000000000000000 ) ) ;
#1673 = CARTESIAN_POINT ( 'NONE',  ( 4.553463246855702806, -3.999999999750071478, -1.656854248896476589 ) ) ;
#1674 = CARTESIAN_POINT ( 'NONE',  ( 0.7253382490000001015, 3.323417656000000164, 1.376604667000000060 ) ) ;
#1675 = VECTOR ( 'NONE', #140, 1000.000000000000000 ) ;
#1676 = CARTESIAN_POINT ( 'NONE',  ( 4.944088251144426849, 0.000000000000000000, -3.999999999749844992 ) ) ;
#1677 = CARTESIAN_POINT ( 'NONE',  ( 4.553463248999999990, 2.350011160999999849, 2.350011160999999849 ) ) ;
#1678 = CARTESIAN_POINT ( 'NONE',  ( 5.100338248999999102, -1.376604667000000060, 3.323417656000000164 ) ) ;
#1679 = CARTESIAN_POINT ( 'NONE',  ( 4.084713248999999102, -3.323417656000000164, 0.000000000000000000 ) ) ;
#1680 = CARTESIAN_POINT ( 'NONE',  ( 6.740963246999999825, -1.656854248999999779, 3.999999999999999112 ) ) ;
#1681 = CARTESIAN_POINT ( 'NONE',  ( -0.7590367490000000661, 1.656854248999999779, 3.999999999999999112 ) ) ;
#1682 = CARTESIAN_POINT ( 'NONE',  ( 2.834713246855703694, 1.656854248896476589, 3.999999999750071478 ) ) ;
#1683 = CARTESIAN_POINT ( 'NONE',  ( 2.131588248999999990, 1.376604667000000060, 3.323417656000000164 ) ) ;
#1684 = CARTESIAN_POINT ( 'NONE',  ( 3.147213251144427737, -1.656854248896382220, 3.999999999749844104 ) ) ;
#1685 = CARTESIAN_POINT ( 'NONE',  ( 3.694088248999999990, -3.323417656000000608, 1.376604667000000060 ) ) ;
#1686 = CARTESIAN_POINT ( 'NONE',  ( 3.147213249000000435, 0.000000000000000000, -3.323417656000000164 ) ) ;
#1687 = CARTESIAN_POINT ( 'NONE',  ( 1.115963248999999768, 2.350011160999999849, 2.350011160999999849 ) ) ;
#1688 = CARTESIAN_POINT ( 'NONE',  ( -0.2121617510000000095, 3.323417656000000608, 1.376604667000000060 ) ) ;
#1689 = PRODUCT ( 'Side Screw Inserts', 'Side Screw Inserts', '', ( #116 ) ) ;
#1690 = CARTESIAN_POINT ( 'NONE',  ( 1.506588250999999934, 4.000000000000000000, 0.000000000000000000 ) ) ;
#1691 = CARTESIAN_POINT ( 'NONE',  ( 1.350338246855704138, 3.999999999750072366, 0.000000000000000000 ) ) ;
#1692 = CARTESIAN_POINT ( 'NONE',  ( 0.3347132490000000460, 0.000000000000000000, -3.323417656000000164 ) ) ;
#1693 = CARTESIAN_POINT ( 'NONE',  ( 5.569088248999999990, 3.323417656000000608, -1.376604667000000060 ) ) ;
#1694 = CARTESIAN_POINT ( 'NONE',  ( 5.256588248999999102, -3.323417656000000164, 1.376604667000000060 ) ) ;
#1695 = CARTESIAN_POINT ( 'NONE',  ( -0.1340367510000000095, 2.350011160999999849, 2.350011160999999849 ) ) ;
#1696 = CARTESIAN_POINT ( 'NONE',  ( 1.037838248999999546, 3.323417656000000608, 1.376604667000000060 ) ) ;
#1697 = CARTESIAN_POINT ( 'NONE',  ( 3.069088251000000156, 0.000000000000000000, 4.000000000000000000 ) ) ;
#1698 = CARTESIAN_POINT ( 'NONE',  ( -0.2121617530000000085, 0.000000000000000000, -4.000000000000000000 ) ) ;
#1699 = CARTESIAN_POINT ( 'NONE',  ( -0.2121617510000000095, -1.376604667000000060, 3.323417656000000608 ) ) ;
#1700 = DIRECTION ( 'NONE',  ( -1.000000000000000000, -0.000000000000000000, -0.000000000000000000 ) ) ;
#1701 = CARTESIAN_POINT ( 'NONE',  ( 0.3347132490000000460, -3.323417656000000164, 0.000000000000000000 ) ) ;
#1702 = CARTESIAN_POINT ( 'NONE',  ( 9.006588248999999990, -3.323417656000000608, 1.376604667000000060 ) ) ;
#1703 = VERTEX_POINT ( 'NONE', #508 ) ;
#1704 = CARTESIAN_POINT ( 'NONE',  ( -1.696536751000000010, 2.350011160999999849, -2.350011160999999849 ) ) ;
#1705 = CARTESIAN_POINT ( 'NONE',  ( 1.584713251000000156, 3.999999999999999112, 1.656854248999999779 ) ) ;
#1706 = CARTESIAN_POINT ( 'NONE',  ( -1.149661753144295639, 3.999999999750072366, 0.000000000000000000 ) ) ;
#1707 = CARTESIAN_POINT ( 'NONE',  ( 0.5690882489999999905, 3.323417656000000608, -1.376604667000000060 ) ) ;
#1708 = CARTESIAN_POINT ( 'NONE',  ( -1.305911748999998734, -0.4393807956897097799, 3.301424438038131459 ) ) ;
#1709 = CARTESIAN_POINT ( 'NONE',  ( -0.2121617510000000095, 3.323417656000000164, 1.376604667000000060 ) ) ;
#1710 = CARTESIAN_POINT ( 'NONE',  ( 8.694088248999999990, 1.376604667000000060, 3.323417656000000608 ) ) ;
#1711 = VERTEX_POINT ( 'NONE', #1056 ) ;
#1712 = CARTESIAN_POINT ( 'NONE',  ( 0.9597132489999999905, 3.323417656000000164, 0.000000000000000000 ) ) ;
#1713 = DIRECTION ( 'NONE',  ( 0.000000000000000000, 0.000000000000000000, -1.000000000000000000 ) ) ;
#1714 = CARTESIAN_POINT ( 'NONE',  ( 5.412838250999999268, 2.828427124999999709, 2.828427124999999709 ) ) ;
#1715 = CARTESIAN_POINT ( 'NONE',  ( -0.2902867531442958060, -1.656854248896476589, -3.999999999750071478 ) ) ;
#1716 = AXIS2_PLACEMENT_3D ( 'NONE', #933, #664, #529 ) ;
#1717 = CARTESIAN_POINT ( 'NONE',  ( -0.6027867510000000095, 3.323417656000000164, 0.000000000000000000 ) ) ;
#1718 = CARTESIAN_POINT ( 'NONE',  ( -1.305911748999999178, -2.986426894964419709, 1.474636543290039237 ) ) ;
#1719 = B_SPLINE_CURVE_WITH_KNOTS ( 'NONE', 3,
 ( #824, #1226, #1389, #1233, #817, #1089, #285, #1642, #1531, #833, #267, #563, #1362, #131, #27, #1097, #680, #1243, #409, #150, #707 ),
 .UNSPECIFIED., .F., .F.,
 ( 4, 2, 2, 2, 2, 2, 1, 2, 2, 2, 4 ),
 ( 3.018073234237997941E-13, 0.0008976716252256268644, 0.001795343250149447406, 0.002693014875073266971, 0.003590686499997086320, 0.004039522312458996428, 0.004488358124920905669, 0.004937193937382815777, 0.005386029749844725885, 0.006283701374768545234, 0.007181372999692367184 ),
 .UNSPECIFIED. ) ;
#1720 = CARTESIAN_POINT ( 'NONE',  ( 0.8815882489999997684, 3.323417656000000164, -1.376604667000000060 ) ) ;
#1721 = CARTESIAN_POINT ( 'NONE',  ( 7.756588248999999102, -3.323417656000000608, 1.376604667000000060 ) ) ;
#1722 = ORIENTED_EDGE ( 'NONE', *, *, #927, .F. ) ;
#1723 = CARTESIAN_POINT ( 'NONE',  ( 2.444088248999999546, 1.376604667000000060, 3.323417656000000608 ) ) ;
#1724 =( BOUNDED_CURVE ( )  B_SPLINE_CURVE ( 2, ( #542, #254, #534, #1318, #1637, #379, #1620, #1358, #1758, #1071, #370, #804, #397, #1599, #649, #1778, #928, #1347, #1051, #1491, #245, #640, #1183, #1194, #1222, #406, #668, #388, #955, #1747, #947, #1213, #1499, #273, #91, #513, #916, #937, #1463, #1769, #1062, #235, #1737, #784, #1328, #101, #1338, #1609, #263, #1204, #523, #980, #586, #1508, #300, #1374, #32, #692, #852, #1093, #1544, #558, #1535, #1238, #413, #1647, #13, #422, #990, #165, #309, #1102, #1401, #174, #1129, #719, #684, #1655, #1266, #1258, #1248, #1383, #1525, #40, #431, #971, #449, #1665, #963, #1683, #22, #1516, #998, #289, #281, #829, #155, #702, #1366, #577, #136, #1230, #441, #5, #1121, #567, #145, #1674, #1112, #843, #1594, #107, #1441, #213, #355, #1297, #902, #481, #779, #769, #1314, #1752, #222, #86, #911, #1306, #230, #1322, #759, #77, #69, #96, #365, #1742, #1189 ),
 .UNSPECIFIED., .F., .F. ) 
 B_SPLINE_CURVE_WITH_KNOTS ( ( 3, 2, 2, 2, 2, 2, 2, 2, 2, 2, 2, 2, 2, 2, 2, 2, 2, 2, 2, 2, 2, 2, 2, 2, 2, 2, 2, 2, 2, 2, 2, 2, 2, 2, 2, 2, 2, 2, 2, 2, 2, 2, 2, 2, 2, 2, 2, 2, 2, 2, 2, 2, 2, 2, 2, 2, 2, 2, 2, 2, 2, 2, 2, 2, 2, 2, 2, 3 ),
 ( 0.07084722236905409420, 0.08473611125794315579, 0.09862500014683221738, 0.1125138890357210569, 0.1264027779246100214, 0.1402916668134980838, 0.1541805557023871454, 0.1680694445912760959, 0.1819583334801649355, 0.1958472223690539971, 0.2097361112579430586, 0.2236250001468321202, 0.2375138890357210708, 0.2514027779246100214, 0.2652916668134980838, 0.2791805557023871454, 0.2930694445912760959, 0.3069583334801649355, 0.3208472223690539971, 0.3347361112579430586, 0.3486250001468321202, 0.3625138890357210708, 0.3764027779246099104, 0.3902916668134979727, 0.4041805557023870343, 0.4180694445912759849, 0.4319583334801649355, 0.4458472223690539971, 0.4597361112579430586, 0.4736250001468321202, 0.4875138890357210708, 0.5014027779246099659, 0.5152916668134980283, 0.5291805557023870898, 0.5430694445912760404, 0.5569583334801649910, 0.5708472223690540526, 0.5847361112579431142, 0.5986250001468319537, 0.6125138890357210153, 0.6264027779246099659, 0.6402916668134980283, 0.6541805557023870898, 0.6680694445912759294, 0.6819583334801648800, 0.6958472223690540526, 0.7097361112579431142, 0.7236250001468319537, 0.7375138890357210153, 0.7514027779246099659, 0.7652916668134980283, 0.7791805557023869788, 0.7930694445912759294, 0.8069583334801649910, 0.8208472223690540526, 0.8347361112579430031, 0.8486250001468319537, 0.8625138890357210153, 0.8764027779246099659, 0.8902916668134980283, 0.9041805557023870898, 0.9180694445912760404, 0.9319583334801651020, 0.9458472223690540526, 0.9597361112579430031, 0.9736250001468318427, 0.9875138890357207933, 0.9944583333640089062 ),
 .UNSPECIFIED. ) 
 CURVE ( )  GEOMETRIC_REPRESENTATION_ITEM ( )  RATIONAL_B_SPLINE_CURVE ( ( 1.000000000000000000, 0.9238795325112871826, 1.000000000000000000, 0.9238795325112871826, 1.000000000000000000, 0.9238795325112871826, 1.000000000000000000, 0.9238795325112871826, 1.000000000000000000, 0.9238795325112871826, 1.000000000000000000, 0.9238795325112871826, 1.000000000000000000, 0.9238795325112871826, 1.000000000000000000, 0.9238795325112871826, 1.000000000000000000, 0.9238795325112871826, 1.000000000000000000, 0.9238795325112871826, 1.000000000000000000, 0.9238795325112871826, 1.000000000000000000, 0.9238795325112871826, 1.000000000000000000, 0.9238795325112871826, 1.000000000000000000, 0.9238795325112871826, 1.000000000000000000, 0.9238795325112871826, 1.000000000000000000, 0.9238795325112871826, 1.000000000000000000, 0.9238795325112871826, 1.000000000000000000, 0.9238795325112871826, 1.000000000000000000, 0.9238795325112871826, 1.000000000000000000, 0.9238795325112871826, 1.000000000000000000, 0.9238795325112871826, 1.000000000000000000, 0.9238795325112871826, 1.000000000000000000, 0.9238795325112871826, 1.000000000000000000, 0.9238795325112871826, 1.000000000000000000, 0.9238795325112871826, 1.000000000000000000, 0.9238795325112871826, 1.000000000000000000, 0.9238795325112871826, 1.000000000000000000, 0.9238795325112871826, 1.000000000000000000, 0.9238795325112871826, 1.000000000000000000, 0.9238795325112871826, 1.000000000000000000, 0.9238795325112871826, 1.000000000000000000, 0.9238795325112871826, 1.000000000000000000, 0.9238795325112871826, 1.000000000000000000, 0.9238795325112871826, 1.000000000000000000, 0.9238795325112871826, 1.000000000000000000, 0.9238795325112871826, 1.000000000000000000, 0.9238795325112871826, 1.000000000000000000, 0.9238795325112871826, 1.000000000000000000, 0.9238795325112871826, 1.000000000000000000, 0.9238795325112871826, 1.000000000000000000, 0.9238795325112871826, 1.000000000000000000, 0.9238795325112871826, 1.000000000000000000, 0.9238795325112871826, 1.000000000000000000, 0.9238795325112871826, 1.000000000000000000, 0.9238795325112871826, 1.000000000000000000, 0.9238795325112871826, 1.000000000000000000, 0.9238795325112871826, 1.000000000000000000, 0.9238795325112871826, 1.000000000000000000, 0.9238795325112871826, 1.000000000000000000, 0.9238795325112871826, 1.000000000000000000, 0.9238795325112871826, 1.000000000000000000, 0.9238795325112871826, 1.000000000000000000, 0.9238795325112871826, 1.000000000000000000, 0.9238795325112871826, 1.000000000000000000, 0.9238795325112871826, 1.000000000000000000, 0.9238795325112871826, 1.000000000000000000, 0.9238795325112871826, 1.000000000000000000, 0.9238795325112871826, 1.000000000000000000, 0.9238795325112871826, 1.000000000000000000, 0.9238795325112871826, 1.000000000000000000, 0.9238795325112871826, 1.000000000000000000, 0.9238795325112871826, 1.000000000000000000, 0.9238795325112871826, 1.000000000000000000, 0.9238795325112871826, 1.000000000000000000, 0.9238795325112871826, 1.000000000000000000, 0.9238795325112871826, 1.000000000000000000, 0.9619397668922580191, 0.9619397662556432582 ) ) 
 REPRESENTATION_ITEM ( '' )  );
#1725 = VERTEX_POINT ( 'NONE', #1199 ) ;
#1726 = CARTESIAN_POINT ( 'NONE',  ( 3.381588251000000156, -4.000000000000000000, 0.000000000000000000 ) ) ;
#1727 = DIRECTION ( 'NONE',  ( 1.000000000000000000, -0.000000000000000000, -0.000000000000000000 ) ) ;
#1728 = CARTESIAN_POINT ( 'NONE',  ( 7.600338251144425961, 2.828427124823113203, -2.828427124823113203 ) ) ;
#1729 = CARTESIAN_POINT ( 'NONE',  ( -1.305911748999998956, -3.215831063185056404, 1.004849310591509282 ) ) ;
#1730 = ADVANCED_FACE ( 'NONE', ( #1046 ), #1604, .F. ) ;
#1731 = CARTESIAN_POINT ( 'NONE',  ( 8.772213248999999990, 0.000000000000000000, 3.323417656000000164 ) ) ;
#1732 = ORIENTED_EDGE ( 'NONE', *, *, #1033, .F. ) ;
#1733 = CARTESIAN_POINT ( 'NONE',  ( 4.397213248999999102, 0.000000000000000000, -3.323417656000000164 ) ) ;
#1734 = CARTESIAN_POINT ( 'NONE',  ( 8.459713251000003709, -3.999999999999999112, -1.656854248999999779 ) ) ;
#1735 = CARTESIAN_POINT ( 'NONE',  ( 3.381588247000000269, -2.828427124999999709, -2.828427124999999709 ) ) ;
#1736 = CARTESIAN_POINT ( 'NONE',  ( 5.803463248999999990, 2.350011160999999849, 2.350011160999999849 ) ) ;
#1737 = CARTESIAN_POINT ( 'NONE',  ( 5.803463248999999990, 2.350011160999999849, 2.350011160999999849 ) ) ;
#1738 = FACE_OUTER_BOUND ( 'NONE', #75, .T. ) ;
#1739 = CARTESIAN_POINT ( 'NONE',  ( 6.194088248999997326, 1.376604667000000060, 3.323417656000000608 ) ) ;
#1740 = ORIENTED_EDGE ( 'NONE', *, *, #1560, .F. ) ;
#1741 = CARTESIAN_POINT ( 'NONE',  ( 4.631588248999999102, 3.323417656000000608, -1.376604667000000060 ) ) ;
#1742 = CARTESIAN_POINT ( 'NONE',  ( -1.265303698170415325, -3.323417656000000164, 0.6610688625653138306 ) ) ;
#1743 = CARTESIAN_POINT ( 'NONE',  ( 8.069088251000001932, 0.000000000000000000, 4.000000000000000000 ) ) ;
#1744 = CARTESIAN_POINT ( 'NONE',  ( 2.287838247000000713, 0.000000000000000000, -4.000000000000000000 ) ) ;
#1745 = CARTESIAN_POINT ( 'NONE',  ( 2.131588249000000435, 1.376604667000000060, 3.323417656000000608 ) ) ;
#1746 = CARTESIAN_POINT ( 'NONE',  ( 8.694088246855702806, 2.828427124823273964, -2.828427124823273964 ) ) ;
#1747 = CARTESIAN_POINT ( 'NONE',  ( 6.819088248999997326, 3.323417656000000164, -1.376604667000000060 ) ) ;
#1748 = CARTESIAN_POINT ( 'NONE',  ( -1.305911749310641579, -7.408419715469908501E-09, -4.000000000000000888 ) ) ;
#1749 = CARTESIAN_POINT ( 'NONE',  ( 3.381588248999999102, 1.376604667000000060, 3.323417656000000608 ) ) ;
#1750 = CARTESIAN_POINT ( 'NONE',  ( 9.240963248999998214, -2.350011160999999849, -2.350011160999999849 ) ) ;
#1751 = CARTESIAN_POINT ( 'NONE',  ( 5.881588248999999990, 3.323417656000000608, -1.376604667000000060 ) ) ;
#1752 = CARTESIAN_POINT ( 'NONE',  ( -0.3684117510000000650, 1.376604667000000060, 3.323417656000000164 ) ) ;
#1753 = DIRECTION ( 'NONE',  ( -1.000000000000000000, 0.000000000000000000, 0.000000000000000000 ) ) ;
#1754 = CARTESIAN_POINT ( 'NONE',  ( 2.600338247000001157, 4.000000000000000000, 0.000000000000000000 ) ) ;
#1755 = EDGE_CURVE ( 'NONE', #920, #1096, #240, .T. ) ;
#1756 = CARTESIAN_POINT ( 'NONE',  ( 4.865963248999999102, -2.350011160999999849, 2.350011160999999849 ) ) ;
#1757 = CARTESIAN_POINT ( 'NONE',  ( 5.569088246855703694, -2.828427124823273964, 2.828427124823273964 ) ) ;
#1758 = CARTESIAN_POINT ( 'NONE',  ( 8.459713249000001767, 0.000000000000000000, 3.323417656000000164 ) ) ;
#1759 = CARTESIAN_POINT ( 'NONE',  ( -0.5246617488555727071, -2.828427124823113203, 2.828427124823113203 ) ) ;
#1760 = CARTESIAN_POINT ( 'NONE',  ( 0.3347132490000000460, 0.000000000000000000, -3.323417656000000164 ) ) ;
#1761 = CARTESIAN_POINT ( 'NONE',  ( 9.162838249000003543, -3.323417656000000164, -1.376604667000000060 ) ) ;
#1762 = CARTESIAN_POINT ( 'NONE',  ( 6.819088248999998214, -1.376604667000000060, -3.323417656000000608 ) ) ;
#1763 = AXIS2_PLACEMENT_3D ( 'NONE', #1445, #1562, #611 ) ;
#1764 = CARTESIAN_POINT ( 'NONE',  ( 8.615963250999998380, -1.656854248999999779, -3.999999999999999112 ) ) ;
#1765 = CARTESIAN_POINT ( 'NONE',  ( 0.1784632470000000470, 3.999999999999999112, 1.656854248999999779 ) ) ;
#1766 = CARTESIAN_POINT ( 'NONE',  ( 3.459713248999999990, 0.000000000000000000, 3.323417656000000164 ) ) ;
#1767 = CARTESIAN_POINT ( 'NONE',  ( 9.240963246855701030, -1.656854248896476589, 3.999999999750071478 ) ) ;
#1768 = PRODUCT_RELATED_PRODUCT_CATEGORY ( 'part', '', ( #1689 ) ) ;
#1769 = CARTESIAN_POINT ( 'NONE',  ( 6.037838248999999102, -1.376604667000000060, 3.323417656000000164 ) ) ;
#1770 = CARTESIAN_POINT ( 'NONE',  ( 2.209713251144427737, -3.999999999749844104, -1.656854248896382220 ) ) ;
#1771 = CARTESIAN_POINT ( 'NONE',  ( 2.912838248999999546, 1.376604667000000060, -3.323417656000000608 ) ) ;
#1772 = CARTESIAN_POINT ( 'NONE',  ( 6.740963248999999990, -2.350011160999999849, -2.350011160999999849 ) ) ;
#1773 = CARTESIAN_POINT ( 'NONE',  ( 5.022213248999999990, 0.000000000000000000, 3.323417656000000164 ) ) ;
#1774 = APPLICATION_PROTOCOL_DEFINITION ( 'draft international standard', 'automotive_design', 1998, #1641 ) ;
#1775 = CARTESIAN_POINT ( 'NONE',  ( 0.4909632469999999360, -1.656854248999999779, 3.999999999999999112 ) ) ;
#1776 = CARTESIAN_POINT ( 'NONE',  ( 1.819088249000000213, 3.323417656000000608, -1.376604667000000060 ) ) ;
#1777 = CARTESIAN_POINT ( 'NONE',  ( 6.350338246855702806, 3.999999999750072366, 0.000000000000000000 ) ) ;
#1778 = CARTESIAN_POINT ( 'NONE',  ( 7.912838248999999990, 1.376604667000000060, -3.323417656000000164 ) ) ;
#1779 = CARTESIAN_POINT ( 'NONE',  ( -0.4465367488555727071, -3.999999999749844104, 1.656854248896382220 ) ) ;
#1780 = CARTESIAN_POINT ( 'NONE',  ( 1.194088248999999990, -3.323417656000000608, 1.376604667000000060 ) ) ;
#1781 = CARTESIAN_POINT ( 'NONE',  ( 7.834713248999999102, -3.323417656000000164, 0.000000000000000000 ) ) ;
#1782 = CARTESIAN_POINT ( 'NONE',  ( 8.928463248999999990, -2.350011160999999849, 2.350011160999999849 ) ) ;
ENDSEC;
END-ISO-10303-21;
